ORIGEN	NRO	ANIO	TIPO	CARATULA	DAE	MESA	AUTOR	COM1	COM2	COM3	COM4	COM5
S	2199	2025	PL	FERNANDEZ SAGASTI Y OTROS: PROYECTO DE LEY DE EVALUACION ESTRATEGICA AMBIENTAL Y PROTECCION PRODUCTIVA EN EL MARCO DEL ACUERDO MERCOSUR- UNION EUROPEA.	111 18/03/2026 -	25/02/2026 -	FERNÁNDEZ SAGASTI, ANABEL - CAPITANICH, JORGE MILTON - SORIA, MARTIN IGNACIO - KIRCHNER, ALICIA MARGARITA ANTONIA - LÓPEZ, MARÍA FLORENCIA - SALINO, FERNANDO ALDO - GONZÁLEZ, MARÍA TERESA MARGARITA - DI TULLIO, JULIANA - LINARES, CARLOS ALBERTO - MAYANS, JOSÉ MIGUEL ÁNGEL - MARKS, ANA INÉS - REJAL, JESÚS FERNANDO - LÓPEZ, CÁNDIDA CRISTINA -	DE RELACIONES EXTERIORES Y CULTO	DE ECONOMÍAS REGIONALES, ECONOMÍA SOCIAL, MICRO, PEQUEÑA Y MEDIANA EMPRESA	DE PRESUPUESTO Y HACIENDA		
S	2198	2025	PL	FERNÁNDEZ SAGASTI Y OTROS: PROYECTO DE LEY DE MESA NACIONAL DE ADECUACION Y DESARROLLO PRODUCTIVO PYME EN EL MARCO DEL ACUERDO MERCOSUR-UE.	111 18/03/2026 -	25/02/2026 -	FERNÁNDEZ SAGASTI, ANABEL - MARKS, ANA INÉS - CAPITANICH, JORGE MILTON - SORIA, MARTIN IGNACIO - GONZÁLEZ, MARÍA TERESA MARGARITA - LINARES, CARLOS ALBERTO - KIRCHNER, ALICIA MARGARITA ANTONIA - DI TULLIO, JULIANA - LÓPEZ, MARÍA FLORENCIA - SALINO, FERNANDO ALDO - MAYANS, JOSÉ MIGUEL ÁNGEL - REJAL, JESÚS FERNANDO -	DE RELACIONES EXTERIORES Y CULTO	DE ECONOMÍAS REGIONALES, ECONOMÍA SOCIAL, MICRO, PEQUEÑA Y MEDIANA EMPRESA	DE PRESUPUESTO Y HACIENDA		
S	2197	2025	PL	FERNÁNDEZ SAGASTI: PROYECTO DE LEY DE CREACIÓN DEL PROGRAMA B.A.R.R.I.O. - PROGRAMA DE BIENESTAR Y ACOMPAÑAMIENTO DE REDES RESPONSABLES, INTEGRADAS Y ORGANIZADAS.	111 18/03/2026 -	25/02/2026 -	FERNÁNDEZ SAGASTI, ANABEL -	DE DEPORTE	DE EDUCACIÓN Y CULTURA	DE PRESUPUESTO Y HACIENDA		
S	2196	2025	PL	FERNANDEZ SAGASTI: PROYECTO DE LEY DE EMERGENCIA EN TRAYECTORIAS EDUCATIVAS Y ABORDAJE INTEGRAL JUVENIL.	111 18/03/2026 -	25/02/2026 -	FERNÁNDEZ SAGASTI, ANABEL -	DE EDUCACIÓN Y CULTURA	DE SALUD	DE PRESUPUESTO Y HACIENDA		
S	2194	2025	PL	OLIVERA LUCERO: PROYECTO DE LEY QUE MODIFICA EL ART. 46 DE SU SIMILAR 17418 - SEGUROS-, RESPECTO AL PLAZO PARA LA COMUNICACION DEL SINIESTRO	111 18/03/2026 -	25/02/2026 -	OLIVERA LUCERO, BRUNO ANTONIO -	DE LEGISLACIÓN GENERAL				
S	2193	2025	PL	"OLIVERA LUCERO: PROYECTO DE LEY QUE INCORPORA EL INC. ""E"" AL ART. 7 DE SU SIMILAR 27.130 - PREVENCION DEL SUICIDIO- RESPECTO DE REDUCIR LA TASA DE SUICIDIOS EN LOS ESCENARIOS PENITENCIARIOS."	111 18/03/2026 -	25/02/2026 -	OLIVERA LUCERO, BRUNO ANTONIO -	DE SALUD	DE JUSTICIA Y ASUNTOS PENALES			
S	2171	2025	PL	BAHL Y GONZÁLEZ: PROYECTO DE LEY QUE DECLARA LA EMERGENCIA VIAL EN LA PROV. DE ENTRE RIOS POR EL PLAZO DE VEINTICUATRO (24) MESES.	110 18/03/2026 -	12/02/2026 -	GONZÁLEZ, MARÍA TERESA MARGARITA - BAHL, ADÁN HUMBERTO - SORIA, MARTIN IGNACIO -	DE INFRAESTRUCTURA, VIVIENDA Y TRANSPORTE	DE PRESUPUESTO Y HACIENDA			
S	2165	2025	PL	KIRCHNER: PROYECTO DE LEY QUE DECLARA LA EMERGENCIA VIAL EN LA PROV. DE SANTA CRUZ POR EL PLAZO DE DOS (2) AÑOS PRORROGABLE A UN PERIODO DE IGUAL TERMINO.	110 18/03/2026 -	11/02/2026 -	KIRCHNER, ALICIA MARGARITA ANTONIA -	DE INFRAESTRUCTURA, VIVIENDA Y TRANSPORTE	DE PRESUPUESTO Y HACIENDA			
S	2156	2025	PL	MARKS Y OTROS: PROYECTO DE LEY QUE ESTABLECE EL REGIMEN PREVISIONAL DIFERENCIAL PARA LAS Y LOS TRABAJADORES COMBATIENTES DE INCENDIOS FORESTALES O RURALES.	109 18/03/2026 -	03/02/2026 -	MARKS, ANA INÉS - SORIA, MARTIN IGNACIO - GONZÁLEZ, MARÍA TERESA MARGARITA - LÓPEZ, CÁNDIDA CRISTINA - BAHL, ADÁN HUMBERTO -	DE TRABAJO Y PREVISIÓN SOCIAL	DE PRESUPUESTO Y HACIENDA			
S	2146	2025	PL	CAPITANICH U OTROS: PROYECTO DE LEY QUE DECLARA LA EMERGENCIA VIAL EN LA PROV. DEL CHACO, POR EL PLAZO DE VEINTICUATRO (24) MESES.	109 18/03/2026 -	29/01/2026 -	CAPITANICH, JORGE MILTON - SORIA, MARTIN IGNACIO - LÓPEZ, CÁNDIDA CRISTINA - GONZÁLEZ, MARÍA TERESA MARGARITA -	DE INFRAESTRUCTURA, VIVIENDA Y TRANSPORTE	DE PRESUPUESTO Y HACIENDA			
S	2144	2025	PL	GADANO Y OTROS: PROYECTO DE LEY QUE DECLARA LA EMERGENCIA IGNEA EN LAS PROV. DE SANTA CRUZ, CHUBUT, NEUQUEN, RIO NEGRO Y LA PAMPA, POR EL PLAZO DE UN (1) AÑO.	109 18/03/2026 -	29/01/2026 -	ESPÍNOLA, CARLOS MAURICIO - CRISTINA, ANDREA MARCELA - GADANO, NATALIA ELENA - CARAMBIA, JOSÉ MARÍA - TERENZI, EDITH ELIZABETH - KRONEBERGER, DANIEL RICARDO -	DE PRESUPUESTO Y HACIENDA				
S	2135	2025	PL	LINARES Y OTROS: PROYECTO DE LEY QUE DECLARA ZONA DE DESASTRE Y DE EMERGENCIA GEOLOGICA, SOCIAL, URBANISTICA Y ECONOMICA, POR EL PLAZO DE (180) DIAS, A LA CIUDAD DE COMODORO RIVADAVIA, PROV. DEL CHUBUT.	108 18/03/2026 -	19/01/2026 -	MARKS, ANA INÉS - LINARES, CARLOS ALBERTO - GONZÁLEZ, MARÍA TERESA MARGARITA - TERENZI, EDITH ELIZABETH - LÓPEZ, CÁNDIDA CRISTINA - CAPITANICH, JORGE MILTON - SORIA, MARTIN IGNACIO -	DE PRESUPUESTO Y HACIENDA				
S	2131	2025	PL	CAPITANICH: PROYECTO DE LEY QUE DECLARA LA EMERGENCIA AMBIENTAL, ECONOMICA Y HABITACIONAL POR (180) DIAS, PRORROGABLE POR IGUAL PERIODO, EN LA PROV. DEL CHACO.	108 18/03/2026 -	09/01/2026 -	CAPITANICH, JORGE MILTON -	DE PRESUPUESTO Y HACIENDA				
S	2129	2025	PL	SORIA Y OTROS: PROYECTO DE LEY QUE DECLARA LA EMERGENCIA AMBIENTAL, ECONOMICA Y HABITACIONAL POR EL TERMINO DE (180) DIAS, PRORROGABLES POR IGUAL PLAZO EN ZONAS AFECTADAS POR LOS INCENDIOS Y EL RIESGO IGNEO EXTREMO VIGENTE EN LAS PROV. DE RIO NEGRO, CHUBUT, NEUQUEN Y SANTA CRUZ.	108 18/03/2026 -	06/01/2026 -	SORIA, MARTIN IGNACIO - LÓPEZ, CÁNDIDA CRISTINA - DE PEDRO, EDUARDO ENRIQUE - CAPITANICH, JORGE MILTON - MARKS, ANA INÉS - GONZÁLEZ, MARÍA TERESA MARGARITA - NEDER, JOSÉ EMILIO - KIRCHNER, ALICIA MARGARITA ANTONIA - LINARES, CARLOS ALBERTO - LÓPEZ, MARÍA FLORENCIA - BAHL, ADÁN HUMBERTO -	DE PRESUPUESTO Y HACIENDA				
S	2128	2025	PL	CAPITANICH Y OTROS: PROYECTO DE LEY QUE DEROGA LOS DNU N° 614/24, 615/24 Y 941/25.	107 18/03/2026 -	06/01/2026 -	CAPITANICH, JORGE MILTON - KIRCHNER, ALICIA MARGARITA ANTONIA - DE PEDRO, EDUARDO ENRIQUE - GIMÉNEZ NAVARRO, MARÍA CELESTE - LÓPEZ, CÁNDIDA CRISTINA - SORIA, MARTIN IGNACIO - LEWANDOWSKI, MARCELO NÉSTOR - GONZÁLEZ, MARÍA TERESA MARGARITA - LINARES, CARLOS ALBERTO - LÓPEZ, MARÍA FLORENCIA - MARKS, ANA INÉS -	DE ASUNTOS CONSTITUCIONALES	DE SEGURIDAD INTERIOR Y NARCOTRÁFICO			
S	2124	2025	PL	CORROZA: PROYECTO DE LEY SOBRE FICHA LIMPIA.	107 18/03/2026 -	30/12/2025 -	CORROZA, JULIETA -	DE ASUNTOS CONSTITUCIONALES				
S	2117	2025	PL	KIRCHNER: PROYECTO DE LEY QUE DEROGA LA RESOLUCION Nº 61/25 DE LA ADM. DE PARQUES NACIONALES (APN) Y SU MODIFICATORIA, POR LA CUAL SE SUSTITUYO EL ANTERIOR REGLAMENTO DE GUIAS DE LAS AREAS PROTEGIDAS NACIONALES.	107 18/03/2026 -	26/12/2025 -	KIRCHNER, ALICIA MARGARITA ANTONIA -	DE AMBIENTE Y DESARROLLO SUSTENTABLE	DE ASUNTOS CONSTITUCIONALES			
S	2107	2025	PR	RECALDE Y DI TULLIO: PROYECTO DE RESOLUCION SOLICITA SE ABSTENGA DE CONTINUAR CON LOS PROCESOS LICITATORIOS EN CURSO DE LOS ACTIVOS SUJETOS A PRIVATIZACION DE LAS EMPRESAS Y SOCIEDADES PROPIEDAD DEL ESTADO NACIONAL.	107 18/03/2026 -	19/12/2025 -	DI TULLIO, JULIANA - RECALDE, MARIANO -	DE ASUNTOS CONSTITUCIONALES	DE LEGISLACIÓN GENERAL			
S	2089	2025	PL	"ZAMORA: PROYECTO DE LEY QUE CREA EL ""RÉGIMEN TARIFARIO ESPECIAL Y TRANSITORIO PARA EL CONSUMO DE ENERGÍA ELECTRICA EN EL NORTE GRANDE ARGENTINO""."	104 18/03/2026 -	16/12/2025 -	ZAMORA, GERARDO -	DE MINERÍA, ENERGÍA Y COMBUSTIBLES	DE PRESUPUESTO Y HACIENDA			
S	2072	2025	PL	ATAUCHE: PROYECTO DE LEY QUE REGULA LA JURA EN EL PODER LEGISLATIVO NACIONAL.	104 18/03/2026 -	11/12/2025 -	ATAUCHE, EZEQUIEL -	DE ASUNTOS CONSTITUCIONALES				
S	2059	2025	PL	AVILA: PROYECTO DE LEY QUE ESTABLECE LA HISTORIA CLINICA ELECTRÓNICA INTEROPERABLE (HCEI) COMO SISTEMA UNIFICADO DE REGISTRO, ALMACENAMIENTO Y ACCESO A LA INFORMACION CLINICA DE LOS PACIENTES.	103 18/03/2026 -	09/12/2025 -	AVILA, BEATRIZ LUISA -	DE LEGISLACIÓN GENERAL	DE SALUD			
S	2056	2025	PL	LINARES: PROYECTO DE LEY DE REGULACION DE LA TECNICA DE GESTACION SOLIDARIA.	103 18/03/2026 -	05/12/2025 -	LINARES, CARLOS ALBERTO -	DE LEGISLACIÓN GENERAL	DE SALUD	DE TRABAJO Y PREVISIÓN SOCIAL		
S	2054	2025	PL	CARAMBIA Y AVILA: PROYECTO DE LEY QUE CREA EL PLAN NACIONAL DE ATENCIÓN INTEGRAL DE LA SALUD MENTAL INFANTO-JUVENIL EN EL MARCO DE LA LEY 26.657 Y SU DECRETO REGLAMENTARIO 603/13 Y LA LEY 26.061.	103 18/03/2026 -	04/12/2025 -	CARAMBIA, JOSÉ MARÍA - AVILA, BEATRIZ LUISA -	DE SALUD	DE PRESUPUESTO Y HACIENDA	DE POBLACIÓN Y DESARROLLO  HUMANO		
S	2052	2025	PL	ROMERO: PROYECTO DE LEY QUE ESTABLECE EL REGIMEN LEGAL DEL EJERCICIO PROFESIONAL DE LA PELUQUERIA, ESTILISMO Y ESTETICA CAPILAR.	103 18/03/2026 -	04/12/2025 -	ROMERO, JUAN CARLOS -	DE LEGISLACIÓN GENERAL				
S	2045	2025	PL	FAMA Y OTROS: PROYECTO DE LEY QUE MODIFICA SU SIMILAR 14.771-YACIMIENTOS MINEROS DE AGUA DE DIONISIO (YMAD) - SOBRE LA INTEGRACION DEL DIRECTORIO, LA DISTRIBUCION DE LAS UTILIDADES Y SU FINANCIAMIENTO.	103 18/03/2026 -	02/12/2025 -	FAMA, FLAVIO SERGIO - ABAD, MAXIMILIANO - BLANCO, PABLO DANIEL - KRONEBERGER, DANIEL RICARDO - OLALLA, STELLA MARIS -	DE MINERÍA, ENERGÍA Y COMBUSTIBLES	DE PRESUPUESTO Y HACIENDA			
S	2044	2025	PL	ANDRADA Y OTROS: PROYECTO DE LEY QUE CREA UN REGIMEN DE INCENTIVOS PARA INVERSIONES EN CONSTRUCCION, MEDIANTE LA EXTERIORIZACION VOLUNTARIA DE TENENCIA DE MONEDA EXTRANJERA O NACIONAL NO DECLARADA.	103 18/03/2026 -	02/12/2025 -	MENDOZA, SANDRA MARIELA - ANDRADA, GUILLERMO EDUARDO - REJAL, JESÚS FERNANDO - MOISES, MARÍA CAROLINA - SALINO, FERNANDO ALDO -	DE PRESUPUESTO Y HACIENDA	DE INFRAESTRUCTURA, VIVIENDA Y TRANSPORTE			
S	2036	2025	PL	OLIVERA LUCERO: PROYECTO DE LEY QUE CREA EL REGISTRO UNICO NACIONAL DE PERSONAS INHIBIDAS (RUNPI).	102 18/03/2026 -	28/11/2025 -	OLIVERA LUCERO, BRUNO ANTONIO -	DE LEGISLACIÓN GENERAL				
S	2035	2025	PL	AVILA: PROYECTO DE LEY QUE MODIFICA SU SIMILAR 24.270 - IMPEDIMENTO DE CONTACTO - RESPECTO A LA EXTENSION A AQUELLOS A LOS QUE EL ORDENAMIENTO LEGAL LES OTORGUE DERECHO A VISITAS	102 18/03/2026 -	28/11/2025 -	AVILA, BEATRIZ LUISA -	DE JUSTICIA Y ASUNTOS PENALES				
S	2034	2025	PL	AVILA: PROYECTO DE LEY DE ACCESIBILIDAD COMUNICACIONAL EN ESTACIONES Y TERMINALES DE TRANSPORTE.	102 18/03/2026 -	28/11/2025 -	AVILA, BEATRIZ LUISA -	DE INFRAESTRUCTURA, VIVIENDA Y TRANSPORTE	DE SISTEMAS, MEDIOS DE COMUNICACIÓN Y LIBERTAD DE EXPRESIÓN	DE JUSTICIA Y ASUNTOS PENALES		
S	2030	2025	PL	MOISES Y OTROS: PROYECTO DE LEY SOBRE EL REGIMEN ESPECIAL DE PROTECCION A LA LIBERTAD DE EXPRESION.	102 18/03/2026 -	27/11/2025 -	MOISES, MARÍA CAROLINA - ANDRADA, GUILLERMO EDUARDO - REJAL, JESÚS FERNANDO -	DE LEGISLACIÓN GENERAL	DE SISTEMAS, MEDIOS DE COMUNICACIÓN Y LIBERTAD DE EXPRESIÓN	DE JUSTICIA Y ASUNTOS PENALES		
S	2029	2025	PL	AVILA: PROYECTO DE LEY QUE MODIFICA EL ART. 1 DE SU SIMILAR 13.944 - INCUMPLIMIENTO DE LOS DEBERES DE ASISTENCIA FAMILIAR- RESPECTO DE APLICAR UNA UNIDAD DE MEDIDA ARANCELARIA PARA DELITOS PENALES (UMADP) EN CASO DE INFRACCION A LA NORMA.	102 18/03/2026 -	27/11/2025 -	AVILA, BEATRIZ LUISA -	DE JUSTICIA Y ASUNTOS PENALES				
S	2028	2025	PL	AVILA: PROYECTO DE LEY QUE MODIFICA EL ART. 18 DE SU SIMILAR 22.802 - LEALTAD COMERCIAL- RESPECTO DE APLICAR UNA UNIDAD DE MEDIDA ARANCELARIA PARA DELITOS PENALES (UMADP) EN CASO DE INFRACCION A LA NORMA.	102 18/03/2026 -	27/11/2025 -	AVILA, BEATRIZ LUISA -	DE DERECHOS Y GARANTÍAS	DE JUSTICIA Y ASUNTOS PENALES			
S	2027	2025	PL	AVILA: PROYECTO DE LEY QUE MODIFICA EL ART. 31 DE SU SIMILAR 22.362- DE MARCAS Y DESIGNACIONES, RESPECTO DE APLICAR UNA UNIDAD DE MEDIDA ARANCELARIA PARA DELITOS PENALES.	102 18/03/2026 -	27/11/2025 -	AVILA, BEATRIZ LUISA -	DE LEGISLACIÓN GENERAL	DE JUSTICIA Y ASUNTOS PENALES			
S	2026	2025	PL	AVILA: PROYECTO DE LEY QUE MODIFICA EL ART. 28 DE SU SIMILAR 22.351- DE LOS PARQUES NACIONALES, MONUMENTOS NATURALES Y RESERVAS NATURALES, RESPECTO DE LAS INFRACCIONES A LA LEY.	102 18/03/2026 -	27/11/2025 -	AVILA, BEATRIZ LUISA -	DE AMBIENTE Y DESARROLLO SUSTENTABLE	DE JUSTICIA Y ASUNTOS PENALES			
S	2025	2025	PL	AVILA: PROYECTO DE LEY QUE MODIFICA EL ART. 34 DE SU SIMILAR 13.577- LEY ORGANICA PARA LA ADMINISTRACION GENERAL DE OBRAS SANITARIAS DE LA NACION, RESPECTO DE APLICAR UNA UNIDAD DE MEDIDA ARANCELARIA PARA DELITOS PENALES (UMADP).	102 18/03/2026 -	27/11/2025 -	AVILA, BEATRIZ LUISA -	DE INFRAESTRUCTURA, VIVIENDA Y TRANSPORTE	DE JUSTICIA Y ASUNTOS PENALES			
S	2024	2025	PL	AVILA: PROYECTO DE LEY QUE MODIFICA SU SIMILAR 9.643 - WARRANTS-, RESPECTO DE INSTITUIR UNA UNIDAD DE MEDIDA ARANCELARIA PARA DELITOS PENALES (UMADP).	102 18/03/2026 -	27/11/2025 -	AVILA, BEATRIZ LUISA -	DE LEGISLACIÓN GENERAL	DE JUSTICIA Y ASUNTOS PENALES			
S	2023	2025	PL	AVILA: PROYECTO DE LEY QUE MODIFICA SU SIMILAR 24.051 - RESIDUOS PELIGROSOS-, RESPECTO DE INSTITUIR UNA UNIDAD DE MEDIDA ARANCELARIA PARA DELITOS PENALES (UMADP).	102 18/03/2026 -	27/11/2025 -	AVILA, BEATRIZ LUISA -	DE AMBIENTE Y DESARROLLO SUSTENTABLE	DE JUSTICIA Y ASUNTOS PENALES			
S	2022	2025	PL	AVILA: PROYECTO DE LEY QUE MODIFICA SU SIMILAR 11.723 - PROPIEDAD INTELECTUAL-, RESPECTO DE INSTITUIR UNA UNIDAD DE MEDIDA ARANCELARIA PARA DELITOS PENALES (UMADP).	102 18/03/2026 -	27/11/2025 -	AVILA, BEATRIZ LUISA -	DE LEGISLACIÓN GENERAL	DE JUSTICIA Y ASUNTOS PENALES			
S	2021	2025	PL	AVILA: PROYECTO DE LEY QUE ENCOMIENDA AL BANCO CENTRAL DE LA REPUBLICA ARGENTINA LA EMISIÓN DE UNA NUEVA SERIE DE BILLETES, CON LA IMAGEN DEL GRAL. BERNABÉ ARAOZ.	102 18/03/2026 -	27/11/2025 -	AVILA, BEATRIZ LUISA -	DE ECONOMÍA NACIONAL E INVERSIÓN	DE PRESUPUESTO Y HACIENDA			
S	2020	2025	PL	AVILA: PROYECTO DE LEY QUE MODIFICA EL CODIGO PENAL, RESPECTO DE LA IMPRESCRIPTIBILIDAD DE DELITOS CONTRA LA INTEGRIDAD SEXUAL, CUANDO LAS VICTIMAS SEAN MENORES DE 18 AÑOS DE EDAD.	102 18/03/2026 -	27/11/2025 -	AVILA, BEATRIZ LUISA -	DE JUSTICIA Y ASUNTOS PENALES				
S	2019	2025	PL	AVILA: PROYECTO DE LEY QUE INCORPORA AL PROGRAMA MEDICO OBLIGATORIO (PMO), EL ESQUEMA COMPLETO DE VACUNACION CONTRA EL MENINGOCOCO DE TIPO B.	102 18/03/2026 -	27/11/2025 -	AVILA, BEATRIZ LUISA -	DE SALUD	DE TRABAJO Y PREVISIÓN SOCIAL			
S	2018	2025	PL	"AVILA: PROYECTO DE LEY QUE CREA EL ""PROGRAMA NACIONAL DE ESTIMULO A LA CONSTRUCCIÓN DE VIVIENDAS RURALES""."	101 18/03/2026 -	27/11/2025 -	AVILA, BEATRIZ LUISA -	DE INFRAESTRUCTURA, VIVIENDA Y TRANSPORTE	DE PRESUPUESTO Y HACIENDA			
S	2017	2025	PL	ÁVILA: PROYECTO DE LEY QUE DISPONE LA REALIZACION DE UNA CAMPAÑA NACIONAL DE PREVENCION DE LA PATOLOGIA INFECCIOSA MIASIS.	101 18/03/2026 -	27/11/2025 -	AVILA, BEATRIZ LUISA -	DE SALUD	DE SISTEMAS, MEDIOS DE COMUNICACIÓN Y LIBERTAD DE EXPRESIÓN	DE PRESUPUESTO Y HACIENDA		
S	2016	2025	PL	ÁVILA: PROYECTO DE LEY QUE INCORPORA AL PROGRAMA MEDICO OBLIGATORIO (PMO) TERAPIAS Y ACTIVIDADES ASISTIDAS CON ANIMALES.	101 18/03/2026 -	27/11/2025 -	AVILA, BEATRIZ LUISA -	DE SALUD	DE TRABAJO Y PREVISIÓN SOCIAL			
S	2015	2025	PL	AVILA: PROYECTO DE LEY QUE ESTABLECE UNA CAMPAÑA NACIONAL DE CONCIENTIZACION, INFORMACION Y PREVENCION DE LA SIFILIS.	101 18/03/2026 -	27/11/2025 -	AVILA, BEATRIZ LUISA -	DE SALUD	DE SISTEMAS, MEDIOS DE COMUNICACIÓN Y LIBERTAD DE EXPRESIÓN	DE PRESUPUESTO Y HACIENDA		
S	2014	2025	PL	AVILA: PROYECTO DE LEY QUE MODIFICA EL CODIGO PENAL, RESPECTO DE ESTABLECER LA UNIDAD DE MEDIDA ARANCELARIA (UMADP) PARA DELITOS PENALES.	101 18/03/2026 -	27/11/2025 -	AVILA, BEATRIZ LUISA -	DE JUSTICIA Y ASUNTOS PENALES				
S	2013	2025	PL	DE ANGELI: PROYECTO DE LEY DE REGIMEN DE FINANCIAMIENTO PARA LA COMPRA DE TIERRAS RURALES MEDIANTE HIPOTECA PARCIAL AGROPECUARIA.	101 18/03/2026 -	27/11/2025 -	DE ANGELI, ALFREDO LUIS -	DE PRESUPUESTO Y HACIENDA	DE AGRICULTURA, GANADERÍA Y PESCA	DE LEGISLACIÓN GENERAL		
S	2012	2025	PL	MANZUR Y MENDOZA: PROYECTO DE LEY QUE CREA EL REGIMEN FEDERAL DE FOMENTO DE LAS ECONOMIAS REGIONALES (RFFER).	101 18/03/2026 -	27/11/2025 -	MANZUR, JUAN LUIS - MENDOZA, SANDRA MARIELA -	DE ECONOMÍAS REGIONALES, ECONOMÍA SOCIAL, MICRO, PEQUEÑA Y MEDIANA EMPRESA	DE PRESUPUESTO Y HACIENDA			
S	2006	2025	PL	DE ANGELI: PROYECTO DE LEY QUE CREA EL PROGRAMA NACIONAL DE ACCESO A LA VIVIENDA RURAL (PNVR)	101 18/03/2026 -	27/11/2025 -	DE ANGELI, ALFREDO LUIS -	DE INFRAESTRUCTURA, VIVIENDA Y TRANSPORTE	DE PRESUPUESTO Y HACIENDA			
S	2005	2025	PL	OLIVERA LUCERO: PROYECTO DE LEY QUE ESTABLECE LA OBLIGATORIEDAD DE LA CAPACITACION EN REANIMACION CARDIOPULMONAR (RCP) Y MANIOBRAS BASICAS DE EMERGENCIA PARA TODAS LOS EMPLEADOS Y FUNCIONARIOS DE LOS TRES PODERES Y DEL MINISTERIO PUBLICO DE LA NACION.	101 18/03/2026 -	27/11/2025 -	OLIVERA LUCERO, BRUNO ANTONIO -	DE SALUD	DE LEGISLACIÓN GENERAL			
S	2004	2025	PL	MENDOZA Y OTRAS: PROYECTO DE LEY QUE DECLARA LA EMERGENCIA DE LA INFRAESTRUCTURA VIAL EN TODO EL TERRITORIO NACIONAL.	101 18/03/2026 -	26/11/2025 -	DURÉ, MARÍA EUGENIA - GARCÍA LARRABURU, SILVINA MARCELA - GONZÁLEZ, MARÍA TERESA MARGARITA - LÓPEZ, CÁNDIDA CRISTINA - MENDOZA, SANDRA MARIELA - PILATTI VERGARA, MARÍA INÉS - CORPACCI, LUCÍA BENIGNA -	DE PRESUPUESTO Y HACIENDA	DE INFRAESTRUCTURA, VIVIENDA Y TRANSPORTE			
S	2002	2025	PL	CORA Y OTRAS: PROYECTO DE LEY QUE CREA EL INSTITUTO NACIONAL DE RELEVAMIENTO Y SEGUIMIENTO HIDRAULICO (INRESH).	101 18/03/2026 -	26/11/2025 -	DE PEDRO, EDUARDO ENRIQUE - DURÉ, MARÍA EUGENIA - GARCÍA LARRABURU, SILVINA MARCELA - GONZÁLEZ, MARÍA TERESA MARGARITA - PILATTI VERGARA, MARÍA INÉS - CORA, STEFANIA -	DE INFRAESTRUCTURA, VIVIENDA Y TRANSPORTE	DE PRESUPUESTO Y HACIENDA			
S	1998	2025	PL	GADANO: PROYECTO DE LEY QUE MODIFICA SU SIMILAR 22.421 - PROTECCION Y CONSERVACION DE LA FAUNA SILVESTRE - RESPECTO DE INCREMENTAR LAS PENAS Y MULTAS POR DELITOS E INFRACCIONES.	100 18/03/2026 -	26/11/2025 -	GADANO, NATALIA ELENA -	DE AMBIENTE Y DESARROLLO SUSTENTABLE	DE JUSTICIA Y ASUNTOS PENALES			
S	1997	2025	PL	GADANO: PROYECTO DE LEY QUE CREA EL CORREDOR VIAL DENOMINADO GOOS - NAU (BALLENAS - GUANACO) EN EL TRAMO COMPRENDIDO ENTRE EL KILOMETRO 1043 Y 2842 DE LA RN 3.	100 18/03/2026 -	26/11/2025 -	GADANO, NATALIA ELENA -	DE INFRAESTRUCTURA, VIVIENDA Y TRANSPORTE	DE PRESUPUESTO Y HACIENDA			
S	1996	2025	PL	GADANO: PROYECTO DE LEY QUE CREA EL POLO LOGISTICO PATAGONICO CON ASENTAMIENTO EN EL PUERTO DE LA CIUDAD DE CALETA OLIVIA DE LA PROV. DE SANTA CRUZ.	100 18/03/2026 -	26/11/2025 -	GADANO, NATALIA ELENA -	DE INDUSTRIA Y COMERCIO	DE INFRAESTRUCTURA, VIVIENDA Y TRANSPORTE	DE PRESUPUESTO Y HACIENDA		
S	1995	2025	PL	GADANO: PROYECTO DE LEY QUE CREA LA CAMPAÑA NACIONAL EDUCATIVA DE PREVENCION DE INCENDIOS FORESTALES.	100 18/03/2026 -	26/11/2025 -	GADANO, NATALIA ELENA -	DE EDUCACIÓN Y CULTURA	DE AMBIENTE Y DESARROLLO SUSTENTABLE			
S	1994	2025	PL	GARCIA LARRABURU Y GONZALEZ: PROYECTO DE LEY SOBRE REFORMA DEL CODIGO PENAL EN MATERIA DE CIBERDELITOS CONTRA LA INTEGRIDAD SEXUAL Y EL HONOR: INCORPORACION DEL DEEPFAKE Y LA VIOLENCIA SEXUAL DIGITAL NO CONSENTIDA.	100 18/03/2026 -	26/11/2025 -	GARCÍA LARRABURU, SILVINA MARCELA - GONZÁLEZ, MARÍA TERESA MARGARITA -	DE JUSTICIA Y ASUNTOS PENALES				
S	1982	2025	PR	UÑAC: PROYECTO DE RESOLUCION QUE RECHAZA LA PRESENTACION ANTE LA COP30, DE LA TERCERA CONTRIBUCION DETERMINADA A NIVEL NACIONAL, ANUNCIADA POR LA SUBSECRETARIA DE AMBIENTE DE LA NACION.	100 18/03/2026 -	20/11/2025 -	UÑAC, SERGIO MAURICIO -	DE AMBIENTE Y DESARROLLO SUSTENTABLE				
S	1981	2025	PL	UÑAC: PROYECTO DE LEY SOBRE BENEFICIOS FISCALES PARA MIPYMES PARA LA INSTALACION DE PANELES SOLARES.	100 18/03/2026 -	20/11/2025 -	UÑAC, SERGIO MAURICIO -	DE PRESUPUESTO Y HACIENDA	DE ECONOMÍAS REGIONALES, ECONOMÍA SOCIAL, MICRO, PEQUEÑA Y MEDIANA EMPRESA	DE MINERÍA, ENERGÍA Y COMBUSTIBLES		
S	1980	2025	PL	GOERLING LARA: PROYECTO DE LEY QUE RECONOCE AL HOLODOMOR PROVOCADO POR LA EX URSS CONTRA EL PUEBLO UCRANIANO, ENTRE LOS AÑOS 1932 Y 1933, COMO UN ACTO DE GENOCIDIO.	99 18/03/2026 -	20/11/2025 -	GOERLING LARA, ENRIQUE MARTÍN -	DE RELACIONES EXTERIORES Y CULTO				
S	1978	2025	PL	GARCIA LARRABURU Y GONZALEZ: PROYECTO DE LEY DE RECONOCIMIENTO INTEGRAL DE LOS DERECHOS DE LAS PERSONAS CON CAPACIDAD DE MENSTRUAR EN LA ETAPA DEL CLIMATERIO Y LA MENOPAUSIA.	99 18/03/2026 -	20/11/2025 -	GONZÁLEZ, MARÍA TERESA MARGARITA - GARCÍA LARRABURU, SILVINA MARCELA -	DE SALUD	DE LEGISLACIÓN GENERAL	DE TRABAJO Y PREVISIÓN SOCIAL	BANCA DE LA MUJER	
S	1972	2025	PL	"AVILA: PROYECTO DE LEY QUE DECLARA A LA CDAD. DE SAN MIGUEL DE TUCUMAN, PROV. DE TUCUMAN, ""CAPITAL NACIONAL DE LA INDEPENDENCIA""."	99 18/03/2026 -	19/11/2025 -	AVILA, BEATRIZ LUISA -	DE EDUCACIÓN Y CULTURA				
S	1971	2025	PL	AVILA: PROYECTO DE LEY SOBRE PROMOCION DEL EMPLEO ARGENTINO EN LA INDUSTRIA DE CRUCEROS.	99 18/03/2026 -	19/11/2025 -	AVILA, BEATRIZ LUISA -	DE INFRAESTRUCTURA, VIVIENDA Y TRANSPORTE	DE TRABAJO Y PREVISIÓN SOCIAL	DE TURISMO		
S	1970	2025	PL	AVILA: PROYECTO DE LEY QUE INCORPORA EL ART. 82 BIS DE SU SIMILAR 24.449 - TRANSITO, RESPECTO A LA REINCIDENCIA EN CONDUCCION BAJO INTOXICACION.	99 18/03/2026 -	19/11/2025 -	AVILA, BEATRIZ LUISA -	DE INFRAESTRUCTURA, VIVIENDA Y TRANSPORTE	DE JUSTICIA Y ASUNTOS PENALES			
S	1969	2025	PL	AVILA: PROYECTO DE LEY QUE INSTITUYE EL DIA NACIONAL DEL PREMATURO, EL 17 DE NOVIEMBRE DE CADA AÑO.	99 18/03/2026 -	19/11/2025 -	AVILA, BEATRIZ LUISA -	DE SALUD				
S	1968	2025	PL	AVILA: PROYECTO DE LEY QUE DECLARA PATRIMONIO CULTURAL INMATERIAL EN LOS TERMINOS DE LA LEY 26.118 A LAS CELEBRACIONES, PEREGRINACIONES MISAS Y PROCESIONES DE HONOR A LA VIRGEN DE LA MERCED, EN LA PROV. DE TUCUMAN, EL 24 DE SEPTIEMBRE DE CADA AÑO	99 18/03/2026 -	19/11/2025 -	AVILA, BEATRIZ LUISA -	DE EDUCACIÓN Y CULTURA				
S	1966	2025	PL	REJAL Y OTROS: PROYECTO DE LEY SOBRE CAPACIDADES INSTITUCIONALES PARA LA ADMINISTRACIÓN DE TRIBUTOS.	99 18/03/2026 -	19/11/2025 -	REJAL, JESÚS FERNANDO - ANDRADA, GUILLERMO EDUARDO - MOISES, MARÍA CAROLINA - SALINO, FERNANDO ALDO - GARCÍA LARRABURU, SILVINA MARCELA -	DE PRESUPUESTO Y HACIENDA	DE COPARTICIPACIÓN FEDERAL DE IMPUESTOS			
S	1960	2025	PL	CARAMBIA Y PILATTI VERGARA: PROYECTO DE LEY QUE INCORPORA EL ART. 179 BIS TITULO VII CAPITULO II DE SU SIMILAR N° 20.744 - CONTRATO DE TRABAJO-  RESPECTO DE EXTENDER LA LICENCIA POR MATERNIDAD POR PERIODO DE LACTANCIA.	99 18/03/2026 -	18/11/2025 -	CARAMBIA, JOSÉ MARÍA - PILATTI VERGARA, MARÍA INÉS -	DE TRABAJO Y PREVISIÓN SOCIAL				
S	1959	2025	PL	CRISTINA Y JUEZ: PROYECTO DE LEY QUE CREA EL PROGRAMA NACIONAL DE CIUDADANIA DIGITAL EDUCATIVA.	99 18/03/2026 -	17/11/2025 -	CRISTINA, ANDREA MARCELA - JUEZ, LUIS ALFREDO -	DE EDUCACIÓN Y CULTURA	DE SISTEMAS, MEDIOS DE COMUNICACIÓN Y LIBERTAD DE EXPRESIÓN	DE PRESUPUESTO Y HACIENDA		
S	1958	2025	PL	CORA Y OTRAS: PROYECTO DE LEY DE PROMOCION Y FOMENTO DE LA CULTURA VIVA COMUNITARIA EN TODO EL TERRITORIO DE LA REPUBLICA ARGENTINA.	98 18/03/2026 -	17/11/2025 -	GONZÁLEZ, MARÍA TERESA MARGARITA - KIRCHNER, ALICIA MARGARITA ANTONIA - GARCÍA LARRABURU, SILVINA MARCELA - PILATTI VERGARA, MARÍA INÉS - CORA, STEFANIA -	DE EDUCACIÓN Y CULTURA	DE LEGISLACIÓN GENERAL	DE PRESUPUESTO Y HACIENDA		
S	1952	2025	PL	CRISTINA Y JUEZ: PROYECTO DE LEY QUE MODIFICA EL CODIGO PENAL DE LA NACION RESPECTO DE ADECUAR LAS NORMAS PENALES RELATIVAS AL GROOMING.	98 18/03/2026 -	14/11/2025 -	CRISTINA, ANDREA MARCELA - JUEZ, LUIS ALFREDO -	DE JUSTICIA Y ASUNTOS PENALES				
S	1951	2025	PL	GARCIA LARRABURU Y GONZALEZ: PROYECTO DE LEY ORGANICA DEL INSTITUTO NACIONAL DE TECNOLOGIA INDUSTRIAL (INTI).	98 18/03/2026 -	14/11/2025 -	GONZÁLEZ, MARÍA TERESA MARGARITA - GARCÍA LARRABURU, SILVINA MARCELA -	DE CIENCIA Y TECNOLOGÍA	DE PRESUPUESTO Y HACIENDA	DE INDUSTRIA Y COMERCIO		
S	1950	2025	PR	LOPEZ FLORENCIA Y OTROS: PROYECTO DE RESOLUCION QUE CITA AL PRESIDENTE DEL BANCO CENTRAL DE LA REPUBLICA ARGENTINA, SR. SANTIAGO BAUSILI Y OTROS FUNCIONARIOS, PARA SU INTERPELACION CONFORME AL ART. 71 DE LA C.N., Y EL ART. 214 DEL REGLAMENTO DEL HSN.	98 18/03/2026 -	13/11/2025 -	LÓPEZ, MARÍA FLORENCIA - MAYANS, JOSÉ MIGUEL ÁNGEL - FERNÁNDEZ SAGASTI, ANABEL - CORA, STEFANIA - RECALDE, MARIANO - PARRILLI, OSCAR ISIDRO - LÓPEZ, CÁNDIDA CRISTINA - PILATTI VERGARA, MARÍA INÉS - REJAL, JESÚS FERNANDO - GONZÁLEZ, MARÍA TERESA MARGARITA -	DE ASUNTOS CONSTITUCIONALES	DE PRESUPUESTO Y HACIENDA			
S	1949	2025	PL	ABAD: PROYECTO DE LEY QUE MODIFICA EL INC. 2 DEL ART. 57 DE LA LEY 19.101- PERSONAL MILITAR- SOBRE LOS PORCENTAJES DE LOS SUPLEMENTOS POR TITULOS.	98 18/03/2026 -	13/11/2025 -	ABAD, MAXIMILIANO -	DE DEFENSA NACIONAL	DE PRESUPUESTO Y HACIENDA			
S	1948	2025	PL	AVILA: PROYECTO DE LEY QUE RATIFICA EL CONVENIO 183 DE LA ORGANIZACIÓN INTERNACIONAL DEL TRABAJO SOBRE LA PROTECCION DE LA MATERNIDAD.	98 18/03/2026 -	13/11/2025 -	AVILA, BEATRIZ LUISA -	DE RELACIONES EXTERIORES Y CULTO	DE TRABAJO Y PREVISIÓN SOCIAL			
S	1947	2025	PL	AVILA: PROYECTO DE LEY QUE MODIFICA EL ART. 52 BIS DE SU SIMILAR 24.240 - DE DEFENSA DEL CONSUMIDOR - RESPECTO DE LA APLICACIÓN DEL DAÑO PUNITIVO E INCORPORA EL ART. 52 TER., QUE ESTABLECE LOS CRITERIOS PARA LA DETERMINACION DEL MONTO DE LA MULTA CIVIL.	98 18/03/2026 -	13/11/2025 -	AVILA, BEATRIZ LUISA -	DE DERECHOS Y GARANTÍAS				
S	1946	2025	PL	AVILA: PROYECTO DE LEY QUE MODIFICA EL ARTICULO 607 DEL CODIGO CIVIL Y COMERCIAL DE LA NACION, EN LOS SUPUESTOS DE DECLARACION JUDICIAL DE LA SITUACION DE ADOPTABILIDAD.	98 18/03/2026 -	13/11/2025 -	AVILA, BEATRIZ LUISA -	DE LEGISLACIÓN GENERAL				
S	1945	2025	PL	AVILA: PROYECTO DE LEY QUE ESTABLECE QUE TODA EMPRESA PUBLICA Y PRIVADA, PRESTADORA DE SERVICIOS, DEBERAN EMITIR FACTURAS EN SISTEMA BRAILLE GRATUITAMENTE, A REQUERIMIENTO DEL USUARIO O CONSUMIDOR NO VIDENTE.	98 18/03/2026 -	13/11/2025 -	AVILA, BEATRIZ LUISA -	DE INDUSTRIA Y COMERCIO	DE DERECHOS Y GARANTÍAS			
S	1933	2025	PL	ESPINOLA Y OTROS: PROYECTO DE LEY QUE ESTABLECE EL PROCESO DE INCORPORACION DE CAPITAL PRIVADO EN EL SISTEMA NUCLEAR ARGENTINO.	97 18/03/2026 -	13/11/2025 -	ESPÍNOLA, CARLOS MAURICIO - ROMERO, JUAN CARLOS - VIGO, ALEJANDRA MARÍA -	DE MINERÍA, ENERGÍA Y COMBUSTIBLES	DE CIENCIA Y TECNOLOGÍA	DE ECONOMÍA NACIONAL E INVERSIÓN	BICAMERAL DE REFORMA DEL ESTADO Y DEL SEGUIMIENTO DE LAS PRIVATIZACIONES (LEY 23.696)	
S	1932	2025	PL	CARAMBIA: PROYECTO DE LEY QUE MODIFICA SU SIMILAR 22.127 - SISTEMA NACIONAL DE RESIDENCIAS DE LA SALUD -, RESPECTO DE LA BECA ANUAL OTORGADA A EXTRANJEROS.	97 18/03/2026 -	13/11/2025 -	CARAMBIA, JOSÉ MARÍA -	DE SALUD				
S	1929	2025	PR	"LEAVY Y LINARES: PROYECTO DE RESOLUCION QUE DECLARA DE INTERES LAS DOS PLACAS RECORDATORIAS EN HOMENAJE A LOS 44 HEROES Y HEROINA DEL SUBMARINO A.R.A. ""SAN JUAN""."	97 18/03/2026 -	13/11/2025 -	LEAVY, SERGIO NAPOLEÓN - LINARES, CARLOS ALBERTO -	DE DEFENSA NACIONAL	DE PRESUPUESTO Y HACIENDA			
S	1928	2025	PL	LEWANDOWSKI: PROYECTO DE LEY QUE MODIFICA SU SIMILAR 25.065 - TARJETAS DE CREDITO -, RESPECTO DE REDUCIR LAS TASAS DE INTERES APLICADAS A LA FINANCIACION DE SALDOS.	97 18/03/2026 -	12/11/2025 -	LEWANDOWSKI, MARCELO NÉSTOR -	DE ECONOMÍA NACIONAL E INVERSIÓN	DE DERECHOS Y GARANTÍAS			
S	1927	2025	PR	ABDALA Y OTROS: PROYECTO DE RESOLUCION QUE DECLARA DE INTERES LA OBRA HOMENAJE AL PAPA FRANCISCO EN LA SESION ORDINARIA DEL 24 DE ABRIL DE 2025 Y DISPONE SU IMPRESION Y PUBLICACION.	97 18/03/2026 -	12/11/2025 -	ABDALA, BARTOLOMÉ ESTEBAN - ARRASCAETA, IVANNA MARCELA - OLIVERA LUCERO, BRUNO ANTONIO - BEDIA, VILMA FACUNDA - ROMERO, JUAN CARLOS -	DE EDUCACIÓN Y CULTURA	DE PRESUPUESTO Y HACIENDA			
S	1923	2025	PL	GADANO: PROYECTO DE LEY QUE DECLARA MONUMENTO NATURAL EN LOS TERMINOS DE LA LEY 22.351, AL PINGÜINO DE PENACHO AMARILLO (EUDYPTES CHRYSOCOME).	97 18/03/2026 -	12/11/2025 -	GADANO, NATALIA ELENA -	DE AMBIENTE Y DESARROLLO SUSTENTABLE				
S	1910	2025	PL	ALVAREZ RIVERO: PROYECTO DE LEY QUE DECLARA COMPRENDIDA EN EL REGIMEN DEL DCTO. LEY 4362/55, RATIFICADO POR LEY 14.467, A LA ACADEMIA DE CIENCIAS MEDICAS DE CORDOBA, LA QUE PASARA A DENOMINARSE ACADEMIA NACIONAL DE CIENCIAS MEDICAS DE CORDOBA.	96 18/03/2026 -	06/11/2025 -	ALVAREZ RIVERO, CARMEN -	DE EDUCACIÓN Y CULTURA				
S	1906	2025	PL	OLIVERA LUCERO: PROYECTO DE LEY QUE ESTABLECE UNA CAMPAÑA NACIONAL DE INFORMACIÓN, SENSIBILIZACIÓN Y PREVENCIÓN DEL SÍNDROME URÉMICO HEMOLÍTICO (SUH).	96 18/03/2026 -	06/11/2025 -	OLIVERA LUCERO, BRUNO ANTONIO -	DE SALUD	DE PRESUPUESTO Y HACIENDA	DE SISTEMAS, MEDIOS DE COMUNICACIÓN Y LIBERTAD DE EXPRESIÓN		
S	1903	2025	PL	CARAMBIA Y OTRAS: PROYECTO DE LEY QUE MODIFICA EL ART. 15 DE SU SIMILAR 26.427 - SISTEMA DE PASANTIAS EDUCATIVAS-, RESPECTO DE OTORGAR A LOS PASANTES BENEFICIOS REGULARES Y LICENCIAS.	96 18/03/2026 -	06/11/2025 -	GARCÍA LARRABURU, SILVINA MARCELA - CARAMBIA, JOSÉ MARÍA - GADANO, NATALIA ELENA -	DE EDUCACIÓN Y CULTURA	DE TRABAJO Y PREVISIÓN SOCIAL			
S	1902	2025	PL	AVILA: PROYECTO DE LEY QUE MODIFICA SU SIMILAR 27.452 - REGIMEN DE REPARACION ECONOMICA PARA NIÑAS, NIÑOS Y ADOLESCENTES -, RESPECTO DE INCORPORAR AL HOMICIDIO DOLOSO EN LAS DISPOSICIONES GENERALES.	96 18/03/2026 -	06/11/2025 -	AVILA, BEATRIZ LUISA -	DE POBLACIÓN Y DESARROLLO  HUMANO	DE PRESUPUESTO Y HACIENDA			
S	1901	2025	PL	AVILA: PROYECTO DE LEY QUE MODIFICA SU SIMILAR 24.841 - PATENTES DE INVENCION -, RESPECTO DE LAS PATENTES DESARROLLADAS CON UTILIZACION DE INTELIGENCIA ARTIFICIAL.	96 18/03/2026 -	06/11/2025 -	AVILA, BEATRIZ LUISA -	DE LEGISLACIÓN GENERAL	DE CIENCIA Y TECNOLOGÍA	DE INDUSTRIA Y COMERCIO		
S	1900	2025	PL	AVILA: PROYECTO DE LEY QUE CREA UN JUZGADO FEDERAL DE PRIMERA INSTANCIA N°4 EN LA PROV. DE TUCUMAN.	96 18/03/2026 -	06/11/2025 -	AVILA, BEATRIZ LUISA -	DE JUSTICIA Y ASUNTOS PENALES	DE PRESUPUESTO Y HACIENDA			
S	1897	2025	PL	AVILA: PROYECTO DE LEY QUE INCORPORA AL ART. 5º DEFINICIONES DE SU SIMILAR 24.449 - TRANSITO -, RESPECTO DE VEHICULOS ELECTRICOS.	95 18/03/2026 -	06/11/2025 -	AVILA, BEATRIZ LUISA -	DE INFRAESTRUCTURA, VIVIENDA Y TRANSPORTE				
S	1896	2025	PL	AVILA: PROYECTO DE LEY QUE MODIFICA EL ART. 11 INCISO C) DE LA LEY 24.449 - TRANSITO -, RESPECTO DE LAS CONDICIONES PARA CONDUCIR VEHICULOS ELECTRICOS.	95 18/03/2026 -	06/11/2025 -	AVILA, BEATRIZ LUISA -	DE INFRAESTRUCTURA, VIVIENDA Y TRANSPORTE				
S	1895	2025	PL	AVILA: PROYECTO DE LEY QUE MODIFICA EL ART. 16 DE SU SIMILAR 24.449 - TRANSITO -, RESPECTO INCLUIR EN LAS CLASES DE LICENCIAS PARA CONDUCIR A LOS AUTOMOTORES ELECTRICOS.	95 18/03/2026 -	06/11/2025 -	AVILA, BEATRIZ LUISA -	DE INFRAESTRUCTURA, VIVIENDA Y TRANSPORTE				
S	1894	2025	PL	AVILA: PROYECTO DE LEY QUE CREA EL PUERTO SECO Y CENTRO LOGISTICO DEL SUR DE TUCUMÁN.	95 18/03/2026 -	06/11/2025 -	AVILA, BEATRIZ LUISA -	DE PRESUPUESTO Y HACIENDA				
S	1893	2025	PL	AVILA: PROYECTO DE LEY QUE INCORPORA AL PROGRAMA MEDICO OBLIGATORIO (PMO) EL ESQUEMA COMPLETO DE VACUNACION CONTRA EL VIRUS DEL DENGUE.	95 18/03/2026 -	06/11/2025 -	AVILA, BEATRIZ LUISA -	DE SALUD	DE TRABAJO Y PREVISIÓN SOCIAL			
S	1881	2025	PL	AVILA: PROYECTO DE LEY QUE GARANTIZA EL DERECHO DE LAS PERSONAS BENEFICIARIAS DEL SISTEMA PREVISIONAL A PERCIBIR SUS HABERES POR VENTANILLA EN LAS ENTIDADES BANCARIAS Y FINANCIERAS AUTORIZADAS.	95 18/03/2026 -	05/11/2025 -	AVILA, BEATRIZ LUISA -	DE ECONOMÍA NACIONAL E INVERSIÓN	DE TRABAJO Y PREVISIÓN SOCIAL			
S	1877	2025	PL	AVILA: PROYECTO DE LEY QUE MODIFICA EL ART. 55 DE SU SIMILAR 24.449 - TRANSITO- RESPECTO DE LAS CONDICIONES DE SEGURIDAD EN TRANSPORTE DE ESCOLARES.	94 18/03/2026 -	05/11/2025 -	AVILA, BEATRIZ LUISA -	DE INFRAESTRUCTURA, VIVIENDA Y TRANSPORTE				
S	1876	2025	PL	AVILA: PROYECTO DE LEY QUE MODIFICA EL CODIGO PENAL DE LA NACION, SOBRE EL INCREMENTO DE PENAS EN EL DELITO DE GROOMING.	94 18/03/2026 -	05/11/2025 -	AVILA, BEATRIZ LUISA -	DE JUSTICIA Y ASUNTOS PENALES				
S	1875	2025	PL	AVILA: PROYECTO DE LEY QUE MODIFICA SU SIMILAR 22.421 - FAUNA SILVESTRE -, RESPECTO DE ACTUALIZAR EL REGIMEN LEGAL VIGENTE EN MATERIA DE CONSERVACION.	94 18/03/2026 -	05/11/2025 -	AVILA, BEATRIZ LUISA -	DE AMBIENTE Y DESARROLLO SUSTENTABLE	DE JUSTICIA Y ASUNTOS PENALES			
S	1874	2025	PL	AVILA: PROYECTO DE LEY QUE MODIFICA EL ART. 92º DE SU SIMILAR 26.206 - EDUCACION NACIONAL -, RESPECTO DE INCORPORAR CONTENIDOS SOBRE LA LEGITIMA SOBERANIA SOBRE LAS ISLAS MALVINAS, GEORGIAS DEL SUR, SANDWICH DEL SUR Y LOS ESPACIOS MARITIMOS E INSULARES CORRESPONDIENTES.	94 18/03/2026 -	05/11/2025 -	AVILA, BEATRIZ LUISA -	DE EDUCACIÓN Y CULTURA				
S	1873	2025	PL	AVILA: PROYECTO DE LEY QUE MODIFICA EL ART. 150 DEL CODIGO PENAL DE LA NACION, RESPECTO DE INCORPORAR UN AGRAVANTE EN EL DELITO DE VIOLACION DE DOMICILIO.	94 18/03/2026 -	05/11/2025 -	AVILA, BEATRIZ LUISA -	DE JUSTICIA Y ASUNTOS PENALES				
S	1870	2025	PL	GARCIA LARRABURU: PROYECTO DE LEY QUE CREA EL RÉGIMEN PARA LA REGULACIÓN DE LA EUTANASIA Y EL SUICIDIO MEDICAMENTE ASISTIDO.	94 18/03/2026 -	04/11/2025 -	GARCÍA LARRABURU, SILVINA MARCELA -	DE LEGISLACIÓN GENERAL	DE SALUD			
S	1862	2025	PL	LEWANDOWSKI: PROYECTO DE LEY QUE MODIFICA SU SIMILAR 24.443 -FONDO DE EMERGENCIA SOCIAL PARA EL CONURBANO DE LAS CIUDADES DE ROSARIO Y SANTA FE -, RESPECTO DE ACTUALIZAR LOS RECURSOS ASIGNADOS DE DICHO FONDO.	94 18/03/2026 -	30/10/2025 -	LEWANDOWSKI, MARCELO NÉSTOR -	DE PRESUPUESTO Y HACIENDA				
S	1861	2025	PL	CARAMBIA Y GADANO: PROYECTO DE LEY QUE REGULA LAS ACTIVIDADES DE ELABORACIÓN, ALMACENAJE, COMERCIALIZACION, MEZCLA Y AUTOCONSUMO DE BIOCOMBUSTIBLES.	94 18/03/2026 -	30/10/2025 -	CARAMBIA, JOSÉ MARÍA - GADANO, NATALIA ELENA -	DE LEGISLACIÓN GENERAL	DE MINERÍA, ENERGÍA Y COMBUSTIBLES	DE PRESUPUESTO Y HACIENDA		
S	1859	2025	PL	ROMERO: PROYECTO DE LEY QUE MODIFICA SU SIMILAR 27.146 -ORGANIZACIÓN Y COMPETENCIA DE LA JUSTICIA FEDERAL Y NACIONAL PENAL- Y 27.150 - CODIGO PROCESAL PENAL FEDERAL -, QUE CREA UNA OFICINA JUDICIAL ANTE LA CAMARA NACIONAL ELECTORAL.	93 18/03/2026 -	29/10/2025 -	ROMERO, JUAN CARLOS -	DE JUSTICIA Y ASUNTOS PENALES	DE ASUNTOS CONSTITUCIONALES			
S	1851	2025	PL	ROMERO: PROYECTO DE LEY QUE CREA EL INSTITUTO NACIONAL GÜEMESIANO.	93 18/03/2026 -	24/10/2025 -	ROMERO, JUAN CARLOS -	DE EDUCACIÓN Y CULTURA	DE PRESUPUESTO Y HACIENDA			
S	1850	2025	PL	ESPINOLA Y ROMERO: PROYECTO DE LEY QUE CREA LA OFICINA NACIONAL DE SEGUIMIENTO DE APUESTAS EN LINEA ILEGALES EN EL AMBITO DEL ENTE NACIONAL DE COMUNICACIONES (ENACOM).	93 18/03/2026 -	24/10/2025 -	ESPÍNOLA, CARLOS MAURICIO - ROMERO, JUAN CARLOS -	DE LEGISLACIÓN GENERAL	DE SISTEMAS, MEDIOS DE COMUNICACIÓN Y LIBERTAD DE EXPRESIÓN	DE PRESUPUESTO Y HACIENDA		
S	1848	2025	PL	LOSADA: PROYECTO DE LEY QUE MODIFICA EL CODIGO PENAL DE LA NACION RESPECTO DEL ABUSO DE ARMAS E INTIMIDACIÓN PÚBLICA.	93 18/03/2026 -	23/10/2025 -	LOSADA, CAROLINA -	DE JUSTICIA Y ASUNTOS PENALES				
S	1844	2025	PL	"FAMA: PROYECTO DE LEY QUE INSTITUYE EL AÑO 2026 ""AÑO DEL BICENTENARIO DEL NATALICIO DEL BEATO ESQUIÚ"" Y DISPONE LA UTILIZACION DE LA DENOMINACION EN TODO DOCUMENTO OFICIAL."	93 18/03/2026 -	22/10/2025 -	FAMA, FLAVIO SERGIO -	DE EDUCACIÓN Y CULTURA	DE PRESUPUESTO Y HACIENDA			
S	1836	2025	PL	LOPEZ C. Y OTROS: PROYECTO DE LEY QUE DEROGA LOS DECRETOS N° 333/25 -MODIFICACION DE TASAS- Y N° 334/25 -REGIMEN ESPECIAL FISCAL ADUANERO-.	92 18/03/2026 -	21/10/2025 -	LÓPEZ, CÁNDIDA CRISTINA - CORPACCI, LUCÍA BENIGNA - LÓPEZ, MARÍA FLORENCIA - RODAS, ANTONIO JOSÉ - MONTENEGRO, GERARDO ANTENOR - NEDER, JOSÉ EMILIO - LINARES, CARLOS ALBERTO - REJAL, JESÚS FERNANDO - GARCÍA LARRABURU, SILVINA MARCELA - MANZUR, JUAN LUIS - PARRILLI, OSCAR ISIDRO - SALINO, FERNANDO ALDO - DURÉ, MARÍA EUGENIA - GIMÉNEZ NAVARRO, MARÍA CELESTE - LEAVY, SERGIO NAPOLEÓN - BENSUSÁN, DANIEL PABLO - LEWANDOWSKI, MARCELO NÉSTOR - ANDRADA, GUILLERMO EDUARDO - MENDOZA, SANDRA MARIELA - KIRCHNER, ALICIA MARGARITA ANTONIA - DOÑATE, CLAUDIO MARTÍN - DE PEDRO, EDUARDO ENRIQUE - MOISES, MARÍA CAROLINA - UÑAC, SERGIO MAURICIO - CORA, STEFANIA - FERNÁNDEZ SAGASTI, ANABEL - MAYANS, JOSÉ MIGUEL ÁNGEL - PILATTI VERGARA, MARÍA INÉS - RECALDE, MARIANO - GIMÉNEZ, NORA DEL VALLE - GONZÁLEZ, MARÍA TERESA MARGARITA -	DE ASUNTOS CONSTITUCIONALES	DE PRESUPUESTO Y HACIENDA			
S	1835	2025	PL	ARCE Y ROJAS DECUT: PROYECTO DE LEY SOBRE LICENCIA ESPECIAL PARA CONTROLES PREVENTIVOS.	92 18/03/2026 -	21/10/2025 -	ARCE, CARLOS OMAR - ROJAS DECUT, SONIA ELIZABETH -	DE TRABAJO Y PREVISIÓN SOCIAL				
S	1832	2025	PR	LOPEZ FLORENCIA: PROYECTO DE RESOLUCION QUE CITA AL SR. MINISTRO DE DESREGULACION Y TRANSFORMACION DEL ESTADO, DR. FEDERICO ADOLFO STURZENEGGER, PARA SU INTERPELACION CONFORME AL ART. 71 DE LA C.N., Y EL ART. 214 DEL REGLAMENTO DEL HSN.	92 18/03/2026 -	21/10/2025 -	LÓPEZ, MARÍA FLORENCIA -	DE ASUNTOS CONSTITUCIONALES	DE ASUNTOS ADMINISTRATIVOS Y MUNICIPALES			
S	1827	2025	PL	UÑAC: PROYECTO DE LEY QUE MODIFICA SU SIMILAR 14.346 -PROTECCION ANIMAL- RESPECTO DE LAS PENAS Y MULTAS PARA LOS ACTOS DE MALTRATO O DE CRUELDAD.	92 18/03/2026 -	20/10/2025 -	UÑAC, SERGIO MAURICIO -	DE JUSTICIA Y ASUNTOS PENALES				
S	1822	2025	PL	"LINARES: PROYECTO DE LEY QUE INSTITUYE EL 7 DE OCTUBRE DE CADA AÑO COMO ""DIA NACIONAL DEL TULIPAN""."	92 18/03/2026 -	16/10/2025 -	LINARES, CARLOS ALBERTO -	DE TURISMO	DE EDUCACIÓN Y CULTURA			
S	1819	2025	PL	OLIVERA LUCERO: PROYECTO DE LEY QUE ESTABLECE UNA CAMPAÑA NACIONAL DE COMUNICACIÓN, CONCIENTIZACION Y PREVENCION FRENTE AL DENGUE, ZIKA Y CHIKUNGUNYA.	91 18/03/2026 -	16/10/2025 -	OLIVERA LUCERO, BRUNO ANTONIO -	DE SALUD	DE SISTEMAS, MEDIOS DE COMUNICACIÓN Y LIBERTAD DE EXPRESIÓN	DE PRESUPUESTO Y HACIENDA		
S	1818	2025	PL	GADANO: PROYECTO DE LEY QUE MODIFICA SUS SIMILARES 26.190 - RÉGIMEN DE FOMENTO NAC. PARA EL USO DE FUENTES RENOVABLES DE ENERGÍA DESTINADA A LA PRODUCCIÓN DE ENERGÍA ELÉCTRICA Y S/M - LEY 27.191 -., RESPECTO DE LA MODIFICACION DE QUEBRANTOS Y ACTUALIZACION DE PLAZOS.	91 18/03/2026 -	16/10/2025 -	GADANO, NATALIA ELENA -	DE MINERÍA, ENERGÍA Y COMBUSTIBLES	DE PRESUPUESTO Y HACIENDA			
S	1804	2025	PL	CARAMBIA Y GADANO: PROYECTO DE LEY QUE CREA EL PROGRAMA NACIONAL DE CREACIÓN Y FORTALECIMIENTO DE BANCOS DE LECHE MATERNA HUMANA (BLMH).	90 18/03/2026 -	15/10/2025 -	CARAMBIA, JOSÉ MARÍA - GADANO, NATALIA ELENA - AVILA, BEATRIZ LUISA -	DE SALUD	DE TRABAJO Y PREVISIÓN SOCIAL	DE PRESUPUESTO Y HACIENDA		
S	1802	2025	PL	PARRILLI Y OTROS: PROYECTO DE LEY QUE DEROGA LOS DECRETOS N° 117/2024, 548/2024, 765/2024, 138/2025, 143/2025, 150/2025, 207/2025 Y 208/2025.	90 18/03/2026 -	15/10/2025 -	PARRILLI, OSCAR ISIDRO - GIMÉNEZ, NORA DEL VALLE - LÓPEZ, CÁNDIDA CRISTINA - DOÑATE, CLAUDIO MARTÍN - DURÉ, MARÍA EUGENIA - LÓPEZ, MARÍA FLORENCIA - CORA, STEFANIA - SAPAG, SILVIA ESTELA  - GARCÍA LARRABURU, SILVINA MARCELA - KIRCHNER, ALICIA MARGARITA ANTONIA -	DE ASUNTOS CONSTITUCIONALES	BICAMERAL DE REFORMA DEL ESTADO Y DEL SEGUIMIENTO DE LAS PRIVATIZACIONES (LEY 23.696)			
S	1798	2025	PL	LOPEZ FLORENCIA: PROYECTO DE LEY QUE DECLARA COMO LUGAR HISTORICO NACIONAL, EN LOS TERMINOS DE LA LEY 12.665, AL EMPLAZAMIENTO DE LOMA BLANCA Y COMO MONUMENTO HISTORICO NACIONAL AL MONOLITO DE LA LOC. DE OLTA, PROV. DE LA RIOJA.	90 18/03/2026 -	15/10/2025 -	LÓPEZ, MARÍA FLORENCIA -	DE EDUCACIÓN Y CULTURA				
S	1794	2025	PR	GALARETTO: PROYECTO DE RESOLUCION QUE SOLICITA LA IMPLEMENTACION DE CAMPAÑAS DE PREVENCION Y CONCIENTIZACION SOBRE LOS RIESGOS AMBIENTALES PARA LA SALUD PUBLICA.	90 18/03/2026 -	14/10/2025 -	GALARETTO, EDUARDO HORACIO -	DE AMBIENTE Y DESARROLLO SUSTENTABLE				
S	1793	2025	PL	GALARETTO Y OTROS: PROYECTO DE LEY SOBRE RÉGIMEN DEL CONTRATO DE CUIDADOS INTEGRALES EN ESTABLECIMIENTOS GERONTOLÓGICOS.	90 18/03/2026 -	14/10/2025 -	GALARETTO, EDUARDO HORACIO - BLANCO, PABLO DANIEL - AVILA, BEATRIZ LUISA - VALENZUELA, MERCEDES GABRIELA - OLALLA, STELLA MARIS -	DE LEGISLACIÓN GENERAL	DE POBLACIÓN Y DESARROLLO  HUMANO			
S	1792	2025	PL	GALARETTO Y JURI: PROYECTO DE LEY QUE GARANTIZA LA PROTECCION INTEGRAL DE LOS DERECHOS DE PERSONAS MENORES DE EDAD QUE PARTICIPEN EN ACTIVIDADES DEPORTIVAS.	90 18/03/2026 -	14/10/2025 -	GALARETTO, EDUARDO HORACIO - JURI, MARIANA -	DE LEGISLACIÓN GENERAL	DE DEPORTE	DE POBLACIÓN Y DESARROLLO  HUMANO		
S	1791	2025	PL	ALVAREZ RIVERO: PROYECTO DE LEY SOBRE REGIMEN DE APORTES Y CONTRIBUCIONES SOLIDARIAS EN EL MARCO DE LAS RELACIONES LABORALES.	90 18/03/2026 -	14/10/2025 -	ALVAREZ RIVERO, CARMEN -	DE TRABAJO Y PREVISIÓN SOCIAL	DE LEGISLACIÓN GENERAL			
S	1790	2025	PL	UÑAC: PROYECTO DE LEY QUE DECLARA COMO TRABAJO INSALUBRE A LAS TAREAS DESEMPEÑADAS POR EL PERSONAL AFECTADO A LOS SERVICIOS FUNEBRES, CREMATORIOS Y CEMENTERIOS.	90 18/03/2026 -	14/10/2025 -	UÑAC, SERGIO MAURICIO -	DE TRABAJO Y PREVISIÓN SOCIAL				
S	1788	2025	PL	LEAVY: PROYECTO DE LEY QUE CREA EL FONDO NACIONAL DE INCENTIVO DOCENTE.	90 18/03/2026 -	13/10/2025 -	LEAVY, SERGIO NAPOLEÓN -	DE PRESUPUESTO Y HACIENDA	DE EDUCACIÓN Y CULTURA			
S	1787	2025	PL	LEAVY: PROYECTO DE LEY DE REGULARIZACION DE MOTOCICLETAS.	90 18/03/2026 -	13/10/2025 -	LEAVY, SERGIO NAPOLEÓN -	DE LEGISLACIÓN GENERAL				
S	1770	2025	PL	REJAL Y OTROS: PROYECTO DE LEY DE PROTECCION Y PRESERVACION DEL CICLO NUCLEAR ARGENTINO.	89 18/03/2026 -	09/10/2025 -	REJAL, JESÚS FERNANDO - MOISES, MARÍA CAROLINA - ANDRADA, GUILLERMO EDUARDO - SALINO, FERNANDO ALDO -	DE MINERÍA, ENERGÍA Y COMBUSTIBLES	DE CIENCIA Y TECNOLOGÍA			
S	1769	2025	PL	FERNANDEZ SAGASTI: PROYECTO DE LEY QUE MODIFICA EL CODIGO PENAL DE LA NACION, SOBRE ACTUALIZACION DEL REGIMEN PENAL APLICABLE A LOS DELITOS DE DEFRAUDACION MEDIANTE MEDIOS ELECTRONICOS, DIGITALES E INFORMATICOS.	89 18/03/2026 -	08/10/2025 -	FERNÁNDEZ SAGASTI, ANABEL - DURÉ, MARÍA EUGENIA -	DE JUSTICIA Y ASUNTOS PENALES				
S	1756	2025	PL	BENSUSAN: PROYECTO DE LEY QUE CREA UNA COMISION BICAMERAL INVESTIGADORA DE PRESUNTAS IRREGULARIDADES EN LAS OPERACIONES Y LA DDJJ DE VENTA AL EXTERIOR (DJVE) DE PRODUCTOS AGROPECUARIOS EN EL MARCO DE LA BAJA TEMPORAL DE LOS DERECHOS DE EXPORTACION DISPUESTA POR EL PEN MEDIANTE DCTO. 682/2025.	88 18/03/2026 -	08/10/2025 -	BENSUSÁN, DANIEL PABLO -	DE ASUNTOS CONSTITUCIONALES	DE AGRICULTURA, GANADERÍA Y PESCA	DE PRESUPUESTO Y HACIENDA		
S	1753	2025	PL	AVILA: PROYECTO DE LEY QUE ESTABLECE UN PORCENTAJE PARA LA ASIGNACION DE PUESTOS LABORALES VACANTES Y OFRECIDOS EN SUS BUSQUEDAS, POR PARTE DEL ESTADO NACIONAL.	88 18/03/2026 -	07/10/2025 -	AVILA, BEATRIZ LUISA -	DE TRABAJO Y PREVISIÓN SOCIAL	DE PRESUPUESTO Y HACIENDA			
S	1752	2025	PL	AVILA: PROYECTO DE LEY QUE ESTABLECE UN SISTEMA DE REINTEGROS PARA PRODUCTORES A FIN DE REDUCIR EL COSTO DE FLETE POR TRANSPORTE DE MATERIAS PRIMAS Y PRODUCTOS AGROPECUARIOS CON ORIGEN DEL N.O.A.	88 18/03/2026 -	07/10/2025 -	AVILA, BEATRIZ LUISA -	DE ECONOMÍAS REGIONALES, ECONOMÍA SOCIAL, MICRO, PEQUEÑA Y MEDIANA EMPRESA	DE PRESUPUESTO Y HACIENDA			
S	1751	2025	PR	"RECALDE: PROYECTO DE RESOLUCION QUE RECHAZA EL DECRETO
N° 207/2025 (SUSTITUCION DEL ART. 2 DE LA LEY N° 20.115) ARGENTORES."	88 18/03/2026 -	07/10/2025 -	RECALDE, MARIANO -	DE ASUNTOS CONSTITUCIONALES	DE EDUCACIÓN Y CULTURA			
S	1742	2025	PL	RECALDE: PROYECTO DE LEY QUE DEROGA LOS DECRETOS N° 117/2024, 548/2024, 765/2024, 138/2025, 143/2025, 150/2025 Y 208/2025.	87 18/03/2026 -	07/10/2025 -	RECALDE, MARIANO -	DE ASUNTOS CONSTITUCIONALES	BICAMERAL DE REFORMA DEL ESTADO Y DEL SEGUIMIENTO DE LAS PRIVATIZACIONES (LEY 23.696)			
S	1739	2025	PL	LOSADA: PROYECTO DE LEY QUE MODIFICA EL TITULO XIV DEL SEGUNDO LIBRO DEL CODIGO PENAL DE LA NACION, SOBRE DELITOS CONTRA LOS ANIMALES.	87 18/03/2026 -	03/10/2025 -	LOSADA, CAROLINA -	DE JUSTICIA Y ASUNTOS PENALES				
S	1738	2025	PL	ARRASCAETA Y OTROS: PROYECTO DE LEY QUE MODIFICA SU SIMILAR 27.447- LEY DE TRASPLANTE DE ORGANOS, TEJIDOS Y CELULAS.	87 18/03/2026 -	02/10/2025 -	ARRASCAETA, IVANNA MARCELA - PAGOTTO, JUAN CARLOS - ATAUCHE, EZEQUIEL - PAOLTRONI, FRANCISCO MANUEL - OLIVERA LUCERO, BRUNO ANTONIO - ABDALA, BARTOLOMÉ ESTEBAN -	DE SALUD				
S	1734	2025	PL	AVILA: PROYECTO DE LEY QUE CREA LA FISCALIA GENERAL ELECTORAL.	87 18/03/2026 -	02/10/2025 -	AVILA, BEATRIZ LUISA -	DE JUSTICIA Y ASUNTOS PENALES	DE PRESUPUESTO Y HACIENDA			
S	1733	2025	PL	DURE Y OTROS: PROYECTO DE LEY QUE DECLARA INCONSTITUCIONAL, NULO DE NULIDAD ABSOLUTA, EL DNU N°697/2025, QUE AUTORIZA EL INGRESO DE TROPAS DE LAS FUERZAS ARMADAS DE EE.UU., EN LAS BASES NAVALES DE MAR DEL PLATA, USHUAIA Y PUERTO BELGRANO.	87 18/03/2026 -	02/10/2025 -	GIMÉNEZ NAVARRO, MARÍA CELESTE - KIRCHNER, ALICIA MARGARITA ANTONIA - GARCÍA LARRABURU, SILVINA MARCELA - DURÉ, MARÍA EUGENIA - LÓPEZ, MARÍA FLORENCIA - PILATTI VERGARA, MARÍA INÉS - SAPAG, SILVIA ESTELA  - LEDESMA ABDALA DE ZAMORA, CLAUDIA - NEDER, JOSÉ EMILIO - MONTENEGRO, GERARDO ANTENOR - UÑAC, SERGIO MAURICIO - DE PEDRO, EDUARDO ENRIQUE - BENSUSÁN, DANIEL PABLO - SALINO, FERNANDO ALDO - ANDRADA, GUILLERMO EDUARDO - MENDOZA, SANDRA MARIELA - LINARES, CARLOS ALBERTO - MOISES, MARÍA CAROLINA -	DE ASUNTOS CONSTITUCIONALES	DE DEFENSA NACIONAL	DE RELACIONES EXTERIORES Y CULTO		
S	1722	2025	PL	MOISES Y OTROS: PROYECTO DE LEY QUE DEROGA DIVERSOS DECRETOS N° 117; 548; 765/24, 138; 143; 150 Y 208/25, MODIFICATORIOS DE LAS ESTRUCTURAS ORGANIZATIVAS DE LA ADMINISTRACIÓN PÚBLICA NACIONAL COMO DE LAS NORMAS DE FONDOS.	87  -	01/10/2025 -	MOISES, MARÍA CAROLINA - SALINO, FERNANDO ALDO - REJAL, JESÚS FERNANDO - ANDRADA, GUILLERMO EDUARDO -	DE ASUNTOS CONSTITUCIONALES				
S	1721	2025	PR	REJAL Y OTROS: PROYECTO DE RESOLUCION QUE RECHAZA EN LOS TERMINOS DE LA LEY 26.122, EL DECRETO DE FACULTADES DELEGADAS N° 207/25 QUE SUSTITUYE EL ARTICULO 2º DE LA LEY Nº 20.115 - FISCALIZACION PERMANENTE SOBRE LA SOCIEDAD GENERAL DE AUTORES DE LA ARGENTINA (ARGENTORES)	87  -	01/10/2025 -	REJAL, JESÚS FERNANDO - MOISES, MARÍA CAROLINA - ANDRADA, GUILLERMO EDUARDO - SALINO, FERNANDO ALDO -	DE ASUNTOS CONSTITUCIONALES	DE EDUCACIÓN Y CULTURA			
S	1719	2025	PL	AVILA: PROYECTO DE LEY QUE ESTABLECE LA OBLIGATORIEDAD DE EFECTUAR CONTROLES PSICOFISICOS A CONDUCTORES DE VEHICULOS DE PASAJEROS DE LARGA DISTANCIA.	87  -	01/10/2025 -	AVILA, BEATRIZ LUISA -	DE INFRAESTRUCTURA, VIVIENDA Y TRANSPORTE				
S	1718	2025	PL	AVILA: PROYECTO DE LEY QUE MODIFICA EL ART. 178 DE SU SIMILAR 20.744 - DE CONTRATO DE TRABAJO-, QUE AMPLIA EL PLAZO DE DESPIDO POR EMBARAZO O MATERNIDAD.-	87  -	01/10/2025 -	AVILA, BEATRIZ LUISA -	DE TRABAJO Y PREVISIÓN SOCIAL				
S	1717	2025	PL	AVILA: PROYECTO DE LEY QUE MODIFICIA EL ART. 24 DE SU SIMILAR 24.004 - EJERCICIO DE LA ENFERMERIA-, RESPECTO DE LAS TAREAS CONSIDERADAS INSALUBRES.	86  -	01/10/2025 -	AVILA, BEATRIZ LUISA -	DE SALUD	DE TRABAJO Y PREVISIÓN SOCIAL			
S	1716	2025	PL	AVILA: PROYECTO DE LEY SOBRE CAMPAÑA NACIONAL DE CONCIENTIZACION SOBRE DONACION DE ORGANOS, TEJIDOS Y CELULAS.	86  -	01/10/2025 -	AVILA, BEATRIZ LUISA -	DE SALUD	DE SISTEMAS, MEDIOS DE COMUNICACIÓN Y LIBERTAD DE EXPRESIÓN	DE PRESUPUESTO Y HACIENDA		
S	1715	2025	PL	AVILA: PROYECTO DE LEY QUE INCORPORA EL ART. 157 TER AL CODIGO PENAL DE LA NACION, RESPECTO DE TIPIFICAR LA OBTENCION ILEGITIMA DE DATOS PERSONALES, FINANCIEROS O CONFIDENCIALES.	86  -	01/10/2025 -	AVILA, BEATRIZ LUISA -	DE JUSTICIA Y ASUNTOS PENALES				
S	1714	2025	PL	AVILA: PROYECTO DE LEY QUE ESTABLECE LA SUSPENSIÓN DEL COMPUTO DE LA PRESCRIPCION DE LA ACCION PENAL EN HOMICIDIOS.	86  -	01/10/2025 -	AVILA, BEATRIZ LUISA -	DE JUSTICIA Y ASUNTOS PENALES				
S	1712	2025	PL	HUALA Y DE ANGELI: PROYECTO DE LEY SOBRE REGIMEN DE PROMOCION DE LA IA ARGENTINA.	86  -	01/10/2025 -	HUALA, MARÍA VICTORIA - DE ANGELI, ALFREDO LUIS -	DE LEGISLACIÓN GENERAL	DE CIENCIA Y TECNOLOGÍA	DE PRESUPUESTO Y HACIENDA		
S	1709	2025	PL	LOUSTEAU: PROYECTO DE LEY QUE MODIFICA SUS SIMILARES 24.937(CONSEJO DE LA MAGISTRATURA), 27.148 (ORGÁNICA DEL MINISTERIO PÚBLICO FISCAL DE LA NACIÓN) Y 27.149 (ORGÁNICA DEL MINISTERIO PÚBLICO DE LA DEFENSA DE LA NACIÓN). ESTABLECIENDO PLAZOS PERENTORIOS PARA TERNAS DE JUECES, FISCALES Y DEFENSORES POR PARTE DEL PODER EJECUTIVO.	86  -	01/10/2025 -	LOUSTEAU, MARTÍN -	DE ASUNTOS CONSTITUCIONALES	DE JUSTICIA Y ASUNTOS PENALES			
S	1698	2025	PL	LINARES: PROYECTO DE LEY  DE RESERVA NAVAL DE LA MARINA MERCANTE ARGENTINA.	86  -	01/10/2025 -	LINARES, CARLOS ALBERTO -	DE INFRAESTRUCTURA, VIVIENDA Y TRANSPORTE	DE DEFENSA NACIONAL	DE PRESUPUESTO Y HACIENDA		
S	1697	2025	PR	REJAL Y OTROS: PROYECTO DE RESOLUCION QUE RECHAZA EL DECRETO DE FACULTADES DELEGADAS N° 408/25, QUE DISUELVE DIVERSOS REGIMENES DE PROMOCION DE ACTIVIDADES PRODUCTIVAS.	85  -	01/10/2025 -	REJAL, JESÚS FERNANDO - SALINO, FERNANDO ALDO - MOISES, MARÍA CAROLINA - ANDRADA, GUILLERMO EDUARDO - GIMÉNEZ, NORA DEL VALLE -	DE ASUNTOS CONSTITUCIONALES	DE AGRICULTURA, GANADERÍA Y PESCA			
S	1696	2025	PL	"CORA Y OTROS: PROYECTO DE LEY QUE DEROGA EL DECRETO DE NECESIDAD Y URGENCIA N° 692/25, POR EL CUAL DEROGA EL DECRETO N° 515/14 QUE DECLARÓ AL C.P. SR. NORBERTO FÉLIX GALASSO ""EMBAJADOR DE LA CULTURA POPULAR ARGENTINA""."	85  -	30/09/2025 -	GONZÁLEZ, MARÍA TERESA MARGARITA - LEWANDOWSKI, MARCELO NÉSTOR - RECALDE, MARIANO - CORA, STEFANIA - LEAVY, SERGIO NAPOLEÓN - DE PEDRO, EDUARDO ENRIQUE - FERNÁNDEZ SAGASTI, ANABEL - LÓPEZ, MARÍA FLORENCIA - DURÉ, MARÍA EUGENIA - KIRCHNER, ALICIA MARGARITA ANTONIA - LINARES, CARLOS ALBERTO - GARCÍA LARRABURU, SILVINA MARCELA - ANDRADA, GUILLERMO EDUARDO - REJAL, JESÚS FERNANDO - MENDOZA, SANDRA MARIELA -	DE ASUNTOS CONSTITUCIONALES	DE EDUCACIÓN Y CULTURA			
S	1695	2025	PL	DOÑATE: REPRODUCE PROYECTO DE LEY DE REGIMEN PARA LA INVESTIGACION, DESARROLLO Y PRODUCCION DE ENERGIA RENOVABLE Y PARA LA EFICIENCIA ENERGETICA. (REF. S. 912/23).	85  -	30/09/2025 -	DOÑATE, CLAUDIO MARTÍN -	DE MINERÍA, ENERGÍA Y COMBUSTIBLES	DE PRESUPUESTO Y HACIENDA	DE JUSTICIA Y ASUNTOS PENALES		
S	1694	2025	PL	DOÑATE: REPRODUCE PROYECTO DE LEY QUE CREA LA COMISIÓN BICAMERAL ESPECIAL PARA LA REDACCIÓN DE PROPUESTAS LEGISLATIVAS QUE TIENDAN A LA PROTECCIÓN INTEGRAL DE LOS NEURODERECHOS. (REF. S. 2446/23)	85  -	30/09/2025 -	DOÑATE, CLAUDIO MARTÍN -	DE ASUNTOS CONSTITUCIONALES	DE LEGISLACIÓN GENERAL	DE DERECHOS Y GARANTÍAS		
S	1693	2025	PL	DOÑATE: PROYECTO DE LEY QUE MODIFICA SU SIMILAR 25.188 (ETICA DE LA FUNCION PUBLICA) Y 22.520 (DE MINISTERIOS)- QUE ESTABLECE NUEVAS INCOMPATIBILIDADES Y LIMITACIONES PARA LA OCUPACION DE CARGOS PUBLICOS	85  -	30/09/2025 -	DOÑATE, CLAUDIO MARTÍN -	DE ASUNTOS CONSTITUCIONALES	DE JUSTICIA Y ASUNTOS PENALES			
S	1688	2025	PL	REJAL Y MOISES: PROYECTO DE LEY QUE SUSTITUYE EL INC. M) DEL ART. 5° DE SU SIMILAR 17.622 - INSTITUTO NACIONAL DE ESTADISTICAS Y CENSOS - RESPECTO A LA ELABORACION DE ESTADISTICAS DE LA CANASTA BASICA ALIMENTARIA Y DE LA CANASTA BASICA TOTAL, CONFORME A ESTANDARES INTERNACIONALES.	85  -	30/09/2025 -	REJAL, JESÚS FERNANDO - MOISES, MARÍA CAROLINA -	DE POBLACIÓN Y DESARROLLO  HUMANO				
S	1687	2025	PL	FERNANDEZ SAGASTI: PROYECTO DE LEY QUE CREA LA FEDERACION ARGENTINA DE CIRCULOS DE LEGISLADORES PROVINCIALES.	85  -	30/09/2025 -	FERNÁNDEZ SAGASTI, ANABEL -	DE ASUNTOS ADMINISTRATIVOS Y MUNICIPALES	DE PRESUPUESTO Y HACIENDA			
S	1680	2025	PL	MAYANS Y OTROS: PROYECTO DE LEY QUE DECLARA DE INTERES PUBLICO Y ESTRATEGICO NO ENAJENABLE EL DESARROLLO NUCLEAR ARGENTINO VINCULADO CON EL USO PACIFICO DE LA ENERGIA NUCLEAR Y LAS RADIACIONES IONIZANTES, CONFORMES CON LOS TRATADOS INTERNACIONALES SUSCRIPTOS POR LA REP. ARGENTINA.	85 02/10/2025 -	29/09/2025 -	MAYANS, JOSÉ MIGUEL ÁNGEL - FERNÁNDEZ SAGASTI, ANABEL - DI TULLIO, JULIANA - SALINO, FERNANDO ALDO - DE PEDRO, EDUARDO ENRIQUE - DURÉ, MARÍA EUGENIA - PILATTI VERGARA, MARÍA INÉS - NEDER, JOSÉ EMILIO - UÑAC, SERGIO MAURICIO - CORPACCI, LUCÍA BENIGNA - SAPAG, SILVIA ESTELA  - BENSUSÁN, DANIEL PABLO - LEDESMA ABDALA DE ZAMORA, CLAUDIA - KIRCHNER, ALICIA MARGARITA ANTONIA - MENDOZA, SANDRA MARIELA - MANZUR, JUAN LUIS - LEWANDOWSKI, MARCELO NÉSTOR - ANDRADA, GUILLERMO EDUARDO - REJAL, JESÚS FERNANDO - MOISES, MARÍA CAROLINA - CORA, STEFANIA - LEAVY, SERGIO NAPOLEÓN - LÓPEZ, CÁNDIDA CRISTINA - GIMÉNEZ, NORA DEL VALLE - LINARES, CARLOS ALBERTO - GIMÉNEZ NAVARRO, MARÍA CELESTE - GONZÁLEZ, MARÍA TERESA MARGARITA -	DE MINERÍA, ENERGÍA Y COMBUSTIBLES	DE CIENCIA Y TECNOLOGÍA			
S	1678	2025	PL	PILATTI VERGARA: PROYECTO DE LEY QUE DEROGA EL DECRETO 273/2025, QUE HABILITA LA IMPORTACION DE BIENES USADOS SIN NINGUNA RESTRICCION.	85  -	26/09/2025 -	PILATTI VERGARA, MARÍA INÉS -	DE ASUNTOS CONSTITUCIONALES	DE INDUSTRIA Y COMERCIO			
S	1669	2025	PR	BLANCO: PROYECTO DE RESOLUCION QUE CITA AL SR. CANCILLER GERARDO WERTHEIN, CONFORME AL ART. 71 DE LA C.N. Y EL ART. 214 DEL REGLAMENTO DE LA H. CAMARA, A FIN DE BRINDAR EXPLICACIONES SOBRE EL POSICIONAMIENTO EN MATERIA DE POLITICA EXTERIOR CON RESPECTO A LOS EE.UU.	84 02/10/2025 -	25/09/2025 -	BLANCO, PABLO DANIEL -	DE ASUNTOS CONSTITUCIONALES	DE RELACIONES EXTERIORES Y CULTO			
S	1668	2025	PL	ROMERO: PROYECTO DE LEY QUE TRANSFIERE A TITULO GRATUITO A LA LIGA DE FUTBOL DE ROSARIO DE LA FRONTERA, EL INMUEBLE DE PROPIEDAD DEL ESTADO NACIONAL, UBICADO EN MANZANA N° 37, PARCELA N° 2, MATRICULA 6018, SECCION D, PLANO 727 DEL DEPTO. DE ROSARIO DE LA FRONTERA, PROV. DE SALTA.	84 02/10/2025 -	25/09/2025 -	ROMERO, JUAN CARLOS -	DE ASUNTOS ADMINISTRATIVOS Y MUNICIPALES				
S	1667	2025	PL	"ROMERO: PROYECTO DE LEY QUE TRANFIERE A TITULO GRATUITO AL MUNIC. DE ROSARIO DE LA FRONTERA, DPTO. ROSARIO DE LA FRONTERA, PROV. DE SALTA, EL INMUEBLE DE PROPIEDAD DEL ESTADO NACIONAL CORRESPONDIENTE AL EDIFICIO DE LA ESTACION ""LOS BAÑOS"" EN EL RAMAL C8 DEL FERROCARRIL GENERAL BELGRANO EN EL PLANO DE SUBDIVISION N° 197."	84 02/10/2025 -	25/09/2025 -	ROMERO, JUAN CARLOS -	DE ASUNTOS ADMINISTRATIVOS Y MUNICIPALES				
S	1662	2025	PL	"AVILA: PROYECTO DE LEY QUE INSTITUYE EL 24 DE SEPTIEMBRE DE CADA AÑO, COMO ""DIA NACIONAL DE LA BATALLA DE TUCUMAN""."	84 02/10/2025 -	24/09/2025 -	AVILA, BEATRIZ LUISA -	DE EDUCACIÓN Y CULTURA				
S	1661	2025	PL	AVILA: PROYECTO DE LEY QUE DISPONE LA CONSTRUCCION DE UN MONUMENTO A LA BATALLA DE TUCUMAN, EN LA CDAD. DE SAN MIGUEL DE TUCUMAN.	84 02/10/2025 -	24/09/2025 -	AVILA, BEATRIZ LUISA -	DE EDUCACIÓN Y CULTURA	DE PRESUPUESTO Y HACIENDA			
S	1660	2025	PL	AVILA: PROYECTO DE LEY QUE MODIFICA EL ART. 1° DE SU SIMILAR 27.399, INCORPORANDO COMO FERIADO NACIONAL EL 24 DE SEPTIEMBRE DE CADA AÑO, EN CONMEMORACIÓN A LA BATALLA DE TUCUMAN.	84 02/10/2025 -	24/09/2025 -	AVILA, BEATRIZ LUISA -	DE LEGISLACIÓN GENERAL				
S	1659	2025	PL	TERENZI: PROYECTO DE LEY QUE DECLARA MONUMENTO NATURAL NACIONAL EN EL MARCO DEL ART. 8° DE LA LEY 22.351, A LA ESPECIE ARBOREA FITZROYA CUPRESSOIDES, CONOCIDA COMO ALERCE.	84 02/10/2025 -	24/09/2025 -	TERENZI, EDITH ELIZABETH -	DE AMBIENTE Y DESARROLLO SUSTENTABLE				
S	1658	2025	PR	BLANCO: PROYECTO DE RESOLUCION QUE CITA AL SEÑOR JEFE DE GABINETE DE MINISTROS, GUILLERMO FRANCOS, PARA SER INTERPELADO CONFORME A LO ESTABLECIDO EN EL ART. 101 DE LA C.N., RESPECTO DE LA APLICACIÓN DE LA LEY 27.793.	84 02/10/2025 -	24/09/2025 -	BLANCO, PABLO DANIEL -	DE ASUNTOS CONSTITUCIONALES	DE POBLACIÓN Y DESARROLLO  HUMANO			
S	1656	2025	PR	LINARES Y OTROS: PROYECTO DE RESOLUCION QUE DISPONE LA PROVISION DE INDUMENTARIA Y CALZADO PARA EL PERSONAL DE LAS INTENDENCIAS DEL H.S.N.	84 02/10/2025 -	24/09/2025 -	LINARES, CARLOS ALBERTO - CORA, STEFANIA - LEAVY, SERGIO NAPOLEÓN - DURÉ, MARÍA EUGENIA - GARCÍA LARRABURU, SILVINA MARCELA - SALINO, FERNANDO ALDO - PILATTI VERGARA, MARÍA INÉS - PARRILLI, OSCAR ISIDRO - BENSUSÁN, DANIEL PABLO - RODAS, ANTONIO JOSÉ - MONTENEGRO, GERARDO ANTENOR - ARCE, CARLOS OMAR - DE PEDRO, EDUARDO ENRIQUE - JUEZ, LUIS ALFREDO - UÑAC, SERGIO MAURICIO - LEWANDOWSKI, MARCELO NÉSTOR - REJAL, JESÚS FERNANDO - CORPACCI, LUCÍA BENIGNA - ZIMMERMANN, VICTOR - NEDER, JOSÉ EMILIO - ANDRADA, GUILLERMO EDUARDO - FAMA, FLAVIO SERGIO - GIMÉNEZ NAVARRO, MARÍA CELESTE - KRONEBERGER, DANIEL RICARDO - LÓPEZ, CÁNDIDA CRISTINA - TERENZI, EDITH ELIZABETH - GONZÁLEZ, MARÍA TERESA MARGARITA - DOÑATE, CLAUDIO MARTÍN - BLANCO, PABLO DANIEL - ROJAS DECUT, SONIA ELIZABETH - KIRCHNER, ALICIA MARGARITA ANTONIA - OLALLA, STELLA MARIS - VALENZUELA, MERCEDES GABRIELA - DI TULLIO, JULIANA -	DE TRABAJO Y PREVISIÓN SOCIAL	DE PRESUPUESTO Y HACIENDA			
S	1655	2025	PR	LOPEZ C. Y OTROS: PROYECTO DE RESOLUCION QUE CITA AL MINISTRO DE DEFENSA DE LA NACION, EDGARDO PETRI Y AL CANCILLER DE LA NACION, GERARDO WERTHEIN, PARA SU INTERPELACION CON LO ESTABLECIDO EN EL ART. 71 DE LA C.N. Y EL ART. 214 DEL REGLAMENTO DEL HSN.	83 02/10/2025 -	23/09/2025 -	GONZÁLEZ, MARÍA TERESA MARGARITA - LÓPEZ, CÁNDIDA CRISTINA - REJAL, JESÚS FERNANDO - MOISES, MARÍA CAROLINA - GARCÍA LARRABURU, SILVINA MARCELA -	DE ASUNTOS CONSTITUCIONALES	DE DEFENSA NACIONAL	DE RELACIONES EXTERIORES Y CULTO		
S	1653	2025	PL	VISCHI: REPRODUCE PROYECTO DE LEY QUE CREA LA COMISION BICAMERAL PERMANENTE DE ORGANIZACIÓN Y DESARROLLO ESTRATEGICO TERRITORIAL (REF. S. 1403/23).	83 02/10/2025 -	23/09/2025 -	VISCHI, EDUARDO ALEJANDRO -	DE ASUNTOS CONSTITUCIONALES	DE INFRAESTRUCTURA, VIVIENDA Y TRANSPORTE	DE PRESUPUESTO Y HACIENDA		
S	1651	2025	PL	ABAD: PROYECTO DE LEY QUE SOLICITA INCLUIR EN EL ARTICULO 1 DE LA LEY 27.399 COMO FERIADO NACIONAL TRASLADABLE EL 21 DE ABRIL EN CONMEMORACION DEL PASO A LA INMORTALIDAD DEL PAPA FRANCISCO.	83 02/10/2025 -	23/09/2025 -	ABAD, MAXIMILIANO -	DE LEGISLACIÓN GENERAL				
S	1646	2025	PR	MAYANS Y OTROS: PROYECTO DE RESOLUCION QUE CITA AL JEFE DE GABINETE DE MINISTROS DE LA NACION, LIC. GUILLERMO FRANCOS PARA SER INTERPELADO CONFORME AL ART. 101 DE LA C.N., RESPECTO DE LA APLICACIÓN DE LA LEY 27.793.	83 02/10/2025 -	23/09/2025 -	DI TULLIO, JULIANA - SALINO, FERNANDO ALDO - MAYANS, JOSÉ MIGUEL ÁNGEL - FERNÁNDEZ SAGASTI, ANABEL - PILATTI VERGARA, MARÍA INÉS - LEWANDOWSKI, MARCELO NÉSTOR -	DE ASUNTOS CONSTITUCIONALES	DE POBLACIÓN Y DESARROLLO  HUMANO			
S	1644	2025	PL	"VISCHI: REPRODUCE PROYECTO DE LEY QUE INSTITUYE EL 9 DE OCTUBRE DE CADA AÑO COMO ""DIA NACIONAL DE LA CONCIENTIZACION DE LA ENFERMEDAD CARDIOVASCULAR EN LA MUJER"" Y PROMUEVE UNA CAMPAÑA DE CONCIENTIZACION SOBRE ESTA PROBLEMÁTICA.  (REF.S. 995/23)"	83 02/10/2025 -	22/09/2025 -	VISCHI, EDUARDO ALEJANDRO -	DE SALUD				
S	1643	2025	PL	"VISCHI: REPRODUCE PROYECTO DE LEY QUE DECLARA BIEN HISTORICO NACIONAL, EN LOS TERMINOS DE LA LEY 12.665 Y S/M., AL INMUEBLE IDENTIFICADO COMO EX ""HOTEL DE INMIGRANTES- EX OFICINAS DE PUENTES Y CAMINOS DE GOYA"", SITO EN LA MANZANA N° 497, ENTRE LAS CALLES CAÁ GUAZU Y AV. SARMIENTO DE LA CIUDAD DE GOYA, PROV. DE CORRIENTES. (REF. S.1422/22)"	83 02/10/2025 -	22/09/2025 -	VISCHI, EDUARDO ALEJANDRO -	DE EDUCACIÓN Y CULTURA				
S	1636	2025	PR	PILATTI VERGARA: PROYECTO DE RESOLUCION QUE CITA AL JEFE DE GABINETE DE MINISTROS DE LA NACION, GUILLERMO FRANCOS PARA SER INTERPELADO CONFORME EL ART. 101 DE LA C.N., RESPECTO DE LA APLICACIÓN DE LA LEY 27.793	83 02/10/2025 -	22/09/2025 -	PILATTI VERGARA, MARÍA INÉS -	DE ASUNTOS CONSTITUCIONALES	DE POBLACIÓN Y DESARROLLO  HUMANO			
S	1624	2025	PL	GARCIA LARRABURU Y OTROS: PROYECTO DE LEY QUE DECLARA AL SISTEMA NUCLEAR ARGENTINO COMO BIEN ESTRATÉGICO.	82 02/10/2025 -	18/09/2025 -	GARCÍA LARRABURU, SILVINA MARCELA - GIMÉNEZ NAVARRO, MARÍA CELESTE - SAPAG, SILVIA ESTELA  - LÓPEZ, MARÍA FLORENCIA - GIMÉNEZ, NORA DEL VALLE - RODAS, ANTONIO JOSÉ - NEDER, JOSÉ EMILIO - LEDESMA ABDALA DE ZAMORA, CLAUDIA - LÓPEZ, CÁNDIDA CRISTINA - LINARES, CARLOS ALBERTO - MONTENEGRO, GERARDO ANTENOR - DOÑATE, CLAUDIO MARTÍN - PARRILLI, OSCAR ISIDRO - DURÉ, MARÍA EUGENIA - KIRCHNER, ALICIA MARGARITA ANTONIA - DE PEDRO, EDUARDO ENRIQUE - PILATTI VERGARA, MARÍA INÉS - CORPACCI, LUCÍA BENIGNA - RECALDE, MARIANO - MOISES, MARÍA CAROLINA - GONZÁLEZ, MARÍA TERESA MARGARITA -	DE MINERÍA, ENERGÍA Y COMBUSTIBLES	DE CIENCIA Y TECNOLOGÍA			
S	1619	2025	PL	AVILA: PROYECTO DE LEY DE PREVENCION DEL SUICIDIO POR ACOSO ESCOLAR.	82 02/10/2025 -	18/09/2025 -	AVILA, BEATRIZ LUISA -	DE SALUD	DE LEGISLACIÓN GENERAL	DE PRESUPUESTO Y HACIENDA		
S	1618	2025	PL	AVILA: PROYECTO DE LEY QUE CREA EL SISTEMA UNICO DE ATENCION PROGRAMADA POR TURNOS.	82 02/10/2025 -	18/09/2025 -	AVILA, BEATRIZ LUISA -	DE SALUD	DE PRESUPUESTO Y HACIENDA			
S	1617	2025	PL	AVILA: PROYECTO DE LEY QUE MODIFICA SU SIMILAR 18.345 - DE ORGANIZACIÓN Y PROCEDIMIENTO DE LA JUSTICIA NACIONAL DEL TRABAJO - RESPECTO DEL PROCEDIMIENTO DE EMBARGO PREVENTIVO.	82 02/10/2025 -	18/09/2025 -	AVILA, BEATRIZ LUISA -	DE JUSTICIA Y ASUNTOS PENALES				
S	1616	2025	PL	OLIVERA LUCERO: PROYECTO DE LEY DE PROMOCION DE HABITOS DE ALIMENTACION SALUDABLE EN NIÑOS Y ADOLESCENTES.	82 02/10/2025 -	18/09/2025 -	OLIVERA LUCERO, BRUNO ANTONIO -	DE SALUD	DE INDUSTRIA Y COMERCIO			
S	1615	2025	PL	OLIVERA LUCERO: PROYECTO DE LEY QUE MODIFICA SU SIMILAR 14.346 - DE PROTECCION ANIMAL. MALTRATO Y ACTOS DE CRUELDAD ANIMAL -, RESPECTO DE AGRAVAMIENTO DE PENAS.	82 02/10/2025 -	18/09/2025 -	OLIVERA LUCERO, BRUNO ANTONIO -	DE JUSTICIA Y ASUNTOS PENALES				
S	1600	2025	PL	"CORA Y OTROS: PROYECTO DE LEY QUE ESTABLECE LA JORNADA ""PARTICIPAR"" EN TODAS LAS INSTITUCIONES EDUCATIVAS DE NIVEL SECUNDARIO DEL PAIS, DESTINADA A FORTALECER LA FORMACION CIUDADANA DE LOS ESTUDIANTES."	81  -	16/09/2025 -	CORA, STEFANIA - LINARES, CARLOS ALBERTO - MOISES, MARÍA CAROLINA - GONZÁLEZ, MARÍA TERESA MARGARITA - MONTENEGRO, GERARDO ANTENOR - KIRCHNER, ALICIA MARGARITA ANTONIA - DURÉ, MARÍA EUGENIA - GARCÍA LARRABURU, SILVINA MARCELA -	DE EDUCACIÓN Y CULTURA	DE PRESUPUESTO Y HACIENDA			
S	1598	2025	PL	GADANO: PROYECTO DE LEY QUE DECLARA CIUDAD ORIGEN DE LA PATAGONIA A LA LOC. DE PUERTO SAN JULIAN, DEL DEPTO. MAGALLANES DE LA PROV. DE SANTA CRUZ, Y OTRAS CUESTIONES CONEXAS.	81  -	15/09/2025 -	GADANO, NATALIA ELENA -	DE EDUCACIÓN Y CULTURA	DE PRESUPUESTO Y HACIENDA			
S	1592	2025	PL	"LOPEZ M.F.: PROYECTO DE LEY QUE DECLARA MONUMENTO HISTORICO NACIONAL AL MONUMENTO AL CAMINITO Y AL PREDIO DENOMINADO ""CAMINITO"", UBICADO EN LA CDAD. DE OLTA, DPTO. GRAL. BELGRANO, PROV. DE LA RIOJA."	81  -	15/09/2025 -	LÓPEZ, MARÍA FLORENCIA -	DE EDUCACIÓN Y CULTURA				
S	1591	2025	PL	LOPEZ M.F.: PROYECTO DE LEY QUE DECLARA A LA PROVINCIA DE LA RIOJA COMO CAPITAL NACIONAL DE LA CHAYA.	81  -	15/09/2025 -	LÓPEZ, MARÍA FLORENCIA -	DE EDUCACIÓN Y CULTURA				
S	1586	2025	PL	"CARAMBIA Y GADANO: PROYECTO DE LEY QUE CREA LA ASIGNATURA OBLIGATORIA ""EDUCACION FINANCIERA"", COMO PARTE INTEGRANTE DE LA CURRICULA EDUCATIVA DEL NIVEL SECUNDARIO, CONTEMPLADA EN LA LEY 26.206, EN TODAS SUS MODALIDADES Y ORIENTACIONES, DE GESTION PUBLICA COMO PRIVADA."	80 18/09/2025 -	12/09/2025 -	CARAMBIA, JOSÉ MARÍA - GADANO, NATALIA ELENA -	DE EDUCACIÓN Y CULTURA	DE PRESUPUESTO Y HACIENDA			
S	1583	2025	PL	ABAD Y LOSADA: PROYECTO DE LEY DE EXTINCION DE DOMINIO.	80 18/09/2025 -	11/09/2025 -	ABAD, MAXIMILIANO - LOSADA, CAROLINA -	DE LEGISLACIÓN GENERAL	DE JUSTICIA Y ASUNTOS PENALES	DE SEGURIDAD INTERIOR Y NARCOTRÁFICO	BICAMERAL PERMANENTE DE SEGUIMIENTO Y CONTROL DEL MINISTERIO PÚBLICO DE LA NACIÓN (LEY 24.946 Y SUS MODIFICATORIAS LEY 27.148 Y 27.149)	
S	1571	2025	PL	ANDRADA: PROYECTO DE LEY QUE ESTABLECE LA ACTUALIZACION DE LA ENCUESTA NACIONAL DE GASTOS DE LOS HOGARES.	80 18/09/2025 -	10/09/2025 -	ANDRADA, GUILLERMO EDUARDO -	DE POBLACIÓN Y DESARROLLO  HUMANO	DE PRESUPUESTO Y HACIENDA			
S	1568	2025	PL	CORA Y OTROS: PROYECTO DE LEY QUE ESTABLECE UN MARCO REGULATORIO INTEGRAL PARA EL PROGRAMA DE BECAS DEL CONICET CON EL OBJETIVO DE RECONOCER A BECARIOS EN EL SISTEMA CIENTIFICO TECNOLOGICO ARGENTINO.	79 18/09/2025 -	10/09/2025 -	MOISES, MARÍA CAROLINA - MENDOZA, SANDRA MARIELA - GONZÁLEZ, MARÍA TERESA MARGARITA - CORA, STEFANIA - PILATTI VERGARA, MARÍA INÉS - GIMÉNEZ NAVARRO, MARÍA CELESTE - RECALDE, MARIANO - DURÉ, MARÍA EUGENIA - PARRILLI, OSCAR ISIDRO - FERNÁNDEZ SAGASTI, ANABEL - LÓPEZ, MARÍA FLORENCIA - LINARES, CARLOS ALBERTO - GARCÍA LARRABURU, SILVINA MARCELA -	DE CIENCIA Y TECNOLOGÍA	DE TRABAJO Y PREVISIÓN SOCIAL	DE PRESUPUESTO Y HACIENDA		
S	1566	2025	PL	VISCHI Y OTROS: REPRODUCE PROYECTO DE LEY DE ERRADICACIÓN DE LA VIOLENCIA EN LA INFANCIA Y ADOLESCENCIA. (REF. S. 1455/23)	79 18/09/2025 -	09/09/2025 -	VISCHI, EDUARDO ALEJANDRO - TERENZI, EDITH ELIZABETH - KRONEBERGER, DANIEL RICARDO -	DE LEGISLACIÓN GENERAL	DE POBLACIÓN Y DESARROLLO  HUMANO			
S	1560	2025	PL	RECALDE: PROYECTO DE LEY QUE ESTABLECE EL REGIMEN DE REINTEGRO DEL IVA A JUBILADOS Y PENSIONADOS.	79 18/09/2025 -	09/09/2025 -	RECALDE, MARIANO -	DE PRESUPUESTO Y HACIENDA	DE TRABAJO Y PREVISIÓN SOCIAL			
S	1544	2025	PL	ROMERO: PROYECTO DE LEY QUE MODIFICA SU SIMILAR 26.190 - REGIMEN DE FOMENTO NACIONAL PARA EL USO DE FUENTES RENOVABLES DE ENERGIA DESTINADA A LA PRODUCCION DE ENERGIA ELECTRICA -, RESPECTO DE ESTABLECER UNA TERCERA ETAPA, PERIODO 2026-2035, CON LA META DE ELEVAR LA CONTRIBUCION DE LAS ENERGIA RENOVABLES.	78 18/09/2025 -	08/09/2025 -	ROMERO, JUAN CARLOS -	DE MINERÍA, ENERGÍA Y COMBUSTIBLES	DE PRESUPUESTO Y HACIENDA			
S	1533	2025	PL	ANDRADA Y OTROS: PROYECTO DE LEY QUE MODIFICA SU SIMILAR 24.144 -CARTA ORGANICA DEL BANCO CENTRAL DE LA REP. ARGENTINA- SOBRE LA INTEGRACION Y DESIGNACION DE SU DIRECTORIO.	78 18/09/2025 -	04/09/2025 -	ANDRADA, GUILLERMO EDUARDO - REJAL, JESÚS FERNANDO - MOISES, MARÍA CAROLINA -	DE ECONOMÍA NACIONAL E INVERSIÓN	DE PRESUPUESTO Y HACIENDA			
S	1532	2025	PL	OLIVERA LUCERO: PROYECTO DE LEY QUE MODIFICA EL ART. 14 DE SU SIMILAR 24.240 -DEFENSA DEL CONSUMIDOR-, RESPECTO DEL CERTIFICADO DE GARANTIA.	78 18/09/2025 -	04/09/2025 -	OLIVERA LUCERO, BRUNO ANTONIO -	DE DERECHOS Y GARANTÍAS				
S	1529	2025	PR	PILATTI VERGARA Y OTROS: PROYECTO DE RESOLUCION QUE CITA AL SR. MINISTRO DE RELACIONES EXTERIORES, COMERCIO INTERNACIONAL Y CULTO, VET. GERARDO WERTHEIN, CONFORME AL ART. 71 DE LA C.N. Y EL ART. 214 DEL REGLAMENTO DE LA H. CAMARA, A FIN DE DAR EXPLICACIONES SOBRE LA DECISION DE DECLINAR LA CANDIDATURA DE LA REP. ARGENTINA PARA INTEGRAR EL CONSEJO DE DERECHOS HUMANOS DE LA ONU.	78 18/09/2025 -	04/09/2025 -	PILATTI VERGARA, MARÍA INÉS - KIRCHNER, ALICIA MARGARITA ANTONIA - PARRILLI, OSCAR ISIDRO - GIMÉNEZ, NORA DEL VALLE - GARCÍA LARRABURU, SILVINA MARCELA - CORA, STEFANIA - RECALDE, MARIANO - REJAL, JESÚS FERNANDO -	DE ASUNTOS CONSTITUCIONALES	DE RELACIONES EXTERIORES Y CULTO			
S	1517	2025	PL	HUALA Y OTROS: PROYECTO DE LEY SOBRE CAMPAÑAS NACIONALES DE CONCIENTIZACION, INFORMACION Y PROMOCION DEL USO ETICO DE LA INTELIGENCIA ARTIFICIAL Y NUEVAS TECNOLOGIAS EN COMUNIDADES EDUCATIVAS.	77 18/09/2025 -	03/09/2025 -	HUALA, MARÍA VICTORIA - DE ANGELI, ALFREDO LUIS - JUEZ, LUIS ALFREDO - CRISTINA, ANDREA MARCELA -	DE SISTEMAS, MEDIOS DE COMUNICACIÓN Y LIBERTAD DE EXPRESIÓN	DE CIENCIA Y TECNOLOGÍA	DE PRESUPUESTO Y HACIENDA		
S	1516	2025	PL	UÑAC: PROYECTO DE LEY QUE DECLARA DE INTERES NACIONAL LA PREVENCION, EL TRATAMIENTO Y EL ESTUDIO DE LA SOLEDAD NO DESEADA DE LAS PERSONAS MAYORES.	77 18/09/2025 -	03/09/2025 -	UÑAC, SERGIO MAURICIO -	DE POBLACIÓN Y DESARROLLO  HUMANO	DE PRESUPUESTO Y HACIENDA			
S	1513	2025	PL	PARRILLI Y OTROS: PROYECTO DE LEY QUE DECLARA EL ACCESO LIBRE Y GRATUITO DE LA TRANSMISION DEL MUNDIAL DE FUTBOL 2026, A DESARROLLARSE EN LOS ESTADOS UNIDOS DE AMERICA, MEXICO Y CANADA, ENTRE EL 11 DE JUNIO Y EL 19 DE JULIO.	77 18/09/2025 -	02/09/2025 -	PARRILLI, OSCAR ISIDRO - MAYANS, JOSÉ MIGUEL ÁNGEL - SAPAG, SILVIA ESTELA  - LEAVY, SERGIO NAPOLEÓN - RECALDE, MARIANO - PILATTI VERGARA, MARÍA INÉS - REJAL, JESÚS FERNANDO - DE PEDRO, EDUARDO ENRIQUE - FERNÁNDEZ SAGASTI, ANABEL - GONZÁLEZ, MARÍA TERESA MARGARITA - GARCÍA LARRABURU, SILVINA MARCELA -	DE SISTEMAS, MEDIOS DE COMUNICACIÓN Y LIBERTAD DE EXPRESIÓN	DE PRESUPUESTO Y HACIENDA			
S	1509	2025	PL	BENSUSAN: PROYECTO DE LEY DE PROTECCION INTEGRAL PARA PREVENIR, SANCIONAR Y ERRADICAR LA VIOLENCIA CONTRA LAS PERSONAS MAYORES.	77 18/09/2025 -	02/09/2025 -	BENSUSÁN, DANIEL PABLO -	DE POBLACIÓN Y DESARROLLO  HUMANO	DE PRESUPUESTO Y HACIENDA	DE ASUNTOS CONSTITUCIONALES	DE JUSTICIA Y ASUNTOS PENALES	
S	1508	2025	PL	BENSUSAN: PROYECTO DE LEY DE JUVENTUDES.	77 18/09/2025 -	02/09/2025 -	BENSUSÁN, DANIEL PABLO -	DE LEGISLACIÓN GENERAL	DE POBLACIÓN Y DESARROLLO  HUMANO	DE PRESUPUESTO Y HACIENDA		
S	1506	2025	PL	ALVAREZ RIVERO: REPRODUCE PROYECTO DE LEY DE FORMACIÓN DUAL PARA LA INSERCIÓN LABORAL. (REF. S. 415/23)	77 18/09/2025 -	02/09/2025 -	ALVAREZ RIVERO, CARMEN -	DE TRABAJO Y PREVISIÓN SOCIAL	DE EDUCACIÓN Y CULTURA	DE PRESUPUESTO Y HACIENDA		
S	1503	2025	PR	LOUSTEAU Y BLANCO: PROYECTO DE RESOLUCION QUE CREA LA COMISION ESPECIAL INVESTIGADORA PARA ANALIZAR LAS CONDUCTAS, ACTIVIDADES Y OPERACIONES RELACIONADAS CON EL CONTROL DEL ESTADO NACIONAL EN LA PRODUCCION Y DE DISTRIBUCION DE FENTANILO Y OTRAS CUESTIONES CONEXAS.-	76 18/09/2025 -	02/09/2025 -	LOUSTEAU, MARTÍN - BLANCO, PABLO DANIEL -	DE ASUNTOS CONSTITUCIONALES	DE PRESUPUESTO Y HACIENDA			
S	1502	2025	PL	LEWANDOWSKI: PROYECTO DE LEY QUE DECLARA LA EMERGENCIA AMBIENTAL, ECONOMICA Y HABITACIONAL, POR EL PLAZO DE (90) DIAS, PRORROGABLE POR IGUAL PLAZO, EN LA LOC. Y COMUNA DE MARIA TERESA Y ZONAS ALEDAÑAS DEL DEPTO. DE GRAL. LOPEZ, PROV. DE SANTA FE.	76 18/09/2025 -	02/09/2025 -	LEWANDOWSKI, MARCELO NÉSTOR -	DE PRESUPUESTO Y HACIENDA				
S	1487	2025	PR	ZIMMERMANN: PROYECTO DE RESOLUCIÓN QUE RINDE HOMENAJE A LA MADRE TERESA DE CALCUTA, AL CONMEMORARSE EL 28° ANIVERSARIO DE SU FALLECIMIENTO, EL 5 DE SEPTIEMBRE DE 2025.	76 04/09/2025 -	29/08/2025 -	ZIMMERMANN, VICTOR -	DE EDUCACIÓN Y CULTURA				
S	1480	2025	PL	GIMENEZ NAVARRO: PROYECTO DE LEY QUE MODIFICA SU SIMILAR 26.835 (PROMOCION Y CAPACITACION EN LAS TECNICAS DE REANIMACION CARDIOPULMONAR BASICA)- RESPECTO DE CAPACITAR A LOS ESTUDIANTES Y PERSONAL DOCENTE Y NO DOCENTE QUE SE DESEMPEÑE EN EL SISTEMA EDUCATIVO NACIONAL.	75 04/09/2025 -	28/08/2025 -	GIMÉNEZ NAVARRO, MARÍA CELESTE -	DE EDUCACIÓN Y CULTURA	DE SALUD			
S	1476	2025	PL	ABAD: PROYECTO DE LEY QUE MODIFICA SU SIMILAR 27.430 - REGIMEN PENAL TRIBUTARIO- RESPECTO DE UNA ACTUALIZACION AUTOMATICA EN MATERIA DE PUNIBILIDAD TRIBUTARIA.	75 04/09/2025 -	28/08/2025 -	ABAD, MAXIMILIANO -	DE JUSTICIA Y ASUNTOS PENALES				
S	1475	2025	PR	LEWANDOWSKI: PROYECTO DE RESOLUCION QUE REQUIERE A LA AGENCIA NACIONAL DE DISCAPACIDAD (ANDIS), LA INMEDIATA SUSPENSION DE LAS AUDITORIAS REALIZADAS SEGÚN LA RES. N° 187/2025, RESPECTO DE LAS PENSIONES NO CONTRIBUTIVAS POR INVALIDEZ LABORAL, Y OTRAS CUESTIONES CONEXAS.	75 04/09/2025 -	28/08/2025 -	CORA, STEFANIA - LEWANDOWSKI, MARCELO NÉSTOR - PILATTI VERGARA, MARÍA INÉS -	DE POBLACIÓN Y DESARROLLO  HUMANO	DE PRESUPUESTO Y HACIENDA			
S	1471	2025	PL	BENSUSAN: PROYECTO DE LEY QUE DEROGA LA RES. 1085/25 DEL MINISTERIO DE ECONOMIA DE LA NACION, DE TRANSFERENCIA AL TESORO NACIONAL.	75 04/09/2025 -	27/08/2025 -	BENSUSÁN, DANIEL PABLO -	DE PRESUPUESTO Y HACIENDA	DE COPARTICIPACIÓN FEDERAL DE IMPUESTOS			
S	1462	2025	PL	OLIVERA LUCERO: PROYECTO DE LEY QUE MODIFICA EL ART. 55 DE SU SIMILAR 24.449 - TRANSITO -, RESPECTO DEL TRANSPORTE DE ESCOLARES.	74 04/09/2025 -	26/08/2025 -	OLIVERA LUCERO, BRUNO ANTONIO -	DE INFRAESTRUCTURA, VIVIENDA Y TRANSPORTE				
S	1451	2025	PL	GALARETTO Y OTRAS: PROYECTO DE LEY QUE MODIFICA SU SIMILAR 17.671 -DE IDENTIFICACION, REGISTRO Y CLASIFICACION DEL POTENCIAL HUMANO NACIONAL -, SOBRE RECONOCIMIENTO DE LA CREDENCIAL DIGITAL DEL DNI E INCORPORACION DEL SISTEMA DE IDENTIDAD DIGITAL OFICIAL (IDO).	74 04/09/2025 -	25/08/2025 -	GALARETTO, EDUARDO HORACIO - TERENZI, EDITH ELIZABETH - AVILA, BEATRIZ LUISA - VALENZUELA, MERCEDES GABRIELA - LOSADA, CAROLINA -	DE LEGISLACIÓN GENERAL	DE PRESUPUESTO Y HACIENDA			
S	1450	2025	PL	GALARETTO: PROYECTO DE LEY QUE MODIFICA SU SIMILAR 26.687 (ANTITABAQUISMO) SOBRE REGULACION DE SISTEMAS ELECTRONICOS CON O SIN ADMINISTRACION DE NICOTINA.	74 04/09/2025 -	25/08/2025 -	GALARETTO, EDUARDO HORACIO -	DE SALUD	DE SISTEMAS, MEDIOS DE COMUNICACIÓN Y LIBERTAD DE EXPRESIÓN			
S	1446	2025	PR	LEAVY Y GONZALEZ: PROYECTO DE RESOLUCION QUE CITA A LA SEÑORA SECRETARIA GENERAL DE LA PRESIDENCIA DE LA NACION, LIC. KARINA ELIZABETH MILEI, DE CONFORMIDAD AL ART. 71 DE LA C.N. Y EL ART. 214 DEL REGLAMENTO DEL H. SENADO, A FIN DE DAR EXPLICACIONES SOBRE LOS AUDIOS ADJUDICADOS AL EX DIRECTOR DE LA AGENCIA NACIONAL DE DISCAPACIDAD (ANDIS), DR. DIEGO SPAGNUOLO.	74 04/09/2025 -	25/08/2025 -	PILATTI VERGARA, MARÍA INÉS - CORA, STEFANIA - GONZÁLEZ, MARÍA TERESA MARGARITA - LEAVY, SERGIO NAPOLEÓN - LINARES, CARLOS ALBERTO -	DE ASUNTOS CONSTITUCIONALES	DE POBLACIÓN Y DESARROLLO  HUMANO			
S	1445	2025	PL	CARAMBIA: PROYECTO DE LEY QUE OTORGA UN INCREMENTO ECONOMICO PREVISIONAL A TODAS LAS JUBILACIONES Y PENSIONES ABONADAS POR LA ANSES, QUE TENGAN MOVILIDAD DETERMINADAS POR EL ART. 32 DE LA LEY 24.241 - SISTEMA INTEGRADO DE JUBILACIONES Y PENSIONES -.	73 04/09/2025 -	22/08/2025 -	CARAMBIA, JOSÉ MARÍA - GADANO, NATALIA ELENA -	DE TRABAJO Y PREVISIÓN SOCIAL	DE PRESUPUESTO Y HACIENDA			
S	1438	2025	PL	GARCIA LARRABURU Y OTROS: PROYECTO DE LEY QUE DEROGA LOS DECRETOS 396/25; 458/25; 447/25 Y 459/25.	73 04/09/2025 -	21/08/2025 -	GARCÍA LARRABURU, SILVINA MARCELA - RODAS, ANTONIO JOSÉ - DURÉ, MARÍA EUGENIA - RECALDE, MARIANO - LÓPEZ, MARÍA FLORENCIA - MOISES, MARÍA CAROLINA - KIRCHNER, ALICIA MARGARITA ANTONIA - PILATTI VERGARA, MARÍA INÉS - CORA, STEFANIA - GONZÁLEZ, MARÍA TERESA MARGARITA - DE PEDRO, EDUARDO ENRIQUE - GIMÉNEZ NAVARRO, MARÍA CELESTE - SAPAG, SILVIA ESTELA  - MONTENEGRO, GERARDO ANTENOR - PARRILLI, OSCAR ISIDRO - NEDER, JOSÉ EMILIO -	DE ASUNTOS CONSTITUCIONALES	DE PRESUPUESTO Y HACIENDA			
S	1437	2025	PL	CORA Y OTROS: PROYECTO DE LEY QUE CREA LA CAMPAÑA NACIONAL DE CONCIENTIZACIÓN SOBRE LUDOPATÍA EN EL ÁMBITO DEPORTIVO.	73 04/09/2025 -	21/08/2025 -	CORA, STEFANIA - ANDRADA, GUILLERMO EDUARDO - REJAL, JESÚS FERNANDO - CORPACCI, LUCÍA BENIGNA - DE PEDRO, EDUARDO ENRIQUE - FERNÁNDEZ SAGASTI, ANABEL - DURÉ, MARÍA EUGENIA -	DE SALUD	DE LEGISLACIÓN GENERAL	DE JUSTICIA Y ASUNTOS PENALES		
S	1434	2025	PR	CORPACCI Y OTROS: PROYECTO DE RESOLUCION QUE CITA AL MINISTRO DE SALUD, DR. MARIO IVAN LUGONES Y A LAS AUTORIDADES DE LA ADMINISTRACION NACIONAL DE MEDICAMENTOS, ALIMENTOS Y TECNOLOGIA MEDICA (ANMAT), DE CONFORMIDAD AL ART. 71 DE LA C.N. Y EL ART. 214 DEL REGLAMENTO DEL H. SENADO, A FIN DE BRINDAR INFORME SOBRE EL USO DE FENTANILO CONTAMINADO.	73 04/09/2025 -	21/08/2025 -	CORPACCI, LUCÍA BENIGNA - BENSUSÁN, DANIEL PABLO - MOISES, MARÍA CAROLINA - DOÑATE, CLAUDIO MARTÍN - DURÉ, MARÍA EUGENIA - KIRCHNER, ALICIA MARGARITA ANTONIA - ANDRADA, GUILLERMO EDUARDO - SAPAG, SILVIA ESTELA  - GIMÉNEZ, NORA DEL VALLE -	DE ASUNTOS CONSTITUCIONALES	DE ASUNTOS CONSTITUCIONALES	DE SALUD	DE SALUD	
S	1427	2025	PL	LOPEZ M.F.: PROYECTO DE LEY QUE DECLARA EL ESTADO DE EMERGENCIA A LA CADENA DE VALOR TEXTIL, EN TODO EL TERRITORIO DE LA REP. ARGENTINA POR EL TÉRMINO DE DOS AÑOS, PRORROGABLE POR UNICA VEZ POR EL TERMINO DE UN AÑO.	73 04/09/2025 -	20/08/2025 -	LÓPEZ, MARÍA FLORENCIA -	DE INDUSTRIA Y COMERCIO	DE PRESUPUESTO Y HACIENDA			
S	1424	2025	PL	CARAMBIA: PROYECTO DE LEY QUE DECLARA EL ESTADO DE EMERGENCIA DE LA INFRAESTRUCTURA Y SEGURIDAD DE LA RED VIAL NACIONAL, POR EL PLAZO DE 3 AÑOS, PRORROGABLES POR UNICA VEZ HASTA 18 MESES.	73 04/09/2025 -	20/08/2025 -	CARAMBIA, JOSÉ MARÍA -	DE INFRAESTRUCTURA, VIVIENDA Y TRANSPORTE	DE PRESUPUESTO Y HACIENDA			
S	1423	2025	PL	CARAMBIA: PROYECTO DE LEY QUE INSTITUYE EL 21 DE NOVIEMBRE DE CADA AÑO, COMO DÍA NACIONAL DEL GUANACO.	73 04/09/2025 -	20/08/2025 -	CARAMBIA, JOSÉ MARÍA -	DE AMBIENTE Y DESARROLLO SUSTENTABLE	DE EDUCACIÓN Y CULTURA			
S	1419	2025	PL	AVILA: PROYECTO DE LEY QUE CREA UN PROGRAMA DE SEGURIDAD DESTINADO A IDENTIFICAR Y GEOLOCALIZAR ESTABLECIMIENTOS Y ESCUELAS RURALES EN SITUACION DE EMERGENCIA.	72 04/09/2025 -	20/08/2025 -	AVILA, BEATRIZ LUISA -	DE SEGURIDAD INTERIOR Y NARCOTRÁFICO	DE SEGURIDAD INTERIOR Y NARCOTRÁFICO			
S	1418	2025	PL	AVILA: PROYECTO DE LEY QUE MODIFICA SU SIMILAR 27.155 - EJERCICIO PROFESIONAL DE GUARDAVIDAS - RESPECTO DE REGULAR LA ACTIVIDAD DE LOS GUARDAVIDAS.	72 04/09/2025 -	20/08/2025 -	AVILA, BEATRIZ LUISA -	DE TRABAJO Y PREVISIÓN SOCIAL				
S	1417	2025	PL	AVILA: PROYECTO DE LEY QUE MODIFICA SU SIMILAR 24.898 -SERVICIO METEOROLOGICO NACIONAL - SOBRE INFORMAR A TRAVES DE LOS MEDIOS DE COMUNICACIÓN LA INTENSIDAD DE LA RADIACION ULTRAVIOLETA.	72 04/09/2025 -	20/08/2025 -	AVILA, BEATRIZ LUISA -	DE DEFENSA NACIONAL				
S	1402	2025	PL	"FERNANDEZ SAGASTI: PROYECTO DE LEY QUE CREA EL ""PROGRAMA ACERCAR DERECHOS PARA PERSONAS EN SITUACION DE VIOLENCIAS POR MOTIVOS DE GENERO""."	72 04/09/2025 -	18/08/2025 -	FERNÁNDEZ SAGASTI, ANABEL -	BANCA DE LA MUJER	DE PRESUPUESTO Y HACIENDA			
S	1386	2025	PR	KIRCHNER Y OTRAS: PROYECTO DE RESOLUCION QUE SOLICITA INFORME SOBRE LA DECISION DE CERRAR DEFINITIVAMENTE EL JARDIN DEL BOSQUE Y OTRAS CUESTIONES CONEXAS.	71 04/09/2025 -	13/08/2025 -	KIRCHNER, ALICIA MARGARITA ANTONIA - CORA, STEFANIA - DURÉ, MARÍA EUGENIA - SAPAG, SILVIA ESTELA  - CORPACCI, LUCÍA BENIGNA - PILATTI VERGARA, MARÍA INÉS -	DE ASUNTOS ADMINISTRATIVOS Y MUNICIPALES	DE PRESUPUESTO Y HACIENDA			
S	1385	2025	PL	ROMERO: PROYECTO DE LEY QUE MODIFICA  SU SIMILAR 25.507 - INSTITUTO DE PROMOCION DE LA CARNE VACUNA ARGENTINA - QUE CREA EL FONDO DE PROMOCION DE CARNE VACUNA ARGENTINA Y OTRAS CUESTIONES CONEXAS.	71 21/08/2025 -	13/08/2025 -	ROMERO, JUAN CARLOS -	DE AGRICULTURA, GANADERÍA Y PESCA	DE PRESUPUESTO Y HACIENDA			
S	1378	2025	PL	SILVA: PROYECTO DE LEY DE INTEGRACION DE LA INTELIGENCIA ARTIFICIAL EN LA LEY DE EDUCACION NACIONAL - LEY 26.206 -.	70 21/08/2025 -	12/08/2025 -	SILVA, MÓNICA ESTHER -	DE EDUCACIÓN Y CULTURA	DE CIENCIA Y TECNOLOGÍA	DE PRESUPUESTO Y HACIENDA		
S	1375	2025	PR	DURÉ Y OTRAS: PROYECTO DE RESOLUCION QUE SOLICITA REABRIR EL JARDÍN MATERNO-INFANTIL DEL HONORABLE SENADO DE LA NACION.	70 21/08/2025 -	11/08/2025 -	GIMÉNEZ, NORA DEL VALLE - DURÉ, MARÍA EUGENIA - KIRCHNER, ALICIA MARGARITA ANTONIA - SAPAG, SILVIA ESTELA  - CORA, STEFANIA - PILATTI VERGARA, MARÍA INÉS - GIMÉNEZ NAVARRO, MARÍA CELESTE -	DE ASUNTOS ADMINISTRATIVOS Y MUNICIPALES	DE PRESUPUESTO Y HACIENDA			
S	1374	2025	PL	"RECALDE: PROYECTO DE LEY QUE INCORPORA EL ART. 2° BIS A SU SIMILAR 19.032 (INSTITUTO NACIONAL DE SERVICIOS SOCIALES PARA JUBILADOS Y PENSIONADOS) Y S/M, RESPECTO DE OTORGAR COBERTURA DEL 100% PARA LAS INDICACIONES MEDICAS CONTEMPLADAS EN EL ""VADEMECUM DE MEDICAMENTOS ESENCIALES""."	70 21/08/2025 -	11/08/2025 -	RECALDE, MARIANO -	DE TRABAJO Y PREVISIÓN SOCIAL	DE SALUD	DE PRESUPUESTO Y HACIENDA		
S	1354	2025	PL	CARAMBIA Y OTROS: PROYECTO DE LEY QUE DECLARA CAPITAL NACIONAL DEL GOLFO SAN JORGE A LA CDAD. DE CALETA OLIVIA, PROV. DE SANTA CRUZ.	69 21/08/2025 -	08/08/2025 -	GADANO, NATALIA ELENA - CARAMBIA, JOSÉ MARÍA - ABDALA, BARTOLOMÉ ESTEBAN -	DE EDUCACIÓN Y CULTURA				
S	1353	2025	PL	CARAMBIA Y OTROS: PROYECTO DE LEY QUE DECLARA CAPITAL NACIONAL DEL PINGÜINO DE PENACHO AMARILLO A LA CIUDAD DE PUERTO DESEADO, PROV. DE SANTA CRUZ.	69 21/08/2025 -	08/08/2025 -	CARAMBIA, JOSÉ MARÍA - ABDALA, BARTOLOMÉ ESTEBAN - GADANO, NATALIA ELENA -	DE AMBIENTE Y DESARROLLO SUSTENTABLE				
S	1352	2025	PL	CARAMBIA Y GADANO: PROYECTO DE LEY QUE DECLARA CAPITAL NACIONAL DEL VIENTO A LA CDAD. DE RIO GALLEGOS, PROV. DE SANTA CRUZ.	69 21/08/2025 -	08/08/2025 -	GADANO, NATALIA ELENA - CARAMBIA, JOSÉ MARÍA -	DE MINERÍA, ENERGÍA Y COMBUSTIBLES				
S	1351	2025	PL	CARAMBIA Y OTROS: PROYECTO DE LEY QUE DECLARA CAPITAL NACIONAL DE LA ESTEPA PATAGONICA  A LA CIUDAD DE LAS HERAS, PROV. DE SANTA CRUZ.	69 21/08/2025 -	08/08/2025 -	GADANO, NATALIA ELENA - CARAMBIA, JOSÉ MARÍA - ABDALA, BARTOLOMÉ ESTEBAN -	DE TURISMO				
S	1344	2025	PL	DURE: PROYECTO DE LEY QUE ESTABLECE UNA CAMPAÑA NACIONAL DE DIFUSION Y CONCIENTIZACION SOBRE LA DONACION VOLUNTARIA Y HABITUAL DE SANGRE.	69 21/08/2025 -	08/08/2025 -	DURÉ, MARÍA EUGENIA -	DE SALUD	DE SISTEMAS, MEDIOS DE COMUNICACIÓN Y LIBERTAD DE EXPRESIÓN	DE PRESUPUESTO Y HACIENDA		
S	1337	2025	PL	SALINO Y MOISES: PROYECTO DE LEY QUE DEROGA EL DECRETO Nº 351/25 DEL PEN QUE DISPONE LA TRANSFORMACIÓN DEL BANCO NACIONAL DE DATOS GENÉTICOS (BNDG).	68 21/08/2025 -	07/08/2025 -	MOISES, MARÍA CAROLINA - SALINO, FERNANDO ALDO -	DE ASUNTOS CONSTITUCIONALES	DE CIENCIA Y TECNOLOGÍA			
S	1320	2025	PL	OLIVERA LUCERO: PROYECTO DE LEY QUE CREA UN ACCESO DIRECTO EN EL SITIO WEB DE LA DIRECCION NACIONAL ELECTORAL CON LA INFORMACION DE LOS CANDIDATOS A CARGOS PUBLICOS.	67 21/08/2025 -	06/08/2025 -	OLIVERA LUCERO, BRUNO ANTONIO -	DE ASUNTOS CONSTITUCIONALES				
S	1318	2025	PL	SALINO Y OTROS: PROYECTO DE LEY QUE MODIFICA SU SIMILAR 26122, RESPECTO DEL REGIMEN LEGAL DE LOS DECRETOS DE NECESIDAD Y URGENCIA, DE DELEGACION LEGISLATIVA Y DE PROMULGACION PARCIAL DE LEYES.	67 21/08/2025 - 91 18/03/2026 -	06/08/2025 - 16/10/2025 -	SALINO, FERNANDO ALDO - REJAL, JESÚS FERNANDO - ANDRADA, GUILLERMO EDUARDO - MOISES, MARÍA CAROLINA -	DE ASUNTOS CONSTITUCIONALES	DE ASUNTOS CONSTITUCIONALES	DE ASUNTOS CONSTITUCIONALES		
S	1317	2025	PL	MENDOZA: PROYECTO DE LEY QUE TRANSFIERE A TITULO GRATUITO A FAVOR DE LA MUNICIPALIDAD DE FAMAILLA, PROV. DE TUCUMAN, LOS INMUEBLES PERTENECIENTES AL ESTADO NACIONAL DE EX FERROCARRILES ARGENTINOS (SUP. 52.608,98 M2), Y OTRAS CUESTIONES CONEXAS.	67 21/08/2025 -	06/08/2025 -	MENDOZA, SANDRA MARIELA -	DE ASUNTOS ADMINISTRATIVOS Y MUNICIPALES				
S	1303	2025	PR	VIGO: PROYECTO DE RESOLUCIÓN QUE INSTA A LA REPARACION Y PUESTA EN VALOR DE LA RN 158 QUE UNE A LAS CIUDADES DE SAN FRANCISCO Y RIO CUARTO, EN LA PROV. DE CÓRDOBA.	66 21/08/2025 -	31/07/2025 -	VIGO, ALEJANDRA MARÍA -	DE INFRAESTRUCTURA, VIVIENDA Y TRANSPORTE				
S	1300	2025	PL	ROJAS DECUT: PROYECTO DE LEY DE REGIMEN NACIONAL DE PROMOCION DEL HIDROGENO BAJO EN EMISIONES.	66 21/08/2025 -	30/07/2025 -	ROJAS DECUT, SONIA ELIZABETH -	DE MINERÍA, ENERGÍA Y COMBUSTIBLES	DE JUSTICIA Y ASUNTOS PENALES	DE PRESUPUESTO Y HACIENDA		
S	1299	2025	PL	SUAREZ Y JURI: PROYECTO DE LEY QUE INCORPORA EL ART 139 BIS A SU SIMILAR 19.945 - CODIGO ELECTORAL- RESPECTO DE CANDIDATURAS TESTIMONIALES.	66 21/08/2025 -	30/07/2025 -	ABAD, MAXIMILIANO - SUÁREZ, RODOLFO ALEJANDRO - JURI, MARIANA -	DE ASUNTOS CONSTITUCIONALES				
S	1298	2025	PL	LOPEZ C.: PROYECTO DE LEY QUE DECLARA DE INTERES ESTRATEGICO NACIONAL LA CONEXIÓN AEREA COMERCIAL ENTRE LA PROVINCIA DE TIERRA DEL FUEGO, A.I.A.S., Y LA ANTARTIDA ARGENTINA.	66 21/08/2025 -	30/07/2025 -	LÓPEZ, CÁNDIDA CRISTINA -	DE INFRAESTRUCTURA, VIVIENDA Y TRANSPORTE	DE PRESUPUESTO Y HACIENDA			
S	1295	2025	PL	GIMENEZ NAVARRO: PROYECTO DE LEY SOBRE PROCEDIMIENTO PARA LA DECLARACION DE FIESTAS NACIONALES Y CAPITALES NACIONALES.	66 21/08/2025 -	29/07/2025 -	GIMÉNEZ NAVARRO, MARÍA CELESTE -	DE EDUCACIÓN Y CULTURA				
S	1294	2025	PL	GIMENEZ NAVARRO: PROYECTO DE LEY DE CAPACITACION OBLIGATORIA EN TECNICAS DE REANIMACION CARDIOPULMONAR BASICAS EN LA ADMINISTRACION PUBLICA NACIONAL.	66 21/08/2025 -	29/07/2025 -	GIMÉNEZ NAVARRO, MARÍA CELESTE -	DE SALUD	DE PRESUPUESTO Y HACIENDA			
S	1293	2025	PL	GIMENEZ NAVARRO: PROYECTO DE LEY QUE INCORPORA AL CODIGO CIVIL Y COMERCIAL DE LA NACION LA PERSPECTIVA DE GENERO EN LOS PROCESOS DE FAMILIA.	66 21/08/2025 -	29/07/2025 -	GIMÉNEZ NAVARRO, MARÍA CELESTE -	DE LEGISLACIÓN GENERAL				
S	1289	2025	PR	"PILATTI VERGARA: PROYECTO DE RESOLUCION QUE DISPONE LA REAPERTURA DEL JARDIN MATERNAL ""JARDIN DEL BOSQUE""."	66 21/08/2025 -	28/07/2025 -	PILATTI VERGARA, MARÍA INÉS -	DE ASUNTOS ADMINISTRATIVOS Y MUNICIPALES	DE PRESUPUESTO Y HACIENDA			
S	1287	2025	PL	DE PEDRO Y OTROS: PROYECTO DE LEY QUE DECLARA A AGUA Y SANEAMIENTOS ARGENTINOS SOCIEDAD ANONIMA (AYSA), DE INTERES PUBLICO Y ESTRATEGICO PARA EL DESARROLLO HUMANO, EN LOS TERMINOS DEL ART. 75 INC. 19 DE LA C.N.	66 21/08/2025 -	25/07/2025 -	DE PEDRO, EDUARDO ENRIQUE - DURÉ, MARÍA EUGENIA - RECALDE, MARIANO - KIRCHNER, ALICIA MARGARITA ANTONIA - MENDOZA, SANDRA MARIELA - REJAL, JESÚS FERNANDO - PILATTI VERGARA, MARÍA INÉS - LÓPEZ, MARÍA FLORENCIA - CORA, STEFANIA - GIMÉNEZ, NORA DEL VALLE - SALINO, FERNANDO ALDO - GONZÁLEZ, MARÍA TERESA MARGARITA - SAPAG, SILVIA ESTELA  -	DE INFRAESTRUCTURA, VIVIENDA Y TRANSPORTE	DE ASUNTOS CONSTITUCIONALES			
S	1279	2025	PL	GADANO: PROYECTO DE LEY QUE CREA LA COMISION NACIONAL DE ANALISIS DE CAUSAS (CONAC) COMO ORGANISMO DESCENTRALIZADO DEL MINISTERIO DE JUSTICIA.	65 21/08/2025 -	24/07/2025 -	GADANO, NATALIA ELENA -	DE JUSTICIA Y ASUNTOS PENALES	DE PRESUPUESTO Y HACIENDA			
S	1278	2025	PL	GADANO: PROYECTO DE LEY QUE ESTABLECE UNA BARRERA FITOSANITARIA DE CONTROL CONTRA LA FIEBRE AFTOSA PARA DIVERSAS PROVINCIAS DE LA REGION PATAGONICA.	65 21/08/2025 -	24/07/2025 -	GADANO, NATALIA ELENA -	DE AGRICULTURA, GANADERÍA Y PESCA				
S	1277	2025	PL	GADANO: PROYECTO DE LEY QUE CREA UN REEMBOLSO ADICIONAL A LA EXPORTACION DE MERCADERIAS QUE SE REALICEN POR LOS PUERTOS Y ADUANAS AL SUR DEL RIO COLORADO.	65 21/08/2025 -	24/07/2025 -	GADANO, NATALIA ELENA -	DE PRESUPUESTO Y HACIENDA	DE ECONOMÍAS REGIONALES, ECONOMÍA SOCIAL, MICRO, PEQUEÑA Y MEDIANA EMPRESA			
S	1274	2025	PR	LOPEZ C.: PROYECTO DE RESOLUCION QUE INSTA A LA COMISION BICAMERAL PERMANENTE DEL DEFENSOR DEL PUEBLO, A CUBRIR EL CARGO DE DEFENSOR DEL PUEBLO DE LA NACION, CONFORME A LO PREVISTO EN LA LEY 24.248 Y EN EL ART. 86 DE LA C.N.	65 21/08/2025 -	24/07/2025 -	LÓPEZ, CÁNDIDA CRISTINA -	BICAMERAL PERMANENTE DE LA DEFENSORÍA DEL PUEBLO				
S	1273	2025	PL	UÑAC: PROYECTO DE LEY SOBRE LAVADO VERDE DE IMAGEN - GREENWASHING.	65 21/08/2025 -	23/07/2025 -	UÑAC, SERGIO MAURICIO -	DE LEGISLACIÓN GENERAL	DE SISTEMAS, MEDIOS DE COMUNICACIÓN Y LIBERTAD DE EXPRESIÓN	DE AMBIENTE Y DESARROLLO SUSTENTABLE		
S	1271	2025	PL	AVILA: PROYECTO DE LEY QUE MODIFICA SU SIMILAR 27.640 - BIOCOMBUSTIBLES-, RESPECTO DEL PORCENTAJE OBLIGATORIO DE BIODIESEL Y BIOETANOL EN EL GASOIL Y LA NAFTA.	65 21/08/2025 -	22/07/2025 -	AVILA, BEATRIZ LUISA -	DE MINERÍA, ENERGÍA Y COMBUSTIBLES				
S	1256	2025	PL	LEAVY: PROYECTO DE LEY QUE DEROGA EL DECRETO 461/2025 POR EL CUAL SE DISPUSO LA DISOLUCIÓN DE LA COMISIÓN NACIONAL DEL TRÁNSITO Y LA SEGURIDAD VIAL, DE LA AGENCIA NACIONAL DE SEGURIDAD VIAL (ANSV) Y DE LA DIRECCIÓN NACIONAL DE VIALIDAD (DNV).	64 21/08/2025 -	17/07/2025 -	LEWANDOWSKI, MARCELO NÉSTOR - LEAVY, SERGIO NAPOLEÓN -	DE ASUNTOS CONSTITUCIONALES	DE INFRAESTRUCTURA, VIVIENDA Y TRANSPORTE			
S	1255	2025	PL	GARCIA LARRABURU Y OTROS: PROYECTO DE LEY QUE DEROGA EL DCTO. N° 462/2025 QUE TRANSFORMA EL INSTITUTO NACIONAL DE TECNOLOGIA AGROPECUARIA.	63 21/08/2025 -	17/07/2025 -	GONZÁLEZ, MARÍA TERESA MARGARITA - CORA, STEFANIA - GARCÍA LARRABURU, SILVINA MARCELA - LEWANDOWSKI, MARCELO NÉSTOR - LÓPEZ, CÁNDIDA CRISTINA - MENDOZA, SANDRA MARIELA - DURÉ, MARÍA EUGENIA -	DE ASUNTOS CONSTITUCIONALES	DE AGRICULTURA, GANADERÍA Y PESCA			
S	1253	2025	PL	LOSADA Y OTRAS: PROYECTO DE LEY DE PROTECCION INTEGRAL PARA PREVENIR, SANCIONAR Y ERRADICAR LA VIOLENCIA DIGITAL.	63 21/08/2025 -	17/07/2025 -	LOSADA, CAROLINA - VALENZUELA, MERCEDES GABRIELA - JURI, MARIANA - TERENZI, EDITH ELIZABETH -	DE ASUNTOS CONSTITUCIONALES	DE JUSTICIA Y ASUNTOS PENALES	DE SISTEMAS, MEDIOS DE COMUNICACIÓN Y LIBERTAD DE EXPRESIÓN		
S	1250	2025	PL	ALVAREZ RIVERO: PROYECTO DE LEY QUE DEROGA DIVERSOS ARTICULOS DE LAS LEYES 21.540, 22.430, 22.731 Y 24018, REFERIDOS A REGIMENES JUBILATORIOS DE PRIVILEGIO.	63 21/08/2025 -	17/07/2025 -	ALVAREZ RIVERO, CARMEN -	DE TRABAJO Y PREVISIÓN SOCIAL	DE PRESUPUESTO Y HACIENDA			
S	1249	2025	PL	UÑAC: PROYECTO DE LEY QUE MODIFICA A SU SIMILAR 23.349 - IMPUESTO AL VALOR AGREGADO, T.O. 1997 Y MODIFICACIONES- SOBRE LA REDUCCION DE LA ALICUOTA DEL IVA A LAS HARINAS SIN GLUTEN.	63 21/08/2025 -	17/07/2025 -	UÑAC, SERGIO MAURICIO -	DE PRESUPUESTO Y HACIENDA				
S	1244	2025	PL	PILATTI VERGARA: PROYECTO DE LEY QUE RESTABLECE LA VIGENCIA DE LA LEY 26160 -COMUNIDADES INDIGENAS-, HASTA EL 23 DE NOVIEMBRE DE 2029. Y OTRAS CUESTIONES CONEXAS.	63 21/08/2025 -	16/07/2025 -	PILATTI VERGARA, MARÍA INÉS -	DE LEGISLACIÓN GENERAL	DE ASUNTOS CONSTITUCIONALES	DE POBLACIÓN Y DESARROLLO  HUMANO		
S	1243	2025	PL	CORPACCI: PROYECTO DE LEY QUE DEROGA EL DCTO. N° 462/2025, QUE TRANSFORMA AL INSTITUTO NACIONAL DE TECNOLOGÍA AGROPECUARIA.	63 21/08/2025 -	16/07/2025 -	DURÉ, MARÍA EUGENIA - CORPACCI, LUCÍA BENIGNA -	DE ASUNTOS CONSTITUCIONALES	DE AGRICULTURA, GANADERÍA Y PESCA			
S	1242	2025	PL	CORPACCI: PROYECTO DE LEY QUE DEROGA EL DCTO. N° 461/2025, QUE DISUELVE LA DIRECCIÓN NACIONAL DE VIALIDAD.	63 21/08/2025 -	16/07/2025 -	CORPACCI, LUCÍA BENIGNA -	DE ASUNTOS CONSTITUCIONALES	DE INFRAESTRUCTURA, VIVIENDA Y TRANSPORTE			
S	1228	2025	PL	"CORPACCI: PROYECTO DE LEY QUE DECLARA FIESTA NACIONAL AL ""FESTIVAL DEL PIMIENTO"", QUE SE CELEBRA ANUALMENTE EN LA LOC. DE LA MERCED, DEPTO. PACLIN, PROV. DE CATAMARCA."	62 21/08/2025 -	15/07/2025 -	CORPACCI, LUCÍA BENIGNA -	DE EDUCACIÓN Y CULTURA	DE TURISMO			
S	1226	2025	PL	GARCIA LARRABURU Y OTROS: PROYECTO DE LEY DE PROHIBICION DE VENTA, PUBLICIDAD Y PROMOCION DE DISPOSITIVOS ELECTRONICOS DE ADMINISTRACION DE NICOTINA A MENORES DE EDAD (VAPERS).	62 21/08/2025 -	14/07/2025 -	GONZÁLEZ, MARÍA TERESA MARGARITA - MENDOZA, SANDRA MARIELA - GARCÍA LARRABURU, SILVINA MARCELA - LINARES, CARLOS ALBERTO - KIRCHNER, ALICIA MARGARITA ANTONIA - CORA, STEFANIA - NEDER, JOSÉ EMILIO - LEDESMA ABDALA DE ZAMORA, CLAUDIA - BENSUSÁN, DANIEL PABLO - LÓPEZ, MARÍA FLORENCIA -	DE SALUD	DE JUSTICIA Y ASUNTOS PENALES			
S	1214	2025	PL	LEWANDOWSKI: REPRODUCE PROYECTO DE LEY QUE PROMUEVE LA FINANCIACION DE PROYECTOS Y DE ACTIVIDADES DEPORTIVAS EN LOS CLUBES DE BARRIO Y DE PUEBLO, MEDIANTE APORTES PRIVADOS (REF. S. 1552/23).	61 21/08/2025 -	11/07/2025 -	LEWANDOWSKI, MARCELO NÉSTOR -	DE DEPORTE				
S	1213	2025	PL	LEWANDOWSKI: REPRODUCE PROYECTO DE LEY QUE MODIFICA LA LEY 20.628 - IMPUESTO A LAS GANANCIAS - RESPECTO DE DEDUCIR LOS GASTOS DE PRACTICAS DEPORTIVAS (REF. 2508/22).	61 21/08/2025 -	11/07/2025 -	LEWANDOWSKI, MARCELO NÉSTOR -	DE PRESUPUESTO Y HACIENDA				
S	1206	2025	PL	GARCÍA LARRABURU Y OTROS: PROYECTO DE DECLARACIÓN QUE REPUDIA EL DTO. 462/2025, QUE MODIFICA LA ESTRUCTURA DEL INSTITUTO NACIONAL DE TECNOLOGÍA AGROPECUARIA (INTA).	61 21/08/2025 -	10/07/2025 -	NEDER, JOSÉ EMILIO - MOISES, MARÍA CAROLINA - MONTENEGRO, GERARDO ANTENOR - GARCÍA LARRABURU, SILVINA MARCELA - LEWANDOWSKI, MARCELO NÉSTOR - LINARES, CARLOS ALBERTO - CORPACCI, LUCÍA BENIGNA - KIRCHNER, ALICIA MARGARITA ANTONIA - GIMÉNEZ NAVARRO, MARÍA CELESTE - PILATTI VERGARA, MARÍA INÉS - DE PEDRO, EDUARDO ENRIQUE - GIMÉNEZ, NORA DEL VALLE - DURÉ, MARÍA EUGENIA - SAPAG, SILVIA ESTELA  - MENDOZA, SANDRA MARIELA - LEAVY, SERGIO NAPOLEÓN - FERNÁNDEZ SAGASTI, ANABEL - LEDESMA ABDALA DE ZAMORA, CLAUDIA - GONZÁLEZ, MARÍA TERESA MARGARITA - REJAL, JESÚS FERNANDO - CORA, STEFANIA - PARRILLI, OSCAR ISIDRO - BENSUSÁN, DANIEL PABLO - DOÑATE, CLAUDIO MARTÍN - ANDRADA, GUILLERMO EDUARDO - DI TULLIO, JULIANA - SALINO, FERNANDO ALDO - UÑAC, SERGIO MAURICIO -	DE AGRICULTURA, GANADERÍA Y PESCA				
S	1194	2025	PR	"LOPEZ: PROYECTO DE RESOLUCION QUE INSTITUYE EL ""PREMIO FEDERAL AL DEPORTE ARGENTINO"", RECONOCIMIENTO ANUAL POR EL H.S.N., A DEPORTISTAS O GRUPOS DEPORTIVOS PROFESIONALES."	60 21/08/2025 -	07/07/2025 -	LÓPEZ, MARÍA FLORENCIA -	DE DEPORTE	DE PRESUPUESTO Y HACIENDA			
S	1186	2025	PL	ROMERO: PROYECTO DE LEY QUE MODIFICA SU SIMILAR 23.966 - IMPUESTOS - RESPECTO DE LOS PORCENTAJES ASIGNADOS A LAS DIFERENTES FINALIDADES RECAUDATORIAS.	60 21/08/2025 -	04/07/2025 -	ROMERO, JUAN CARLOS -	DE PRESUPUESTO Y HACIENDA	DE COPARTICIPACIÓN FEDERAL DE IMPUESTOS			
S	1184	2025	PL	AVILA: PROYECTO DE LEY QUE CREA EL REGISTRO NACIONAL DE SISTEMAS DE RETENCION INFANTIL (SRI).	60 21/08/2025 -	04/07/2025 -	AVILA, BEATRIZ LUISA -	DE LEGISLACIÓN GENERAL	DE INFRAESTRUCTURA, VIVIENDA Y TRANSPORTE			
S	1183	2025	PL	LOSADA Y OTROS: PROYECTO DE LEY QUE MODIFICA SU SIMILAR 24.937- CONSEJO DE LA MAGISTRATURA -, RESPECTO DE INICIAR UN PROCEDIMIENTO DE REMOCION DE DICHO ORGANISMO.	59 21/08/2025 -	04/07/2025 -	LOSADA, CAROLINA - OLALLA, STELLA MARIS - BLANCO, PABLO DANIEL - VALENZUELA, MERCEDES GABRIELA - FAMA, FLAVIO SERGIO - KRONEBERGER, DANIEL RICARDO - VISCHI, EDUARDO ALEJANDRO -	DE ASUNTOS CONSTITUCIONALES	DE JUSTICIA Y ASUNTOS PENALES			
S	1182	2025	PL	"PILATTI VERGARA: PROYECTO DE LEY QUE INCOPORA COMO ART. 3° BIS DE SU SIMILAR 27.234 -VIOLENCIA DE GENERO-, RESPECTO DE GARANTIZAR LA REALIZACION DE LAS JORNADAS ""EDUCAR EN IGUALDAD: PREVENCION Y ERRADICACION DE LA VIOLENCIA DE GENERO"", EN EL MARCO DE LA POLITICA EDUCATIVA FEDERAL."	59 21/08/2025 -	04/07/2025 -	PILATTI VERGARA, MARÍA INÉS -	BANCA DE LA MUJER	DE PRESUPUESTO Y HACIENDA			
S	1179	2025	PL	PILATTI VERGARA Y OTROS: PROYECTO DE LEY QUE DECLARA EL ESTADO DE EMERGENCIA DE LA INFRAESTRUCTURA VIAL NACIONAL, POR EL PLAZO DE 1 AÑO.	59 21/08/2025 -	03/07/2025 -	PILATTI VERGARA, MARÍA INÉS - GARCÍA LARRABURU, SILVINA MARCELA - KIRCHNER, ALICIA MARGARITA ANTONIA - LINARES, CARLOS ALBERTO - GIMÉNEZ NAVARRO, MARÍA CELESTE -	DE INFRAESTRUCTURA, VIVIENDA Y TRANSPORTE	DE PRESUPUESTO Y HACIENDA			
S	1174	2025	PL	OLIVERA LUCERO: PROYECTO DE LEY QUE INCORPORA, UN PROTOCOLO DE DETECCION DE ADICCION A LAS PANTALLAS Y USOS PROBLEMATICOS DE LA TECNOLOGIAS DE LA INFORMACION Y LA COMUNICACIÓN (TIC), EN MENORES DE 18 AÑOS, EN EL CONTROL DEL NIÑO SANO.	59 21/08/2025 -	03/07/2025 -	OLIVERA LUCERO, BRUNO ANTONIO -	DE SALUD	DE POBLACIÓN Y DESARROLLO  HUMANO			
S	1165	2025	PL	UÑAC: PROYECTO DE LEY SOBRE RÉGIMEN DE EMERGENCIA Y PROMOCIÓN PARA LAS PYMES VITIVINÍCOLAS.	59 21/08/2025 -	02/07/2025 -	UÑAC, SERGIO MAURICIO -	DE PRESUPUESTO Y HACIENDA	DE ECONOMÍAS REGIONALES, ECONOMÍA SOCIAL, MICRO, PEQUEÑA Y MEDIANA EMPRESA	DE AGRICULTURA, GANADERÍA Y PESCA		
S	1158	2025	PR	PARRILLI Y OTROS: PROYECTO DE RESOLUCION QUE RECHAZA Y DECLARA NULO EL FALLO DE LA JUEZA LORETTA PRESKA DEL DISTRITO SUR DE NUEVA YORK QUE CONDENA A LA ARGENTINA POR LA RENACIONALIZACION DE YPF Y OTRAS CUESTIONES CONEXAS.	58 21/08/2025 -	02/07/2025 -	NEDER, JOSÉ EMILIO - LINARES, CARLOS ALBERTO - PARRILLI, OSCAR ISIDRO - MAYANS, JOSÉ MIGUEL ÁNGEL - DI TULLIO, JULIANA - DURÉ, MARÍA EUGENIA - GARCÍA LARRABURU, SILVINA MARCELA - SAPAG, SILVIA ESTELA  - MENDOZA, SANDRA MARIELA - CORA, STEFANIA - FERNÁNDEZ SAGASTI, ANABEL - GONZÁLEZ, MARÍA TERESA MARGARITA - KIRCHNER, ALICIA MARGARITA ANTONIA - LÓPEZ, MARÍA FLORENCIA - MANZUR, JUAN LUIS - PILATTI VERGARA, MARÍA INÉS - LEAVY, SERGIO NAPOLEÓN - GIMÉNEZ NAVARRO, MARÍA CELESTE -	DE ASUNTOS CONSTITUCIONALES				
S	1156	2025	PL	MENDOZA: REPRODUCE PROYECTO DE LEY QUE MODIFICA SU SIMILAR 26.485 (PROTECCIÓN INTEGRAL DE LAS MUJERES), ESTABLECIENDO LA IMPLEMENTACIÓN DE UN SISTEMA DE MONITOREO Y ALERTA PARA PREVENIR INCUMPLIMIENTOS DE LAS MEDIDAS DISPUESTAS POR LA AUTORIDAD COMPETENTE. (REF. S. 1912/23)	58 21/08/2025 -	02/07/2025 -	MENDOZA, SANDRA MARIELA -	BANCA DE LA MUJER	DE JUSTICIA Y ASUNTOS PENALES			
S	1155	2025	PL	GIMENEZ NAVARRO: PROYECTO DE LEY QUE MODIFICA SU SIMILAR 26.835 - DE PROMOCION Y CAPACITACION EN LAS TECNICAS DE REANIMACION CARDIOPULMONAR BASICAS (RCP), RESPECTO DE CAPACITAR A PERSONAL DOCENTE Y NO DOCENTE Y LA PROMOCION DE UNA CAMPAÑA DE DIVULGACION.	58 21/08/2025 -	02/07/2025 -	GIMÉNEZ NAVARRO, MARÍA CELESTE -	DE EDUCACIÓN Y CULTURA	DE SISTEMAS, MEDIOS DE COMUNICACIÓN Y LIBERTAD DE EXPRESIÓN			
S	1153	2025	PL	ATAUCHE: PROYECTO DE LEY QUE INCORPORA EL ART. 9° BIS A SU SIMILAR 14.250 - CONVENCIONES COLECTIVAS DE TRABAJO - RESPECTO DE TRANSFORMAR EN VOLUNTARIOS LOS APORTES, CONTRIBUCIONES O CUALQUIER OTRO TIPO DE CARGA ECONÓMICA EN BENEFICIO DE LAS CÁMARAS, ASOCIACIONES O AGRUPACIONES DE EMPLEADORES.	58 21/08/2025 -	02/07/2025 -	ATAUCHE, EZEQUIEL -	DE TRABAJO Y PREVISIÓN SOCIAL				
S	1150	2025	PR	LOPEZ C. Y OTROS: PROYECTO DE RESOLUCION QUE EXIGE MOCION DE CENSURA AL JEFE DE GABINETE DE MINISTROS, EN LOS TERMINOS DEL ART. 101 DE LA CN., POR SU RETIRO DE LA SESION INFORMATIVA DEL 26 DE JUNIO Y NO COMPARECER EN LA CONVOCATORIA PREVISTA PARA EL 2 DE JULIO DEL CORRIENTE.	58 21/08/2025 -	02/07/2025 -	LÓPEZ, CÁNDIDA CRISTINA - GARCÍA LARRABURU, SILVINA MARCELA - SAPAG, SILVIA ESTELA  - PILATTI VERGARA, MARÍA INÉS - LINARES, CARLOS ALBERTO - GONZÁLEZ, MARÍA TERESA MARGARITA -	DE ASUNTOS CONSTITUCIONALES				
S	1146	2025	PL	REJAL Y OTROS: PROYECTO DE LEY QUE DECLARA LA EMERGENCIA DEL SISTEMA VIAL NACIONAL, POR EL TERMINO DE 2 AÑOS.	58 21/08/2025 -	02/07/2025 -	REJAL, JESÚS FERNANDO - ANDRADA, GUILLERMO EDUARDO - MOISES, MARÍA CAROLINA - SALINO, FERNANDO ALDO -	DE INFRAESTRUCTURA, VIVIENDA Y TRANSPORTE	DE PRESUPUESTO Y HACIENDA			
S	1143	2025	PL	LOSADA Y OTROS: PROYECTO DE LEY QUE REGULA EL ALCANCE, LAS RELACIONES, LAS CONSECUENCIAS JURÍDICAS Y EL PROCEDIMIENTO DE GESTACIÓN POR SUSTITUCIÓN.	58 21/08/2025 -	01/07/2025 -	LOSADA, CAROLINA - OLALLA, STELLA MARIS - BLANCO, PABLO DANIEL - KRONEBERGER, DANIEL RICARDO - GALARETTO, EDUARDO HORACIO -	DE LEGISLACIÓN GENERAL	DE SALUD			
S	1135	2025	PL	ATAUCHE: PROYECTO DE LEY QUE REGULA EL DERECHO DE LOS USUARIOS DE SERVICIOS FINANCIEROS A LA PORTABILIDAD FINANCIERA.	57 21/08/2025 -	30/06/2025 -	ATAUCHE, EZEQUIEL -	DE ECONOMÍA NACIONAL E INVERSIÓN	DE DERECHOS Y GARANTÍAS			
S	1132	2025	PL	CARAMBIA Y OTRAS: PROYECTO DE LEY SOBRE REGIMEN DE FOMENTO NACIONAL PARA EL USO DE FUENTES RENOVABLES DE ENERGIA DESTINADA A LA PRODUCCION DE ENERGIA ELECTRICA.	57 21/08/2025 -	30/06/2025 -	CARAMBIA, JOSÉ MARÍA - PILATTI VERGARA, MARÍA INÉS - CREXELL, CARMEN LUCILA - GADANO, NATALIA ELENA -	DE MINERÍA, ENERGÍA Y COMBUSTIBLES	DE PRESUPUESTO Y HACIENDA			
S	1121	2025	PL	DURÉ: PROYECTO DE LEY DE PROTECCIÓN DE LAS MUJERES TRABAJADORAS QUE PADECEN VIOLENCIA DE GÉNERO.	56 21/08/2025 -	27/06/2025 -	DURÉ, MARÍA EUGENIA -	DE TRABAJO Y PREVISIÓN SOCIAL	BANCA DE LA MUJER			
S	1119	2025	PL	HUALA Y OTROS: PROYECTO DE LEY QUE CREA UNA CAMPAÑA NACIONAL PERMANENTE DE CONCIENTIZACION Y EDUCACION VIAL INTEGRAL.	56 21/08/2025 -	27/06/2025 -	HUALA, MARÍA VICTORIA - DE ANGELI, ALFREDO LUIS - VALENZUELA, MERCEDES GABRIELA - KRONEBERGER, DANIEL RICARDO -	DE SISTEMAS, MEDIOS DE COMUNICACIÓN Y LIBERTAD DE EXPRESIÓN	DE INFRAESTRUCTURA, VIVIENDA Y TRANSPORTE			
S	1117	2025	PL	CARAMBIA: PROYECTO DE LEY QUE SUSTITUYE EL ART. 11 DE SU SIMILAR 24.449 - TRANSITO -, RESPECTO DE LAS EDADES MINIMAS PARA CONDUCIR.	56 21/08/2025 -	27/06/2025 -	CARAMBIA, JOSÉ MARÍA - GADANO, NATALIA ELENA -	DE INFRAESTRUCTURA, VIVIENDA Y TRANSPORTE				
S	1116	2025	PL	CARAMBIA: PROYECTO DE LEY SOBRE MARCO REGULATORIO DE LOS JUEGOS DE APUESTAS EN LINEA Y PROHIBICION DE SU PUBLICIDAD, PATROCINIO, PROMOCION, AUSPICIO Y SPONSOREO PARA LA PREVENCION DE LA CIBERLUDOPATIA INFANTIL.	56 21/08/2025 -	27/06/2025 -	CARAMBIA, JOSÉ MARÍA - GADANO, NATALIA ELENA -	DE SALUD	DE LEGISLACIÓN GENERAL	DE JUSTICIA Y ASUNTOS PENALES		
S	1115	2025	PL	AVILA: PROYECTO DE LEY QUE MODIFICA SU SIMILAR 26.657 - SALUD MENTAL -, RESPECTO DE SU DEFINICIÓN, MODALIDAD DE ABORDAJE E INTERNACIONES.	56 21/08/2025 -	27/06/2025 -	AVILA, BEATRIZ LUISA -	DE SALUD	DE LEGISLACIÓN GENERAL			
S	1102	2025	PL	AVILA: PROYECTO DE LEY DE HUMANIZACION DEL DIAGNOSTICO POR IMÁGENES EN PEDIATRIA.	55 21/08/2025 -	26/06/2025 -	AVILA, BEATRIZ LUISA -	DE LEGISLACIÓN GENERAL	DE SALUD			
S	1099	2025	PL	ROMERO: PROYECTO DE LEY QUE CREA EL PLAN NACIONAL DE ALFABETIZACION EN INTELIGENCIA ARTIFICIAL.	55 21/08/2025 -	25/06/2025 -	ROMERO, JUAN CARLOS -	DE EDUCACIÓN Y CULTURA	DE CIENCIA Y TECNOLOGÍA	DE PRESUPUESTO Y HACIENDA		
S	1093	2025	PL	REJAL Y OTROS: PROYECTO DE LEY QUE CREA EL REGIMEN ESPECIAL PARA LA INVERSION INMOBILIARIA.	55 21/08/2025 -	25/06/2025 -	REJAL, JESÚS FERNANDO - ANDRADA, GUILLERMO EDUARDO - MOISES, MARÍA CAROLINA -	DE LEGISLACIÓN GENERAL	DE PRESUPUESTO Y HACIENDA	DE INFRAESTRUCTURA, VIVIENDA Y TRANSPORTE		
S	1084	2025	PL	OLIVERA LUCERO: PROYECTO DE LEY QUE CREA EL PROGRAMA NACIONAL DE PREVENCION DE LA ADICCION A LAS PANTALLAS.	54 21/08/2025 -	25/06/2025 -	OLIVERA LUCERO, BRUNO ANTONIO -	DE EDUCACIÓN Y CULTURA	DE PRESUPUESTO Y HACIENDA			
S	1066	2025	PL	DE PEDRO: PROYECTO DE LEY QUE DISPONE EL CESE DE TODA DELEGACION DE FACULTADES AL PEN EFECTUADA POR SU SIMILAR 27.742 - DE BASES Y PUNTOS DE PARTIDA PARA LA LIBERTAD DE LOS ARGENTINOS -.	53 21/08/2025 -	23/06/2025 -	DE PEDRO, EDUARDO ENRIQUE -	DE ASUNTOS CONSTITUCIONALES	DE LEGISLACIÓN GENERAL	DE PRESUPUESTO Y HACIENDA		
S	1065	2025	PL	DI TULLIO: REPRODUCE EL PROYECTO DE LEY QUE SUSTITUYE EL ART. 21 DEL DCTO. LEY 1285/58 - ORGANIZACIÓN DE LA JUSTICIA - AMPLIANDO EL NUMERO DE INTEGRANTES DE LA CORTE SUPREMA DE JUSTICIA DE LA NACION, DEBIENDO RESPETARSE EN SU INTEGRACION LA DIVERSIDAD DE GENERO. (REF. S. 1082/20)	53 21/08/2025 -	23/06/2025 -	DI TULLIO, JULIANA -	DE ASUNTOS CONSTITUCIONALES	DE JUSTICIA Y ASUNTOS PENALES			
S	1064	2025	PL	TERENZI: PROYECTO DE LEY DE FORMAS ESPECIALES DE CRIMINALIDAD AMBIENTAL.	53 21/08/2025 -	19/06/2025 -	TERENZI, EDITH ELIZABETH -	DE JUSTICIA Y ASUNTOS PENALES	DE AMBIENTE Y DESARROLLO SUSTENTABLE			
S	1063	2025	PL	SILVA: PROYECTO DE LEY DE LINEAMIENTOS GENERALES PARA LA GESTION INTEGRAL Y SUSTENTABLE DE LOS RESIDUOS DE APARATOS ELECTRICOS Y ELECTRONICOS (RAEE) SEGÚN LO DISPUESTO POR LA LEY 25.916.	53 21/08/2025 -	19/06/2025 -	SILVA, MÓNICA ESTHER -	DE AMBIENTE Y DESARROLLO SUSTENTABLE	DE PRESUPUESTO Y HACIENDA			
S	1062	2025	PL	ROJAS DECUT: PROYECTO DE LEY QUE MODIFICA SU SIMILAR 22.421 - PROTECCION Y CONSERVACION DE LA FAUNA SILVESTRE - RESPECTO DE ACTUALIZAR LAS PENAS PARA LAS INFRACCIONES.	53 21/08/2025 -	19/06/2025 -	ROJAS DECUT, SONIA ELIZABETH -	DE AMBIENTE Y DESARROLLO SUSTENTABLE	DE JUSTICIA Y ASUNTOS PENALES			
S	1061	2025	PL	LOSADA Y OTROS: PROYECTO DE LEY QUE PROMUEVE EL DERECHO A LA PORTABILIDAD FINANCIERA PARA TODA PERSONA HUMANA O JURIDICA.	53 21/08/2025 -	19/06/2025 -	LOSADA, CAROLINA - VALENZUELA, MERCEDES GABRIELA - TERENZI, EDITH ELIZABETH - FAMA, FLAVIO SERGIO - OLALLA, STELLA MARIS - KRONEBERGER, DANIEL RICARDO - GALARETTO, EDUARDO HORACIO -	DE ECONOMÍA NACIONAL E INVERSIÓN	DE DERECHOS Y GARANTÍAS			
S	1057	2025	PL	ZIMMERMANN Y OTROS: PROYECTO DE LEY QUE ESTABLECE UNA TARIFA ELECTRICA DIFERENCIAL PARA EL NEA Y PARTIDA ESPECIFICA PARA SUBSIDIOS DE CONSUMOS ELECTRICOS DEL NORDESTE.	53 21/08/2025 -	18/06/2025 -	PAOLTRONI, FRANCISCO MANUEL - ZIMMERMANN, VICTOR - PILATTI VERGARA, MARÍA INÉS - VISCHI, EDUARDO ALEJANDRO - RODAS, ANTONIO JOSÉ - VALENZUELA, MERCEDES GABRIELA - ESPÍNOLA, CARLOS MAURICIO - ARCE, CARLOS OMAR - ROJAS DECUT, SONIA ELIZABETH -	DE MINERÍA, ENERGÍA Y COMBUSTIBLES	DE PRESUPUESTO Y HACIENDA			
S	1049	2025	PR	"AVILA: PROYECTO DE RESOLUCION QUE ESTABLECE EN EL AMBITO DEL H. SENADO DE LA NACION LA ""MENCION LOLA MORA: A LAS ARTES Y LA GESTION CULTURAL""."	53 21/08/2025 -	18/06/2025 -	AVILA, BEATRIZ LUISA -	DE EDUCACIÓN Y CULTURA	DE PRESUPUESTO Y HACIENDA			
S	1043	2025	PL	TERENZI: PROYECTO DE LEY DE AMPLIACIÓN E INTEGRACIÓN DE LA CORTE SUPREMA DE JUSTICIA DE LA NACIÓN.	52 21/08/2025 -	17/06/2025 -	TERENZI, EDITH ELIZABETH -	DE ASUNTOS CONSTITUCIONALES	DE JUSTICIA Y ASUNTOS PENALES			
S	1040	2025	PL	FERNANDEZ SAGASTI: PROYECTO DE LEY QUE RESTABLECE LA VIGENCIA DE LOS ARTS. 7 A 11, 13 Y 16 DE SU SIMILAR N° 23.351 - BIBLIOTECAS POPULARES-.	52 21/08/2025 -	17/06/2025 -	FERNÁNDEZ SAGASTI, ANABEL -	DE ASUNTOS CONSTITUCIONALES	DE EDUCACIÓN Y CULTURA			
S	1032	2025	PL	GARCIA LARRABURU Y PILATTI VERGARA : PROYECTO DE LEY DE PROTECCION PARA LOS ANIMALES DE EXPERIMENTACION UTILIZADOS CON FINES CIENTIFICOS Y EDUCATIVOS.	52 21/08/2025 -	13/06/2025 -	PILATTI VERGARA, MARÍA INÉS - GARCÍA LARRABURU, SILVINA MARCELA -	DE LEGISLACIÓN GENERAL	DE CIENCIA Y TECNOLOGÍA	DE PRESUPUESTO Y HACIENDA		
S	1023	2025	PL	BLANCO: PROYECTO DE LEY QUE DECLARA LUGAR HISTORICO NACIONAL A LOS DISTINTOS EDIFICIOS, EMPLAZADOS EN EL BATALLON DE INFANTERIA DE MARINA 5, CON ASIENTO EN LA CDAD. DE RIO GRANDE, PROV. DE TIERRA DEL FUEGO, A.I.A.S.	51 21/08/2025 -	12/06/2025 -	BLANCO, PABLO DANIEL -	DE EDUCACIÓN Y CULTURA				
S	1021	2025	PR	GALARETTO: PROYECTO DE RESOLUCION QUE RECONOCE A LA CONFEDERACION MÉDICA DE LA REPUBLICA ARGENTINA, AL CONMEMORARSE EL 84° ANIVERSARIO DE SU CREACION, EL 22 DE MAYO DE 2025.	51 21/08/2025 -	12/06/2025 -	GALARETTO, EDUARDO HORACIO -	DE SALUD				
S	1020	2025	PL	GALARETTO Y LOSADA: PROYECTO DE LEY QUE TRANSFIERE A TÍTULO GRATUITO A FAVOR DE LA MUNICIPALIDAD DE MONTE VERA, LOS INMUEBLES PERTENECIENTES AL ESTADO NACIONAL SITOS EN ZONA 1- URBANA, CORRESPONDIENTES AL CUADRO DE LA EX ESTACIÓN DE FERROCARRILES ARGENTINOS DE MONTE VERA, LÍNEA GRAL BELGRANO.	51 21/08/2025 -	12/06/2025 -	GALARETTO, EDUARDO HORACIO - LOSADA, CAROLINA -	DE ASUNTOS ADMINISTRATIVOS Y MUNICIPALES				
S	1019	2025	PL	GALARETTO Y LOSADA: PROYECTO DE LEY QUE TRANSFIERE A TÍTULO GRATUITO A FAVOR DE LA MUNICIPALIDAD DE MONTE VERA, LOS INMUEBLES PERTENECIENTES AL ESTADO NACIONAL SITOS ZONA 2-SUBURBANA, CORRESPONDIENTES AL CUADRO DE LA EX ESTACIÓN GALLARDO DE FERROCARRILES ARGENTINOS, LÍNEA GRAL BELGRANO.	51 21/08/2025 -	12/06/2025 -	LOSADA, CAROLINA - GALARETTO, EDUARDO HORACIO -	DE ASUNTOS ADMINISTRATIVOS Y MUNICIPALES				
S	1017	2025	PL	CORPACCI: PROYECTO DE LEY SOBRE ASISTENCIA Y PROTECCION DE LAS PERSONAS CON DISCAPACIDAD.	51 21/08/2025 -	12/06/2025 -	CORPACCI, LUCÍA BENIGNA -	DE SALUD	DE TRABAJO Y PREVISIÓN SOCIAL	DE PRESUPUESTO Y HACIENDA		
S	1015	2025	PR	"CREXELL Y OTROS: PROYECTO DE RESOLUCION QUE ESTABLECE EL INCREMENTO DE LOS MODULOS DE LA DIETA DE LOS SRES. SENADORES, Y LOS SUCESIVOS INCREMENTOS QUE DECIDAN NO PERCIBIR VOLUNTARIAMENTE, SERAN DONADOS A LA FUNDACION HOSPITAL DE PEDIATRIA ""PROF. JUAN P. GARRAHAN""."	51 21/08/2025 -	12/06/2025 -	CREXELL, CARMEN LUCILA - VIGO, ALEJANDRA MARÍA - ESPÍNOLA, CARLOS MAURICIO - TERENZI, EDITH ELIZABETH - ROMERO, JUAN CARLOS -	DE ASUNTOS CONSTITUCIONALES				
S	1013	2025	PL	FERNANDEZ SAGASTI: PROYECTO DE LEY QUE RESTABLECE LA VIGENCIA DE LOS ARTS. 7 A 18, 21 A 28 Y 32 DE SU SIMILAR 24.800, RESPECTO DEL RÉGIMEN LEGAL VIGENTE DEL INSTITUTO NACIONAL DEL TEATRO (INT), Y OTRAS CUESTIONES CONEXAS.	51 21/08/2025 -	11/06/2025 -	FERNÁNDEZ SAGASTI, ANABEL -	DE ASUNTOS CONSTITUCIONALES	DE EDUCACIÓN Y CULTURA			
S	1012	2025	PL	GARCIA LARRABURU Y OTROS: PROYECTO DE LEY QUE DEROGA LOS DCTOS.345/25 Y 346/25 DEL PODER EJECUTIVO NACIONAL, RESPECTO DE LA AUTARQUIA DEL INSTITUTO NACIONAL DEL TEATRO (INT) Y UNIFICANDO DISTINTOS CENTROS CULTURALES EN UNA UNIDAD ORGANIZATIVA DENTRO DE LA SECRETARIA DE CULTURA DE LA NACION.	51 21/08/2025 -	11/06/2025 -	GIMÉNEZ, NORA DEL VALLE - GARCÍA LARRABURU, SILVINA MARCELA - GONZÁLEZ, MARÍA TERESA MARGARITA - CORPACCI, LUCÍA BENIGNA - LINARES, CARLOS ALBERTO -	DE ASUNTOS CONSTITUCIONALES	DE EDUCACIÓN Y CULTURA			
S	1008	2025	PL	OLIVERA LUCERO: PROYECTO DE LEY DE PROHIBICION DE LA PIROTECNIA SONORA.	51 21/08/2025 -	11/06/2025 -	OLIVERA LUCERO, BRUNO ANTONIO -	DE INDUSTRIA Y COMERCIO	DE JUSTICIA Y ASUNTOS PENALES			
S	1005	2025	PL	BLANCO: PROYECTO DE LEY QUE CREA LA OFICINA ANTICORRUPCION.	51 21/08/2025 -	10/06/2025 -	BLANCO, PABLO DANIEL -	DE ASUNTOS CONSTITUCIONALES	DE JUSTICIA Y ASUNTOS PENALES	DE PRESUPUESTO Y HACIENDA		
S	1003	2025	PL	GARCIA LARRABURU Y OTROS: PROYECTO DE LEY DE REGULACIÓN INTEGRAL DE LA PROFESIÓN DE TURISMO EN LA REP. ARGENTINA.	50 21/08/2025 -	10/06/2025 -	CORPACCI, LUCÍA BENIGNA - KIRCHNER, ALICIA MARGARITA ANTONIA - LINARES, CARLOS ALBERTO - GARCÍA LARRABURU, SILVINA MARCELA - GONZÁLEZ, MARÍA TERESA MARGARITA - DURÉ, MARÍA EUGENIA -	DE LEGISLACIÓN GENERAL	DE TURISMO			
S	1001	2025	PL	CORPACCI Y OTROS: PROYECTO DE LEY QUE DECLARA LA EMERGENCIA SANITARIA DE LA SALUD PEDIATRICA Y DE LAS RESIDENCIAS NACIONALES EN SALUD.	50 21/08/2025 -	10/06/2025 -	MONTENEGRO, GERARDO ANTENOR - CORA, STEFANIA - CORPACCI, LUCÍA BENIGNA - FERNÁNDEZ SAGASTI, ANABEL - GARCÍA LARRABURU, SILVINA MARCELA - GIMÉNEZ, NORA DEL VALLE - LINARES, CARLOS ALBERTO - MENDOZA, SANDRA MARIELA - NEDER, JOSÉ EMILIO - GONZÁLEZ, MARÍA TERESA MARGARITA - SALINO, FERNANDO ALDO - LEAVY, SERGIO NAPOLEÓN - DURÉ, MARÍA EUGENIA - KIRCHNER, ALICIA MARGARITA ANTONIA -	DE SALUD	DE POBLACIÓN Y DESARROLLO  HUMANO	DE PRESUPUESTO Y HACIENDA		
S	972	2025	PL	ROJAS DECUT: PROYECTO DE LEY DE REDUCCIÓN PROGRESIVA DE LOS PLÁSTICOS DE UN SOLO USO EN TODO EL TERRITORIO NACIONAL.	49 21/08/2025 -	05/06/2025 -	ROJAS DECUT, SONIA ELIZABETH -	DE AMBIENTE Y DESARROLLO SUSTENTABLE	DE JUSTICIA Y ASUNTOS PENALES	DE PRESUPUESTO Y HACIENDA		
S	971	2025	PL	PARRILLI Y OTROS: PROYECTO DE LEY DE RECUPERACIÓN DE LA CONFIANZA FINANCIERA.	49 21/08/2025 -	05/06/2025 -	PARRILLI, OSCAR ISIDRO - LEAVY, SERGIO NAPOLEÓN - MAYANS, JOSÉ MIGUEL ÁNGEL - REJAL, JESÚS FERNANDO - LÓPEZ, MARÍA FLORENCIA - SAPAG, SILVIA ESTELA  - NEDER, JOSÉ EMILIO - CORA, STEFANIA - PILATTI VERGARA, MARÍA INÉS - GARCÍA LARRABURU, SILVINA MARCELA - GONZÁLEZ, MARÍA TERESA MARGARITA - FERNÁNDEZ SAGASTI, ANABEL - MENDOZA, SANDRA MARIELA - RECALDE, MARIANO -	DE ASUNTOS CONSTITUCIONALES	DE PRESUPUESTO Y HACIENDA			
S	968	2025	PL	ABDALA: PROYECTO DE LEY QUE MODIFICA SU SIMILAR 25.326 - PROTECCION DE DATOS PERSONALES -, RESPECTO DE INCORPORAR UN REGIMEN DE CONSENTIMIENTO PARA EL TRATAMIENTO DE DATOS PERSONALES DE NIÑAS, NIÑOS Y ADOLESCENTES.	48 21/08/2025 -	05/06/2025 -	ABDALA, BARTOLOMÉ ESTEBAN -	DE ASUNTOS CONSTITUCIONALES	DE DERECHOS Y GARANTÍAS			
S	964	2025	PR	"LOPEZ Y DE PEDRO: PROYECTO DE RESOLUCION QUE CREA EL RECONOCIMIENTO AL MERITO UNIVERSITARIO ""EMBAJADORES DEL FUTURO"", EN EL ÁMBITO DEL H. SENADO DE LA NACIÓN."	48 21/08/2025 -	05/06/2025 -	LÓPEZ, MARÍA FLORENCIA - DE PEDRO, EDUARDO ENRIQUE -	DE EDUCACIÓN Y CULTURA	DE EDUCACIÓN Y CULTURA			
S	963	2025	PL	GARCIA LARRABURU: PROYECTO DE LEY QUE INCORPORA AL PROGRAMA MEDICO OBLIGATORIO (PMO), LA TERAPIA ASISTIDA POR CABALLOS (EQUINOTERAPIA).	48 21/08/2025 -	05/06/2025 -	GARCÍA LARRABURU, SILVINA MARCELA - GONZÁLEZ, MARÍA TERESA MARGARITA -	DE SALUD	DE TRABAJO Y PREVISIÓN SOCIAL			
S	962	2025	PL	FERNANDEZ SAGASTI: REPRODUCE PROYECTO DE LEY DE CUIDADO INTEGRAL DE LAS PERSONAS CON FIBROMIALGIA. (REF. S.1597/23)	48 21/08/2025 -	05/06/2025 -	FERNÁNDEZ SAGASTI, ANABEL -	DE SALUD	DE TRABAJO Y PREVISIÓN SOCIAL	DE PRESUPUESTO Y HACIENDA		
S	961	2025	PL	FERNANDEZ SAGASTI: REPRODUCE PROYECTO DE LEY SOBRE CUPO DE VIVIENDA PARA FAMILIAS DIVERSAS MONOPARENTALES. (REF. S.510/23)	48 21/08/2025 -	05/06/2025 -	FERNÁNDEZ SAGASTI, ANABEL -	DE INFRAESTRUCTURA, VIVIENDA Y TRANSPORTE	DE PRESUPUESTO Y HACIENDA			
S	960	2025	PL	FERNANDEZ SAGASTI: REPRODUCE PROYECTO DE LEY QUE CREA EL INSTITUTO UNIVERSITARIO NACIONAL DE VITIVINICULTURA.  (REF. S.511/23)	48 21/08/2025 -	05/06/2025 -	FERNÁNDEZ SAGASTI, ANABEL -	DE EDUCACIÓN Y CULTURA	DE PRESUPUESTO Y HACIENDA			
S	959	2025	PL	FERNANDEZ SAGASTI: REPRODUCE PROYECTO DE LEY QUE CREA EL SISTEMA DE CRÉDITOS CONTRIBUTIVOS EN EL SISTEMA INTEGRADO PREVISIONAL ARGENTINO, PARA LA PROMOCIÓN DE PARTICIPACIÓN DE DEPORTISTAS ARGENTINOS. (REF. S.518/23)	48 21/08/2025 -	05/06/2025 -	FERNÁNDEZ SAGASTI, ANABEL -	DE TRABAJO Y PREVISIÓN SOCIAL	DE PRESUPUESTO Y HACIENDA			
S	958	2025	PL	FERNANDEZ SAGASTI: REPRODUCE PROYECTO DE LEY DE PROMOCIÓN Y APOYO AL DESARROLLO DEL DEPORTE SOSTENIBLE. (REF. S.716/23)	48 21/08/2025 -	05/06/2025 -	FERNÁNDEZ SAGASTI, ANABEL -	DE DEPORTE	DE LEGISLACIÓN GENERAL	DE PRESUPUESTO Y HACIENDA		
S	957	2025	PL	FERNANDEZ SAGASTI: REPRODUCE PROYECTO DE LEY DE EJERCICIO PROFESIONAL DE LA OBSTETRICIA (REF. S. 503/23).	48 21/08/2025 -	05/06/2025 -	FERNÁNDEZ SAGASTI, ANABEL -	DE SALUD	DE LEGISLACIÓN GENERAL	DE JUSTICIA Y ASUNTOS PENALES		
S	956	2025	PL	FERNANDEZ SAGASTI: REPRODUCE PROYECTO DE LEY QUE GARANTIZA EL DERECHO A LA SALUD A LAS PERSONAS CON CAPACIDAD GESTANTE QUE PADECEN ENDOMETRIOSIS (REF. S. 514/23).	48 21/08/2025 -	05/06/2025 -	FERNÁNDEZ SAGASTI, ANABEL -	DE SALUD	DE TRABAJO Y PREVISIÓN SOCIAL	DE PRESUPUESTO Y HACIENDA		
S	955	2025	PL	FERNANDEZ SAGASTI: REPRODUCE PROYECTO DE LEY QUE INCORPORA EL INCISO E) BIS AL ART. 67 DE SU SIMILAR 20.091 - ENTIDADES DE SEGUROS Y SU CONTROL - SOBRE DEBERES Y ATRIBUCIONES DE LA SUPERINTENDENCIA (REF. S. 512/23).	48 21/08/2025 -	05/06/2025 -	FERNÁNDEZ SAGASTI, ANABEL -	DE LEGISLACIÓN GENERAL				
S	954	2025	PL	FERNANDEZ SAGASTI: REPRODUCE PROYECTO DE LEY QUE ESTABLECE EN LA JURISDICCIÓN FEDERAL EL JUICIO POR JURADOS EN MATERIA PENAL. (REF. S. 591/23).	48 21/08/2025 -	05/06/2025 -	FERNÁNDEZ SAGASTI, ANABEL -	DE ASUNTOS CONSTITUCIONALES	DE JUSTICIA Y ASUNTOS PENALES			
S	953	2025	PL	"FERNANDEZ SAGASTI: REPRODUCE PROYECTO DE LEY QUE CREA EL PLAN NACIONAL ""HABITAR SUSTENTABLE"" (REF. S. 2161/23)."	48 21/08/2025 -	05/06/2025 -	FERNÁNDEZ SAGASTI, ANABEL -	DE INFRAESTRUCTURA, VIVIENDA Y TRANSPORTE	DE PRESUPUESTO Y HACIENDA			
S	952	2025	PL	FERNANDEZ SAGASTI: REPRODUCE PROYECTO DE LEY QUE ESTABLECE QUE LAS SUMAS PERCIBIDAS POR LAS MUJERES O PERSONAS GESTANTES TRABAJADORAS DURANTE EL PERIODO DE LICENCIA LEGAL SERAN CONSIDERADAS COMO REMUNERACIÓN DE LA LIQUIDACIÓN DEL SUELDO ANUAL COMPLEMENTARIO (REF. S. 508/23).	48 21/08/2025 -	05/06/2025 -	FERNÁNDEZ SAGASTI, ANABEL -	DE TRABAJO Y PREVISIÓN SOCIAL	DE PRESUPUESTO Y HACIENDA			
S	951	2025	PL	"FERNANDEZ SAGASTI: REPRODUCE PROYECTO DE LEY QUE INSTITUYE LA PRIMERA SEMANA DEL MES DE MARZO DE CADA AÑO COMO ""SEMANA NACIONAL DE LUCHA CONTRA LA DISCRIMINACIÓN POR OBESIDAD O SOBREPESO""(REF. S. 506/23)."	48 21/08/2025 -	05/06/2025 -	FERNÁNDEZ SAGASTI, ANABEL -	DE EDUCACIÓN Y CULTURA	DE SALUD			
S	950	2025	PL	"FERNANDEZ SAGASTI: REPRODUCE PROYECTO DE LEY QUE DESIGNA CON LOS NOMBRES ""HÉROES DE MALVINAS"", ""MALVINAS ARGENTINAS"" Y ""CURVA DE LA SOBERANÍA"" A DIVERSOS TRAMOS DE LA RUTA NACIONAL N° 7, DE LA PROV. DE MENDOZA, Y OTRAS CUESTIONES CONEXAS (REF. S. 715/23)."	48 21/08/2025 -	05/06/2025 -	FERNÁNDEZ SAGASTI, ANABEL -	DE INFRAESTRUCTURA, VIVIENDA Y TRANSPORTE				
S	949	2025	PL	FERNANDEZ SAGASTI: REPRODUCE PROYECTO DE LEY QUE MODIFICA DIVERSAS LEYES RESPECTO DE LA INHIBICION, RECUSACION Y EXCUSACION DE JUECES EN CASO DE TENER UNA POSICION CONTRARIA A LA PERSPECTIVA DE GENERO. (REF. S. 517/23).	48 21/08/2025 -	05/06/2025 -	FERNÁNDEZ SAGASTI, ANABEL -	DE JUSTICIA Y ASUNTOS PENALES				
S	948	2025	PL	FERNANDEZ SAGASTI: REPRODUCE PROYECTO DE LEY QUE CREA CENTROS DE LACTANCIA EN ESPACIOS PÚBLICOS (REF. S. 1602/23).	48 21/08/2025 -	05/06/2025 -	FERNÁNDEZ SAGASTI, ANABEL -	DE SALUD	DE PRESUPUESTO Y HACIENDA			
S	947	2025	PL	"FERNANDEZ SAGASTI: REPRODUCE PROYECTO DE LEY QUE CREA EL PROGRAMA ""CENTROS DE DESARROLLO INFANTIL EN LAS INSTITUCIONES DE EDUCACION SUPERIOR. (REF. S.501/23)"	47 21/08/2025 -	05/06/2025 -	FERNÁNDEZ SAGASTI, ANABEL -	DE EDUCACIÓN Y CULTURA	DE PRESUPUESTO Y HACIENDA			
S	946	2025	PL	FERNANDEZ SAGASTI: REPRODUCE PROYECTO DE LEY QUE MODIFICA SU SIMILAR 23.154- VIÑAS Y FRUTALES-, RESPECTO DE LOS DERECHOS LABORALES Y A LA SEGURIDAD SOCIAL. (REF. S.520/23)	47 21/08/2025 -	05/06/2025 -	FERNÁNDEZ SAGASTI, ANABEL -	DE TRABAJO Y PREVISIÓN SOCIAL				
S	945	2025	PL	FERNANDEZ SAGASTI: REPRODUCE PROYECTO DE LEY QUE CREA EL PROGRAMA NACIONAL ADULTOS MAYORES QUE CUIDAN. (REF. S.515/23)	47 21/08/2025 -	05/06/2025 -	FERNÁNDEZ SAGASTI, ANABEL -	DE POBLACIÓN Y DESARROLLO  HUMANO	DE PRESUPUESTO Y HACIENDA			
S	944	2025	PL	FERNANDEZ SAGASTI: REPRODUCE PROYECTO DE LEY DE EDUCACIÓN ALIMENTARIA NUTRICIONAL Y SOBERANÍA ALIMENTARIA. (REF. S.519/23)	47 21/08/2025 -	05/06/2025 -	FERNÁNDEZ SAGASTI, ANABEL -	DE EDUCACIÓN Y CULTURA	DE SALUD	DE PRESUPUESTO Y HACIENDA		
S	943	2025	PL	FERNANDEZ SAGASTI: REPRODUCE PROYECTO DE LEY SOBRE LICENCIA POR TRATAMIENTOS MEDICOS PROLONGADOS DE NIÑOS, NIÑAS O ADOLESCENTES A CARGO. (REF. S.504/23)	47 21/08/2025 -	05/06/2025 -	FERNÁNDEZ SAGASTI, ANABEL -	DE TRABAJO Y PREVISIÓN SOCIAL				
S	942	2025	PL	FERNANDEZ SAGASTI: REPRODUCE PROYECTO DE LEY SOBRE SIMBOLOS NACIONALES DE LA REPUBLICA ARGENTINA. (REF. S.1069/23)	47 21/08/2025 -	05/06/2025 -	FERNÁNDEZ SAGASTI, ANABEL -	DE LEGISLACIÓN GENERAL	DE EDUCACIÓN Y CULTURA			
S	941	2025	PL	FERNANDEZ SAGASTI: REPRODUCE PROYECTO DE LEY QUE EXTIENDE POR EL TERMINO DE TRES (3) AÑOS LOS BENEFICIOS OTORGADOS A LOS PRODUCTORES VITIVINÍCOLAS, MEDIANTE LEY N° 27.227. (REF. S.521/23)	47 21/08/2025 -	05/06/2025 -	FERNÁNDEZ SAGASTI, ANABEL -	DE AGRICULTURA, GANADERÍA Y PESCA	DE PRESUPUESTO Y HACIENDA			
S	940	2025	PL	"FERNANDEZ SAGASTI: REPRODUCE PROYECTO DE LEY QUE DECLARA FIESTA NACIONAL AL ""FESTIVAL DEL CABALLO"" QUE SE REALIZA ANUALMENTE EN LA LOCALIDAD DE SALTO DE LAS ROSAS, PROV. DE MENDOZA. (REF. S.1775/23)"	47 21/08/2025 -	05/06/2025 -	FERNÁNDEZ SAGASTI, ANABEL -	DE EDUCACIÓN Y CULTURA				
S	939	2025	PL	FERNANDEZ SAGASTI: REPRODUCE PROYECTO DE LEY QUE OTORGA JERARQUIA CONSTITUCIONAL, EN LOS TERMINOS DEL ART. 75 INC. 22 DE LA C.N., A LA CONVENCION INTERNACIONAL PARA LA PROTECCION DE TODAS LAS PERSONAS CONTRA LAS DESAPARICIONES FORZADAS, ADOPTADA POR LA ONU, EN NUEVA YORK, ESTADOS UNIDOS DE AMERICA, EL 20 DE DICIEMBRE DE 2006. (REF. S. 397/23)	47 21/08/2025 -	05/06/2025 -	FERNÁNDEZ SAGASTI, ANABEL -	DE ASUNTOS CONSTITUCIONALES	DE RELACIONES EXTERIORES Y CULTO			
S	938	2025	PL	FERNANDEZ SAGASTI: REPRODUCE PROYECTO DE LEY DE ABORDAJE INTEGRAL DEL LINFEDEMA. (REF. S. 505/23)	47 21/08/2025 -	05/06/2025 -	FERNÁNDEZ SAGASTI, ANABEL -	DE SALUD	DE TRABAJO Y PREVISIÓN SOCIAL	DE EDUCACIÓN Y CULTURA		
S	937	2025	PL	FERNANDEZ SAGASTI: REPRODUCE PROYECTO DE LEY QUE ADHIERE A LA DECLARACION DE LAS NACIONES UNIDAS SOBRE LOS DERECHOS DE LOS CAMPESINOS Y DE OTRAS PERSONAS QUE TRABAJAN EN LAS ZONAS RURALES, APROBADA POR RES. 73/165 DE LA ASAMBLEA GENERAL, EL 17 DE DICIEMBRE DE 2018 (REF. S. 1596/23).	47 21/08/2025 -	05/06/2025 -	FERNÁNDEZ SAGASTI, ANABEL -	DE RELACIONES EXTERIORES Y CULTO				
S	936	2025	PL	FERNANDEZ SAGASTI: REPRODUCE PROYECTO DE LEY QUE MODIFICA EL ART. 1 DE SU SIMILAR 23.272 - INTEGRACION DE LA PAMPA A LA REGION PATAGONICA-, RESPECTO DE INCLUIR AL DEPARTAMENTO DE MALARGÜE EN LA MENCIONADA REGION. (REF. S. 507/23).	47 21/08/2025 -	05/06/2025 -	FERNÁNDEZ SAGASTI, ANABEL -	DE ECONOMÍAS REGIONALES, ECONOMÍA SOCIAL, MICRO, PEQUEÑA Y MEDIANA EMPRESA	DE ASUNTOS CONSTITUCIONALES	DE PRESUPUESTO Y HACIENDA		
S	935	2025	PL	FERNANDEZ SAGASTI: REPRODUCE PROYECTO DE LEY SOBRE RÉGIMEN SIMPLIFICADO ESPECIAL DE SEGURIDAD SOCIAL PARA DEPORTISTAS (REF. S. 513/23).	47 21/08/2025 -	05/06/2025 -	FERNÁNDEZ SAGASTI, ANABEL -	DE TRABAJO Y PREVISIÓN SOCIAL	DE DEPORTE			
S	934	2025	PL	"FERNANDEZ SAGASTI: REPRODUCE PROYECTO DE LEY QUE INSTITUYE EL 24 DE AGOSTO DE CADA AÑO COMO ""DIA DEL PADRE"", EN HONOR A LA PATERNIDAD DEL GRAL. JOSE DE SAN MARTIN (REF. S. 516/23)."	47 21/08/2025 -	05/06/2025 -	FERNÁNDEZ SAGASTI, ANABEL -	DE EDUCACIÓN Y CULTURA				
S	933	2025	PL	"FERNANDEZ SAGASTI: REPRODUCE PROYECTO DE LEY QUE DECLARA A LA PROV. DE MENDOZA COMO ""CAPITAL NACIONAL DE LA INDUSTRIA DEL CONOCIMIENTO (REF. S. 509/23)."	47 21/08/2025 -	05/06/2025 -	FERNÁNDEZ SAGASTI, ANABEL -	DE EDUCACIÓN Y CULTURA				
S	932	2025	PL	FERNANDEZ SAGASTI: REPRODUCE PROYECTO DE LEY QUE CREA EL RÉGIMEN ESPECIAL DE CONTRATO DE TRABAJO PARA PERSONAS TRABAJADORAS DE PLATAFORMAS DIGITALES (REF. S. 532/23).	47 21/08/2025 -	05/06/2025 -	FERNÁNDEZ SAGASTI, ANABEL -	DE TRABAJO Y PREVISIÓN SOCIAL	DE LEGISLACIÓN GENERAL			
S	929	2025	PL	"ZIMMERMANN Y OTROS: PROYECTO DE LEY QUE CREA EL ""FONDO ARGENTINO DE DESARROLLO REGIONAL"" (F.A.D.E.R.)."	47 21/08/2025 -	05/06/2025 -	ZIMMERMANN, VICTOR - KRONEBERGER, DANIEL RICARDO - BLANCO, PABLO DANIEL - DE ANGELI, ALFREDO LUIS - OLALLA, STELLA MARIS - FAMA, FLAVIO SERGIO - TERENZI, EDITH ELIZABETH - VISCHI, EDUARDO ALEJANDRO - VALENZUELA, MERCEDES GABRIELA -	DE COPARTICIPACIÓN FEDERAL DE IMPUESTOS	DE ECONOMÍAS REGIONALES, ECONOMÍA SOCIAL, MICRO, PEQUEÑA Y MEDIANA EMPRESA	DE PRESUPUESTO Y HACIENDA		
S	928	2025	PL	ZIMMERMANN Y OTROS: PROYECTO DE LEY SOBRE REGIMEN DE PROMOCIÓN PARA LA PRODUCCION DE COMBUSTIBLES A PARTIR DE DESECHOS PLASTICOS U OTROS RESIDUOS.	47 21/08/2025 -	05/06/2025 -	ZIMMERMANN, VICTOR - VALENZUELA, MERCEDES GABRIELA - OLALLA, STELLA MARIS -	DE MINERÍA, ENERGÍA Y COMBUSTIBLES	DE LEGISLACIÓN GENERAL	DE PRESUPUESTO Y HACIENDA		
S	926	2025	PL	HUALA: REPRODUCE PROYECTO DE LEY DE JORNADA ANUAL DE CONCIENTIZACION SOBRE BULLYING, CIBERBULLYING Y NO DISCRIMINACION. (REF. S. 1298/22).	46 21/08/2025 -	04/06/2025 -	HUALA, MARÍA VICTORIA -	DE EDUCACIÓN Y CULTURA	DE EDUCACIÓN Y CULTURA			
S	925	2025	PL	CREXELL: PROYECTO DE LEY QUE MODIFICA SU SIMILAR 26.862 - ACCESO INTEGRAL A LAS TECNICAS MEDICO ASISTENCIALES DE REPRODUCCCION MEDICAMENTE ASISTIDA -, RESPECTO A LA PROTECCION DEL EMBRION NO IMPLANTADO.	46 21/08/2025 -	04/06/2025 -	CREXELL, CARMEN LUCILA -	DE SALUD	DE LEGISLACIÓN GENERAL			
S	924	2025	PL	CREXELL: PROYECTO DE LEY QUE MODIFICA SU SIMILAR 11.179 - CODIGO PENAL DE LA NACION -, RESPECTO DE INCORPORAR EL DELITO INFORMATICO.	46 21/08/2025 -	04/06/2025 -	CREXELL, CARMEN LUCILA -	DE JUSTICIA Y ASUNTOS PENALES	DE SISTEMAS, MEDIOS DE COMUNICACIÓN Y LIBERTAD DE EXPRESIÓN			
S	923	2025	PL	CREXELL: PROYECTO DE LEY QUE INCORPORA EL ART. 139 TER DE SU SIMILAR 11.179 - CÓDIGO PENAL DE LA NACIÓN-, RESPECTO DE TIPIFICAR EL DELITO DE SUPLANTACIÓN DIGITAL DE LA IDENTIDAD.	46 21/08/2025 -	04/06/2025 -	CREXELL, CARMEN LUCILA -	DE JUSTICIA Y ASUNTOS PENALES	DE SISTEMAS, MEDIOS DE COMUNICACIÓN Y LIBERTAD DE EXPRESIÓN			
S	922	2025	PL	DOÑATE: PROYECTO DE LEY QUE CREA EL REGIMEN ESPECIAL DE RESIDENCIA TRANSITORIA NOMADA DIGITAL.	46 21/08/2025 -	04/06/2025 -	DOÑATE, CLAUDIO MARTÍN -	DE LEGISLACIÓN GENERAL	DE POBLACIÓN Y DESARROLLO  HUMANO			
S	921	2025	PL	DOÑATE: PROYECTO DE LEY QUE CREA EL PROGRAMA NACIONAL IDEAR FUTURO.	46 21/08/2025 -	04/06/2025 -	DOÑATE, CLAUDIO MARTÍN -	DE LEGISLACIÓN GENERAL	DE EDUCACIÓN Y CULTURA	DE PRESUPUESTO Y HACIENDA		
S	913	2025	PL	VIGO: REPRODUCE PROYECTO DE LEY DE EQUIDAD PARA MUJERES EN EL FUTBOL PROFESIONAL. (REF. S. 416/23).	46 21/08/2025 -	03/06/2025 -	VIGO, ALEJANDRA MARÍA -	BANCA DE LA MUJER	DE DEPORTE	DE JUSTICIA Y ASUNTOS PENALES		
S	911	2025	PL	VIGO: PROYECTO DE LEY QUE INCORPORA EL INCISO J) AL ART. 6 DE SU SIMILAR 26.485 DE PROTECCION INTEGRAL DE LAS MUJERES - RESPECTO DE LA VIOLENCIA DEPORTIVA CONTRA LAS MUJERES.	46 21/08/2025 -	03/06/2025 -	VIGO, ALEJANDRA MARÍA -	BANCA DE LA MUJER	DE DEPORTE			
S	904	2025	PR	DURÉ Y OTRAS: PROYECTO DE RESOLUCION QUE CITA AL MINISTRO DE JUSTICIA, DR. MARIANO CÚNEO LIBARONA, DE CONFORMIDAD AL ART. 71 DE LA C.N. Y EL ART. 214 DEL REGLAMENTO DEL H. SENADO, A FIN DE BRINDAR INFORME SOBRE LA ELIMINACION DE DIVERSOS PROGRAMAS VINCULADOS A POLITICAS DE GENERO Y DERECHOS HUMANOS.	45 21/08/2025 -	02/06/2025 -	GARCÍA LARRABURU, SILVINA MARCELA - DURÉ, MARÍA EUGENIA - SAPAG, SILVIA ESTELA  - CORA, STEFANIA - GIMÉNEZ NAVARRO, MARÍA CELESTE - KIRCHNER, ALICIA MARGARITA ANTONIA - GONZÁLEZ, MARÍA TERESA MARGARITA - MENDOZA, SANDRA MARIELA - PILATTI VERGARA, MARÍA INÉS - MOISES, MARÍA CAROLINA -	DE ASUNTOS CONSTITUCIONALES	DE JUSTICIA Y ASUNTOS PENALES			
S	903	2025	PL	DURE: PROYECTO DE LEY QUE CREA EL PROGRAMA PARA EL APOYO URGENTE Y LA ASISTENCIA INTEGRAL INMEDIATA ANTE CASOS DE VIOLENCIA EXTREMAS POR MOTIVOS DE GENERO (PAU).	45 21/08/2025 -	02/06/2025 -	DURÉ, MARÍA EUGENIA -	BANCA DE LA MUJER	DE PRESUPUESTO Y HACIENDA			
S	893	2025	PL	"VISCHI: REPRODUCE PROYECTO DE LEY QUE INSTITUYE EL 19 DE DICIEMBRE DE CADA AÑO COMO ""DIA DEL NARRADOR/RA ORAL O CUENTACUENTOS (REF. S. 1718/22)."	45 21/08/2025 -	30/05/2025 -	VISCHI, EDUARDO ALEJANDRO -	DE EDUCACIÓN Y CULTURA				
S	889	2025	PL	SAPAG: PROYECTO DE LEY QUE MODIFICA SU SIMILAR 24.013 - EMPLEO-, RESPECTO DE GARANTIZAR QUE EL MONTO DEL SALARIO MINIMO VITAL Y MOVIL SEA SUPERIOR AL VALOR DE LA CANASTA BASICA TOTAL.	44 21/08/2025 -	30/05/2025 -	SAPAG, SILVIA ESTELA  -	DE TRABAJO Y PREVISIÓN SOCIAL	DE PRESUPUESTO Y HACIENDA			
S	884	2025	PL	"BENSUSAN: REPRODUCE PROYECTO DE LEY QUE DECLARA FIESTA NACIONAL A LA ""FIESTA DEL TERNERO, LA YERRA Y EL PIAL"", EN LA LOCALIDAD DE GRAL. ACHA, PROV. DE LA PAMPA. (REF. S. 1868/22)"	44 21/08/2025 -	29/05/2025 -	BENSUSÁN, DANIEL PABLO -	DE EDUCACIÓN Y CULTURA	DE EDUCACIÓN Y CULTURA			
S	876	2025	PR	"PILATTI VERGARA: PROYECTO DE RESOLUCION QUE CITA AL MINISTRO DE SALUD, DR. MARIO IVAN LUGONES, DE CONFORMIDAD AL ART. 71 DE LA C.N. Y EL ART. 214 DEL REGLAMENTO DEL H. SENADO, A FIN DE BRINDAR EXPLICACIONES SOBRE LA SITUACION DEL HOSPITAL DE PEDIATRIA ""PROF. DR. JUAN P. GARRAHAN""."	44 21/08/2025 -	29/05/2025 -	PILATTI VERGARA, MARÍA INÉS -	DE ASUNTOS CONSTITUCIONALES	DE ASUNTOS CONSTITUCIONALES	DE SALUD	DE SALUD	
S	872	2025	PL	OLIVERA LUCERO: PROYECTO DE LEY QUE ESTABLECE LA OBLIGATORIEDAD DE INCORPORAR EL SISTEMA BRAILLE EN ENVASES DE MEDICAMENTOS.	44 21/08/2025 -	28/05/2025 -	OLIVERA LUCERO, BRUNO ANTONIO -	DE SALUD	DE INDUSTRIA Y COMERCIO			
S	867	2025	PL	OLIVERA LUCERO: PROYECTO DE LEY QUE CREA EL PROGRAMA DE TALLERES DE OFICIOS MINEROS EN ESCUELAS SECUNDARIAS PÚBLICAS, SITUADAS EN LOCALIDADES DE ZONAS MINERAS.	43 21/08/2025 -	28/05/2025 -	OLIVERA LUCERO, BRUNO ANTONIO -	DE EDUCACIÓN Y CULTURA	DE MINERÍA, ENERGÍA Y COMBUSTIBLES			
S	866	2025	PL	LEWANDOWSKY: PROYECTO DE LEY QUE DECLARA LA EMERGENCIA AMBIENTAL, ECONOMICA Y HABITACIONAL, POR EL PLAZO DE (90) DIAS, PRORROGABLE POR  IGUAL PLAZO EN LAS LOCALIDADES, MUNICIPIOS Y COMUNAS DEL NORTE DE LA PROV. DE SANTA FE.	43 21/08/2025 -	28/05/2025 -	LEWANDOWSKI, MARCELO NÉSTOR -	DE PRESUPUESTO Y HACIENDA				
S	861	2025	PL	GARCIA LARRABURU: PROYECTO DE LEY QUE MODIFICA EL ART. 27 DE SU SIMILAR 24.156 -  ADMINISTRACION FINANCIERA Y DE LOS SISTEMAS DE CONTROL DEL SECTOR PUBLICO NACIONAL Y SU REGLAMENTACIÓN -, RESPECTO DE LIMITAR LA PRÓRROGA PRESUPUESTARIA.	43 21/08/2025 -	28/05/2025 -	GARCÍA LARRABURU, SILVINA MARCELA - GONZÁLEZ, MARÍA TERESA MARGARITA - GIMÉNEZ, NORA DEL VALLE -	DE ASUNTOS CONSTITUCIONALES				
S	860	2025	PL	LOSADA: PROYECTO DE LEY QUE MODIFICA EL CODIGO PENAL DE LA NACION RESPECTO DE INCORPORAR LA FIGURA DE CORRUPCION DE MENORES CON FINES DELICTIVOS.	43 21/08/2025 -	28/05/2025 -	LOSADA, CAROLINA -	DE JUSTICIA Y ASUNTOS PENALES				
S	857	2025	PR	LOUSTEAU: PROYECTO DE RESOLUCION QUE EXPRESA PREOCUPACION POR LAS NUMEROSAS VACANTES EXISTENTES EN LOS CARGOS DEL PODER JUDICIAL DE LA NACION Y DEL MINISTERIO PUBLICO, Y OTRAS CUESTIONES CONEXAS.	43 21/08/2025 -	28/05/2025 -	LOUSTEAU, MARTÍN -	DE JUSTICIA Y ASUNTOS PENALES				
S	850	2025	PR	LINARES: PROYECTO DE RESOLUCION QUE CITA AL SECRETARIO DE INTELIGENCIA DEL ESTADO, SR. SERGIO NEIFFERT, EN LOS TERMINOS DEL ART. 71 DE LA C.N. Y EL ART. 214 DEL REGLAMENTO DE LA H. CAMARA, A FIN DE BRINDAR EXPLICACIONES SOBRE EL PLAN DE INTELIGENCIA NACIONAL (PIN).	42 21/08/2025 -	27/05/2025 -	LINARES, CARLOS ALBERTO -	DE ASUNTOS CONSTITUCIONALES	DE SEGURIDAD INTERIOR Y NARCOTRÁFICO			
S	849	2025	PL	LEAVY Y OTROS: PROYECTO DE LEY QUE MODIFICA SU SIMILAR 23.966 -IMPUESTOS-, RESPECTO DE REASIGNAR LOS RECURSOS RECAUDADOS EN VIRTUD DEL IMPUESTO A LOS COMBUSTIBLES Y AL DIÓXIDO DE CARBONO.	42 21/08/2025 -	27/05/2025 -	GIMÉNEZ, NORA DEL VALLE - LÓPEZ, CÁNDIDA CRISTINA - LEAVY, SERGIO NAPOLEÓN - KIRCHNER, ALICIA MARGARITA ANTONIA - DE PEDRO, EDUARDO ENRIQUE - SAPAG, SILVIA ESTELA  - FERNÁNDEZ SAGASTI, ANABEL - PILATTI VERGARA, MARÍA INÉS - DURÉ, MARÍA EUGENIA - REJAL, JESÚS FERNANDO - RECALDE, MARIANO - GARCÍA LARRABURU, SILVINA MARCELA - GONZÁLEZ, MARÍA TERESA MARGARITA -	DE PRESUPUESTO Y HACIENDA	DE COPARTICIPACIÓN FEDERAL DE IMPUESTOS			
S	843	2025	PL	"GIMENEZ: PROYECTO DE LEY QUE INSTITUYE EL DIA 21 DE ABRIL DE CADA AÑO, COMO ""DIA NACIONAL DEL PASO A LA INMORTALIDAD DEL PAPA FRANCISCO""."	42 21/08/2025 -	27/05/2025 -	GIMÉNEZ, NORA DEL VALLE -	DE RELACIONES EXTERIORES Y CULTO	DE EDUCACIÓN Y CULTURA			
S	842	2025	PL	JUEZ: REPRODUCE PROYECTO DE LEY QUE CREA UN SISTEMA INTEGRAL DE ATENCIÓN Y TRATAMIENTO A PERSONAS CON DISCAPACIDAD MÚLTIPLE. (REF. S. 604/23)	42 21/08/2025 -	26/05/2025 -	JUEZ, LUIS ALFREDO -	DE SALUD	DE TRABAJO Y PREVISIÓN SOCIAL	DE PRESUPUESTO Y HACIENDA		
S	840	2025	PL	PAOLTRONI: PROYECTO DE LEY SOBRE PROMOCIÓN Y FACILITACIÓN DE LA GENERACIÓN DISTRIBUIDA EN EL MERCADO ELÉCTRICO.	42 21/08/2025 -	26/05/2025 -	PAOLTRONI, FRANCISCO MANUEL -	DE MINERÍA, ENERGÍA Y COMBUSTIBLES	DE PRESUPUESTO Y HACIENDA			
S	834	2025	PL	FERNANDEZ SAGASTI: PROYECTO DE LEY QUE GARANTIZA EL FINANCIAMIENTO DE LAS UNIVERSIDADES NACIONALES.	42 21/08/2025 -	23/05/2025 -	FERNÁNDEZ SAGASTI, ANABEL -	DE EDUCACIÓN Y CULTURA	DE PRESUPUESTO Y HACIENDA			
S	827	2025	PL	ROMERO: PROYECTO DE LEY QUE ESTABLECE UN ORDENAMIENTO DE LOS CONVENIOS INTERNACIONALES Y DE LOS TRATADOS INTERPROVINCIALES DE ACUERDO A LOS ARTS. 124 Y 125 DE LA CONSTITUCION NACIONAL.	41 21/08/2025 -	22/05/2025 -	ROMERO, JUAN CARLOS -	DE ASUNTOS CONSTITUCIONALES				
S	819	2025	PR	PILATTI VERGARA Y OTROS: PROYECTO DE RESOLUCION QUE CITA A LA MINISTRA DE SEGURIDAD DE LA NACION, DRA. PATRICIA BULLRICH, CONFORME A LO ESTABLECIDO EN EL ART. 71 DE LA CN Y EN EL ART. 214 DEL REGLAMENTO DE LA H CAMARA, A FIN DE BRINDAR EXPLICACIONES SOBRE EL TRASLADO DE 19 PERSONAS CONDENADAS POR DELITOS DE LESA HUMANIDAD A LA UNIDAD 34 DEL SERVICIO PENITENCIARIO FEDERAL, EN CAMPO DE MAYO.	41 21/08/2025 -	22/05/2025 -	KIRCHNER, ALICIA MARGARITA ANTONIA - PILATTI VERGARA, MARÍA INÉS - RECALDE, MARIANO - GIMÉNEZ, NORA DEL VALLE - CORA, STEFANIA - DURÉ, MARÍA EUGENIA - GARCÍA LARRABURU, SILVINA MARCELA - DE PEDRO, EDUARDO ENRIQUE - MENDOZA, SANDRA MARIELA - PARRILLI, OSCAR ISIDRO - GONZÁLEZ, MARÍA TERESA MARGARITA -	DE ASUNTOS CONSTITUCIONALES	DE SEGURIDAD INTERIOR Y NARCOTRÁFICO			
S	797	2025	PL	PAOLTRONI: PROYECTO DE LEY QUE DECLARA ZONA DE EMERGENCIA Y DE SITUACION DE CATASTROFE, POR EL TERMINO DE 180 DIAS, A DIFERENTES DEPARTAMENTOS DE LA PROV. DE FORMOSA.	40 21/08/2025 -	20/05/2025 -	PAOLTRONI, FRANCISCO MANUEL -	DE PRESUPUESTO Y HACIENDA				
S	795	2025	PL	BENSUSAN: PROYECTO DE LEY QUE MODIFICA SU SIMILAR 24.241 - SISTEMA INTEGRADO DE JUBILACIONES Y PENSIONES -, RESPECTO DE GARANTIZAR UNA COBERTURA PREVISIONAL UNIVERSAL EN LA VEJEZ E INCORPORAR UNA NUEVA FÓRMULA DE ACTUALIZACIÓN DE HABERES.	40 21/08/2025 -	20/05/2025 -	BENSUSÁN, DANIEL PABLO -	DE TRABAJO Y PREVISIÓN SOCIAL	DE PRESUPUESTO Y HACIENDA			
S	793	2025	PL	KRONEBERGER Y OTROS: PROYECTO DE LEY QUE LIMITA EL USO DE DISPOSITIVOS DIGITALES DENTRO DEL AMBITO ESCOLAR, SEA PRIVADO O PUBLICO, EN TODOS LOS NIVELES EDUCATIVOS.	40 21/08/2025 -	20/05/2025 -	ZIMMERMANN, VICTOR - KRONEBERGER, DANIEL RICARDO - BLANCO, PABLO DANIEL - FAMA, FLAVIO SERGIO -	DE LEGISLACIÓN GENERAL	DE EDUCACIÓN Y CULTURA			
S	771	2025	PL	ZIMMERMANN Y OTROS: PROYECTO DE LEY SOBRE AGRAVAMIENTO DE LAS PENAS EN DELITOS EN PERJUICIO DE ESTABLECIMIENTOS EDUCATIVOS, DE SALUD, O EDIFICIOS PUBLICOS.	38 21/08/2025 -	16/05/2025 -	ZIMMERMANN, VICTOR - VALENZUELA, MERCEDES GABRIELA - SUÁREZ, RODOLFO ALEJANDRO - OLALLA, STELLA MARIS - TERENZI, EDITH ELIZABETH - JURI, MARIANA -	DE JUSTICIA Y ASUNTOS PENALES				
S	768	2025	PL	ABAD: PROYECTO DE LEY QUE INCORPORA EL ART. 41 SEXTIES DEL LIBRO PRIMERO, TITULO V DEL CÓDIGO PENAL DE LA NACIÓN, RESPECTO DE LAS PENAS POR DELITOS COMETIDOS EN PERJUICIO DEL PERSONAL SANITARIO, DOCENTE Y/O TRABAJADORES DE SERVICIO DE TRANSPORTE PÚBLICO.	38 21/08/2025 -	15/05/2025 -	ABAD, MAXIMILIANO -	DE JUSTICIA Y ASUNTOS PENALES				
S	752	2025	PR	DURE Y OTROS: PROYECTO DE RESOLUCION QUE CITA PARA SU INTERPELACIÓN AL MINISTRO DE LA NACION LIC. LUIS ANDRES CAPUTO, DE CONFORMIDAD AL ART. 71 DE LA C.N. Y EL ART. 214 DEL REGLAMENTO DE LA H. CAMARA.	38 21/08/2025 -	15/05/2025 -	GARCÍA LARRABURU, SILVINA MARCELA - LINARES, CARLOS ALBERTO - DURÉ, MARÍA EUGENIA - GONZÁLEZ, MARÍA TERESA MARGARITA - PARRILLI, OSCAR ISIDRO - GIMÉNEZ, NORA DEL VALLE - MOISES, MARÍA CAROLINA -	DE ASUNTOS CONSTITUCIONALES	DE PRESUPUESTO Y HACIENDA			
S	751	2025	PL	LOUSTEAU: PROYECTO DE LEY QUE DISPONE LA CONSTRUCCION DE UN MONUMENTO EN HOMENAJE A LA MEMORIA DE JORGE MARIO BERGOGLIO, EL PAPA FRANCISCO, A EMPLAZARSE EN EL CORREDOR QUE VA DE PLAZA DE MAYO A PLAZA JUAN MARTIN DE PUEYRREDON, EN CABA.	38 21/08/2025 -	15/05/2025 -	LOUSTEAU, MARTÍN -	DE EDUCACIÓN Y CULTURA	DE PRESUPUESTO Y HACIENDA			
S	740	2025	PL	FERNANDEZ SAGASTI: PROYECTO DE LEY QUE DECLARA LA EMERGENCIA NACIONAL EN DISCAPACIDAD HASTA EL 31 DE DICIEMBRE DE 2027.	37 21/08/2025 -	14/05/2025 -	FERNÁNDEZ SAGASTI, ANABEL -	DE PRESUPUESTO Y HACIENDA	DE POBLACIÓN Y DESARROLLO  HUMANO			
S	736	2025	PL	GIMENEZ: REPRODUCE PROYECTO DE LEY QUE INSTITUYE EL 18 DE SEPTIEMBRE COMO DIA NACIONAL DEL TESTIGO EN CAUSAS DE LESA HUMANIDAD, EN MEMORIA DE LA DESAPARICION FORZADA DE JORGE JULIO LOPEZ. (REF. S. 2131/23)	37 21/08/2025 -	13/05/2025 -	GIMÉNEZ, NORA DEL VALLE -	DE JUSTICIA Y ASUNTOS PENALES	DE EDUCACIÓN Y CULTURA			
S	735	2025	PL	"GIMENEZ: PROYECTO DE LEY QUE INSTITUYE EL DIA 30 DE MARZO DE CADA AÑO, COMO ""DIA NACIONAL DE LA MUJER TABACALERA"""	37 21/08/2025 -	13/05/2025 -	GIMÉNEZ, NORA DEL VALLE -	BANCA DE LA MUJER	DE EDUCACIÓN Y CULTURA			
S	734	2025	PL	GIMENEZ: PROYECTO DE LEY QUE CREA LA FIGURA PROCESAL DEL AMICUS CURIAE.	37 21/08/2025 -	13/05/2025 -	GIMÉNEZ, NORA DEL VALLE -	DE ASUNTOS CONSTITUCIONALES	DE JUSTICIA Y ASUNTOS PENALES	DE LEGISLACIÓN GENERAL		
S	733	2025	PL	GIMENEZ: PROYECTO DE LEY QUE DECLARA A LA PROVINCIA DE SALTA COMO CAPITAL DEL PATRIMONIO LINGÜÍSTICO Y CULTURAL DE LOS PUEBLOS ORIGINARIOS DEL NORTE GRANDE.	37 21/08/2025 -	13/05/2025 -	GIMÉNEZ, NORA DEL VALLE -	DE EDUCACIÓN Y CULTURA	DE POBLACIÓN Y DESARROLLO  HUMANO			
S	732	2025	PL	GIMENEZ: PROYECTO DE LEY QUE MODIFICA EL ART. 64 DE SU SIMILAR 20.337 DE COOPERATIVAS, RESPECTO A LAS LIMITACIONES PARA INTEGRAR EL CONSEJO DE ADMINISTRACION.	37 21/08/2025 -	13/05/2025 -	GIMÉNEZ, NORA DEL VALLE -	DE ECONOMÍAS REGIONALES, ECONOMÍA SOCIAL, MICRO, PEQUEÑA Y MEDIANA EMPRESA				
S	731	2025	PL	GIMENEZ: PROYECTO DE LEY SOBRE AMPLIACIÓN DE LA SEGURIDAD SOCIAL DE LOS TRABAJADORES RURALES TEMPORARIOS Y PERMANENTES DISCONTINUOS EN EL ÁMBITO DE LAS PYMES DE LAS ECONOMÍAS REGIONALES.	37 21/08/2025 -	13/05/2025 -	GIMÉNEZ, NORA DEL VALLE -	DE TRABAJO Y PREVISIÓN SOCIAL	DE ECONOMÍAS REGIONALES, ECONOMÍA SOCIAL, MICRO, PEQUEÑA Y MEDIANA EMPRESA			
S	730	2025	PL	GIMENEZ: PROYECTO DE LEY QUE MODIFICA SU SIMILAR 27.108 - DIA DEL EMPRESARIO NACIONAL-  RESPECTO DE MODIFICAR LA DENOMINACION DE LA MISMA.	36 21/08/2025 -	13/05/2025 -	GIMÉNEZ, NORA DEL VALLE -	DE ECONOMÍA NACIONAL E INVERSIÓN	BANCA DE LA MUJER			
S	697	2025	PL	AVILA: PROYECTO DE LEY QUE INCORPORA EL ART. 4 BIS A SU SIMILAR 25.415- PROGRAMA DE DETECCION DE LA HIPOACUSIA-, RESPECTO DE INCORPORAR DIVERSAS ACCIONES EN EL AMBITO EDUCATIVO.	35 21/08/2025 -	08/05/2025 -	AVILA, BEATRIZ LUISA -	DE POBLACIÓN Y DESARROLLO  HUMANO	DE EDUCACIÓN Y CULTURA			
S	694	2025	PL	OLIVERA LUCERO: PROYECTO DE LEY DE REMOCION DE LOS CABLES AEREOS POR PARTE DE EMPRESAS DE SERVICIOS DE TELECOMUNICACIONES Y TRANSMISION DE DATOS, EN AREAS PUBLICAS, PRIVADAS O MIXTAS.	35 21/08/2025 -	08/05/2025 -	OLIVERA LUCERO, BRUNO ANTONIO -	DE SISTEMAS, MEDIOS DE COMUNICACIÓN Y LIBERTAD DE EXPRESIÓN	DE JUSTICIA Y ASUNTOS PENALES			
S	689	2025	PL	ROMERO: PROYECTO DE LEY QUE SUSTITUYE EL ART. 21 DE DCTO. LEY 1.285/58 Y S/M - RESPECTO DE AMPLIAR LOS MIEMBROS DE LA CORTE SUPREMA DE JUSTICIA.	35 21/08/2025 -	08/05/2025 -	ROMERO, JUAN CARLOS -	DE ASUNTOS CONSTITUCIONALES	DE JUSTICIA Y ASUNTOS PENALES			
S	685	2025	PL	RODAS: PROYECTO DE LEY QUE ESTABLECE UN RÉGIMEN ESPECIAL DE REINTEGRO DE DERECHOS DE EXPORTACIÓN POR EMERGENCIA AGROPECUARIA.	34 21/08/2025 -	07/05/2025 -	RODAS, ANTONIO JOSÉ -	DE PRESUPUESTO Y HACIENDA	DE AGRICULTURA, GANADERÍA Y PESCA			
S	684	2025	PL	REJAL Y OTROS: PROYECTO DE LEY QUE CREA EL PROGRAMA DE ALERTAS DE SISMOLOGÍA -SINASI-	34 21/08/2025 -	07/05/2025 -	REJAL, JESÚS FERNANDO - MOISES, MARÍA CAROLINA - ANDRADA, GUILLERMO EDUARDO - SALINO, FERNANDO ALDO -	DE CIENCIA Y TECNOLOGÍA	DE SISTEMAS, MEDIOS DE COMUNICACIÓN Y LIBERTAD DE EXPRESIÓN	DE PRESUPUESTO Y HACIENDA		
S	683	2025	PR	LEWANDOWSKI: PROYECTO DE RESOLUCION QUE CITA AL MINISTRO DE SALUD, MARIO LUGONES, DE CONFORMIDAD AL ART. 71 DE LA C.N. Y EL ART. 214 DEL REGLAMENTO DE LA H. CAMARA, A FIN DE BRINDAR EXPLICACIONES SOBRE LAS PENSIONES NO CONTRIBUTIVAS POR INVALIDEZ LABORAL Y LA DEL DIRECTOR EJECUTIVO DE LA AGENCIA NACIONAL DE DISCAPACIDAD (ANDIS) DR. DIEGO ORLANDO SPAGNUOLO.	34 21/08/2025 -	07/05/2025 -	LEWANDOWSKI, MARCELO NÉSTOR -	DE ASUNTOS CONSTITUCIONALES	DE ASUNTOS CONSTITUCIONALES	DE SALUD	DE SALUD	DE POBLACIÓN Y DESARROLLO  HUMANO
S	682	2025	PR	LEWANDOWSKI: PROYECTO DE RESOLUCION QUE MODIFICA EL ART. 60 DEL REGLAMENTO DE LA CAMARA DE SENADORES DE LA NACION, POR EL QUE SE CREA LA COMISION DE DISCAPACIDAD.	34 21/08/2025 -	07/05/2025 -	LEWANDOWSKI, MARCELO NÉSTOR -	DE ASUNTOS CONSTITUCIONALES				
S	680	2025	PL	VIGO: PROYECTO DE LEY QUE MODIFICA EL CÓDIGO PENAL DE LA NACIÓN PARA ESTABLECER LA IMPRESCRIPTIBILIDAD DE LA ACCIÓN PENAL, EN LOS CASOS DE ABUSO SEXUAL COMETIDOS SOBRE MENORES DE EDAD.	34 21/08/2025 -	07/05/2025 -	VIGO, ALEJANDRA MARÍA -	DE JUSTICIA Y ASUNTOS PENALES				
S	679	2025	PL	VIGO: PROYECTO DE LEY QUE DECLARA LA APLICACIÓN DE LOS PRINCIPIOS DE NO REVERSIÓN DE LOS DERECHOS HUMANOS Y DE PROGRESIVIDAD DE LOS DERECHOS HUMANOS.	34 21/08/2025 -	07/05/2025 -	VIGO, ALEJANDRA MARÍA -	DE ASUNTOS CONSTITUCIONALES	DE DERECHOS Y GARANTÍAS			
S	678	2025	PL	MOISES: PROYECTO DE LEY DE FICHA LIMPIA PARA FUNCIONARIOS.	34 21/08/2025 -	07/05/2025 -	MOISES, MARÍA CAROLINA -	DE ASUNTOS CONSTITUCIONALES				
S	672	2025	PL	"GARCIA LARRABURU Y CORA: PROYECTO DE LEY QUE CREA EL PROGRAMA DE INCENTIVOS A LA PREVENTA DE SERVICIOS TURISTICOS NACIONALES ""PREVIAJE TEMPORADA BAJA""."	34 21/08/2025 -	07/05/2025 -	GARCÍA LARRABURU, SILVINA MARCELA - CORA, STEFANIA - MENDOZA, SANDRA MARIELA - CORPACCI, LUCÍA BENIGNA - GIMÉNEZ, NORA DEL VALLE - GIMÉNEZ NAVARRO, MARÍA CELESTE - GONZÁLEZ, MARÍA TERESA MARGARITA - PILATTI VERGARA, MARÍA INÉS -	DE TURISMO	DE PRESUPUESTO Y HACIENDA			
S	664	2025	PR	MAYANS Y OTRAS: PROYECTO DE RESOLUCION QUE CITA PARA SU INTERPELACIÓN AL MINISTRO DE LA NACION LIC. LUIS ANDRES CAPUTO, DE CONFORMIDAD AL ART. 71 DE LA C.N. Y EL ART. 214 DEL REGLAMENTO DE LA H. CAMARA.	34 21/08/2025 -	06/05/2025 -	MAYANS, JOSÉ MIGUEL ÁNGEL - DI TULLIO, JULIANA - FERNÁNDEZ SAGASTI, ANABEL -	DE ASUNTOS CONSTITUCIONALES	DE PRESUPUESTO Y HACIENDA			
S	663	2025	PR	MAYANS Y OTRAS: PROYECTO DE RESOLUCION QUE CITA A LA SECRETARIA DE LA PRESIDENCIA DE LA NACION, KARINA ELIZABETH MILEI, DE CONFORMIDAD AL ART. 71 DE LA C.N. Y EL ART. 214 DEL REGLAMENTO DE LA H. CAMARA.	33 21/08/2025 -	06/05/2025 -	MAYANS, JOSÉ MIGUEL ÁNGEL - DI TULLIO, JULIANA - FERNÁNDEZ SAGASTI, ANABEL -	DE ASUNTOS CONSTITUCIONALES	DE ECONOMÍA NACIONAL E INVERSIÓN			
S	662	2025	PR	MAYANS Y OTROS: PROYECTO DE RESOLUCION QUE SOLICITA LA REAPERTURA DE LA PARITARIA REQUERIDA POR LA ASOCIACION DEL PERSONAL LEGISLATIVO.	33 21/08/2025 -	06/05/2025 -	DI TULLIO, JULIANA - MAYANS, JOSÉ MIGUEL ÁNGEL - FERNÁNDEZ SAGASTI, ANABEL - RODAS, ANTONIO JOSÉ -	DE ASUNTOS CONSTITUCIONALES				
S	658	2025	PL	"LINARES: REPRODUCE PROYECTO DE LEY QUE CREA EL ""ESTIMULO DE REINSERCIÓN DE PERSONAS GESTANTES AL DEPORTE"". (REF. S. 642/23 )"	33 21/08/2025 -	06/05/2025 -	LINARES, CARLOS ALBERTO -	DE TRABAJO Y PREVISIÓN SOCIAL	DE DEPORTE			
S	657	2025	PL	LINARES: REPRODUCE PROYECTO DE LEY QUE ESTABLECE LA IMPLEMENTACIÓN DEL EXAMEN OFTALMOLÓGICO OBLIGATORIO A NIÑOS Y NIÑAS PARA PREVENCION TEMPRANA. (REF. S. 347/23).	33 21/08/2025 -	06/05/2025 -	LINARES, CARLOS ALBERTO -	DE SALUD	DE PRESUPUESTO Y HACIENDA			
S	655	2025	PL	MOISES Y ANDRADA: PROYECTO DE LEY DE INCENTIVOS AL TURISMO NACIONAL.	33 21/08/2025 -	06/05/2025 -	MOISES, MARÍA CAROLINA - ANDRADA, GUILLERMO EDUARDO -	DE TURISMO	DE PRESUPUESTO Y HACIENDA			
S	654	2025	PL	"JURI: PROYECTO DE LEY QUE INSTITUYE EL DIA 19 DE NOVIEMBRE DE CADA AÑO COMO ""DIA NACIONAL DE LA MUJER EMPRENDEDORA""."	33 21/08/2025 -	06/05/2025 -	JURI, MARIANA -	BANCA DE LA MUJER	DE EDUCACIÓN Y CULTURA			
S	651	2025	PL	MOISES Y ANDRADA: PROYECTO DE LEY QUE DECLARA EMERGENCIA TURISTICA NACIONAL, POR EL PLAZO DE 365 DÍAS.	33 21/08/2025 -	05/05/2025 -	MOISES, MARÍA CAROLINA - ANDRADA, GUILLERMO EDUARDO -	DE PRESUPUESTO Y HACIENDA	DE TURISMO			
S	644	2025	PL	DOÑATE: PROYECTO DE LEY DE PROTECCION DE DATOS PERSONALES.	33 21/08/2025 -	05/05/2025 -	DOÑATE, CLAUDIO MARTÍN -	DE ASUNTOS CONSTITUCIONALES	DE LEGISLACIÓN GENERAL	DE DERECHOS Y GARANTÍAS		
S	643	2025	PL	"MOISES Y ANDRADA: PROYECTO DE LEY QUE DECLARA BIEN HISTÓRICO ARTÍSTICO DENTRO DEL PATRIMONIO CULTURAL NACIONAL, EN LOS TÉRMINOS DE LA LEY 25.197, A LOS INSTRUMENTOS MUSICALES ANDINOS: ""ANATA"", ""REKE"", ""PIL PIL"" Y CAJA DE COPLA""."	33 21/08/2025 -	30/04/2025 -	MOISES, MARÍA CAROLINA - ANDRADA, GUILLERMO EDUARDO -	DE EDUCACIÓN Y CULTURA				
S	642	2025	PL	"MOISES Y ANDRADA: PROYECTO DE LEY QUE DECLARA BIEN HISTÓRICO ARTÍSTICO DENTRO DEL PATRIMONIO CULTURAL NACIONAL, EN LOS TÉRMINOS DE LA LEY 25.197, A LOS ""ANGELES ARCABUCEROS"""	32 21/08/2025 -	30/04/2025 -	ANDRADA, GUILLERMO EDUARDO - MOISES, MARÍA CAROLINA -	DE EDUCACIÓN Y CULTURA				
S	641	2025	PL	MOISES Y ANDRADA: PROYECTO DE LEY QUE CREA EL REGISTRO NACIONAL DE MOJONES (RENDAM).	32 21/08/2025 -	30/04/2025 -	MOISES, MARÍA CAROLINA - ANDRADA, GUILLERMO EDUARDO -	DE EDUCACIÓN Y CULTURA	DE PRESUPUESTO Y HACIENDA			
S	640	2025	PL	MOISES Y ANDRADA: PROYECTO DE LEY QUE DECLARA COMO BIEN CULTURAL HISTÓRICO ARTÍSTICO DENTRO DEL PATRIMONIO CULTURAL NACIONAL, EN LOS TÉRMINOS DE LA LEY 25.197, A LOS MOJONES DE CARNAVAL.	32 21/08/2025 -	30/04/2025 -	MOISES, MARÍA CAROLINA - ANDRADA, GUILLERMO EDUARDO -	DE EDUCACIÓN Y CULTURA				
S	625	2025	PL	ABAD: PROYECTO DE LEY QUE MODIFICA EL ARTICULO 30 DE LEY 26.206 DE EDUCACION NACIONAL, RESPECTO DE INCORPORAR CONOCIMIENTOS BASICOS DE LAS FINANZAS PERSONALES EN LOS ESTABLECIMIENTOS EDUCATIVOS DE NIVEL SECUNDARIO.	32 21/08/2025 -	30/04/2025 -	ABAD, MAXIMILIANO -	DE EDUCACIÓN Y CULTURA				
S	624	2025	PL	ABAD: PROYECTO DE LEY QUE INTITUYE EL 21 DE JUNIO DE CADA AÑO COMO DIA NACIONAL DEL YOGA.	31 21/08/2025 -	30/04/2025 -	ABAD, MAXIMILIANO -	DE EDUCACIÓN Y CULTURA				
S	619	2025	PL	AVILA: PROYECTO DE LEY QUE MODIFICA SU SIMILAR 27.499- LEY MICAELA -, RESPECTO DE INCLUIR EN LA CAPACITACIÓN A ABOGADOS DE MATRÍCULAS PROVINCIALES Y NACIONALES DE TODO EL TERRITORIO NACIONAL.	31 21/08/2025 -	29/04/2025 -	AVILA, BEATRIZ LUISA -	BANCA DE LA MUJER				
S	618	2025	PL	BLANCO: PROYECTO DE LEY SOBRE CONVENIO DE COPARTICIPACIÓN FEDERAL DE IMPUESTOS.	31 21/08/2025 -	29/04/2025 -	BLANCO, PABLO DANIEL -	DE PRESUPUESTO Y HACIENDA	DE COPARTICIPACIÓN FEDERAL DE IMPUESTOS			
S	615	2025	PL	MOISES Y OTROS: PROYECTO DE LEY SOBRE AMPLIACION DE COBERTURA DE MEDICAMENTOS DEL PAMI.	31 21/08/2025 -	29/04/2025 -	MOISES, MARÍA CAROLINA - REJAL, JESÚS FERNANDO - ANDRADA, GUILLERMO EDUARDO -	DE TRABAJO Y PREVISIÓN SOCIAL	DE SALUD	DE PRESUPUESTO Y HACIENDA		
S	614	2025	PL	MOISES Y OTROS: PROYECTO DE LEY QUE MODIFICA DIVERSAS LEYES PREVISIONALES A FIN DE INCREMENTAR EL MONTO DE LAS PRESTACIONES DEL RÉGIMEN PREVISIONAL.	31 21/08/2025 -	29/04/2025 -	MOISES, MARÍA CAROLINA - ANDRADA, GUILLERMO EDUARDO - REJAL, JESÚS FERNANDO -	DE TRABAJO Y PREVISIÓN SOCIAL	DE PRESUPUESTO Y HACIENDA			
S	613	2025	PL	MOISES Y OTROS: PROYECTO DE LEY QUE DECLARA LA EMERGENCIA EN EL ACCESO A LAS PRESTACIONES PREVISIONALES POR CARENCIA DE APORTES.	31 21/08/2025 -	29/04/2025 -	MOISES, MARÍA CAROLINA - ANDRADA, GUILLERMO EDUARDO - REJAL, JESÚS FERNANDO -	DE TRABAJO Y PREVISIÓN SOCIAL	DE PRESUPUESTO Y HACIENDA			
S	604	2025	PL	HUALA Y OTROS: PROYECTO DE LEY SOBRE EDUCACION INTELIGENTE.	30 21/08/2025 -	28/04/2025 -	HUALA, MARÍA VICTORIA - CRISTINA, ANDREA MARCELA - JUEZ, LUIS ALFREDO -	DE LEGISLACIÓN GENERAL	DE EDUCACIÓN Y CULTURA	DE PRESUPUESTO Y HACIENDA		
S	597	2025	PR	DI TULLIO: PROYECTO DE RESOLUCION QUE CITA AL MINISTRO DE RELACIONES EXTERIORES, COMERCIO INTERNACIONAL Y CULTO DE LA NACION, DR GERARDO WERTHEIN DE CONFORMIDAD AL ART. 71 DE LA C.N. Y EL ART. 214 DEL REGLAMENTO DE LA H. CAMARA, A FIN DE DAR EXPLICACIONES SOBRE EL SILENCIO DE LA CARTERA ANTE LOS DICHOS DE LA TITULAR DEL FONDO MONETARIO INTERNACIONAL (FMI) KRISTALINA GEORGIEVA.	30 21/08/2025 -	25/04/2025 -	DI TULLIO, JULIANA -	DE ASUNTOS CONSTITUCIONALES	DE RELACIONES EXTERIORES Y CULTO			
S	579	2025	PL	ABAD: PROYECTO DE LEY QUE DISPONE LA EMISIÓN DE UN SELLO POSTAL EN CONMEMORACIÓN Y HOMENAJE AL PAPA FRANCISCO.	29 21/08/2025 -	24/04/2025 -	ABAD, MAXIMILIANO -	DE SISTEMAS, MEDIOS DE COMUNICACIÓN Y LIBERTAD DE EXPRESIÓN	DE SISTEMAS, MEDIOS DE COMUNICACIÓN Y LIBERTAD DE EXPRESIÓN	DE PRESUPUESTO Y HACIENDA	DE PRESUPUESTO Y HACIENDA	
S	572	2025	PL	SILVA: PROYECTO DE LEY QUE MODIFICA SU SIMILAR 20.628 -IMPUESTO A LAS GANANCIAS- RESPECTO DE EXIMIR DEL MISMO A LAS REMUNERACIONES PERCIBIDAS POR PROFESIONALES DE LA SALUD.	29 21/08/2025 -	24/04/2025 -	SILVA, MÓNICA ESTHER -	DE PRESUPUESTO Y HACIENDA				
S	571	2025	PL	SILVA: PROYECTO DE LEY QUE GARANTIZA LA PROTECCION Y SOSTENIMIENTO DEL FINANCIAMIENTO DE LAS UNIVERSIDADES NACIONALES EN TODO EL TERRITORIO.	29 21/08/2025 -	24/04/2025 -	SILVA, MÓNICA ESTHER -	DE EDUCACIÓN Y CULTURA	DE PRESUPUESTO Y HACIENDA			
S	570	2025	PL	OLIVERA LUCERO: PROYECTO DE LEY SOBRE FOMENTO DEL USO EFICIENTE DE LA ENERGIA ELECTRICA Y REDUCIR LOS COSTOS OPERATIVOS DEL ESTADO.	29 21/08/2025 -	24/04/2025 -	OLIVERA LUCERO, BRUNO ANTONIO -	DE MINERÍA, ENERGÍA Y COMBUSTIBLES	DE ASUNTOS ADMINISTRATIVOS Y MUNICIPALES			
S	567	2025	PL	LOSADA Y TERENZI: PROYECTO DE LEY DE BUEN TRATO, CRIANZA POSITIVA Y PROTECCION INTEGRAL CONTRA EL MALTRATO Y VIOLENCIA HACIA NIÑAS, NIÑOS Y ADOLESCENTES.	29 21/08/2025 -	24/04/2025 -	TERENZI, EDITH ELIZABETH - LOSADA, CAROLINA -	DE POBLACIÓN Y DESARROLLO  HUMANO	DE LEGISLACIÓN GENERAL	DE JUSTICIA Y ASUNTOS PENALES		
S	564	2025	PL	ABAD Y OTROS: PROYECTO DE LEY QUE ENCOMIENDA AL BANCO CENTRAL DE LA REP. ARGENTINA LA ACUÑACION Y PUESTA EN CIRCULACION DE UNA MONEDA Y UN BILLETE DE CURSO LEGAL VIGENTE EN CONMEMORACION Y HOMENAJE AL PAPA FRANCISCO.	29 21/08/2025 -	24/04/2025 -	ABAD, MAXIMILIANO - ATAUCHE, EZEQUIEL - MAYANS, JOSÉ MIGUEL ÁNGEL - PAOLTRONI, FRANCISCO MANUEL - BLANCO, PABLO DANIEL - ZIMMERMANN, VICTOR - VISCHI, EDUARDO ALEJANDRO - OLALLA, STELLA MARIS - KRONEBERGER, DANIEL RICARDO - GOERLING LARA, ENRIQUE MARTÍN - FAMA, FLAVIO SERGIO - VALENZUELA, MERCEDES GABRIELA - TERENZI, EDITH ELIZABETH - GALARETTO, EDUARDO HORACIO - LOSADA, CAROLINA - GARCÍA LARRABURU, SILVINA MARCELA - SUÁREZ, RODOLFO ALEJANDRO - REJAL, JESÚS FERNANDO - DE PEDRO, EDUARDO ENRIQUE - DI TULLIO, JULIANA - JURI, MARIANA - PAGOTTO, JUAN CARLOS -	DE ECONOMÍA NACIONAL E INVERSIÓN	DE PRESUPUESTO Y HACIENDA			
S	557	2025	PL	"GARCIA LARRABURU: PROYECTO DE LEY QUE INSTITUYE EL 21 DE ABRIL DE CADA AÑO COMO ""DIA NACIONAL DEL PASO A LA INMORTALIDAD DEL PAPA FRANCISCO, PRIMER PAPA ARGENTINO EN LA HISTORIA""."	28 24/04/2025 -	23/04/2025 -	KIRCHNER, ALICIA MARGARITA ANTONIA - PILATTI VERGARA, MARÍA INÉS - GARCÍA LARRABURU, SILVINA MARCELA -	DE RELACIONES EXTERIORES Y CULTO	DE EDUCACIÓN Y CULTURA			
S	556	2025	PL	GARCIA LARRABURU: PROYECTO DE LEY QUE CREA EL INSTITUTO NACIONAL DE INTELIGENCIA ARTIFICIAL.	28 24/04/2025 -	23/04/2025 -	GONZÁLEZ, MARÍA TERESA MARGARITA - PILATTI VERGARA, MARÍA INÉS - GARCÍA LARRABURU, SILVINA MARCELA -	DE CIENCIA Y TECNOLOGÍA	DE PRESUPUESTO Y HACIENDA			
S	551	2025	PR	PARRILLI Y OTROS: PROYECTO DE RESOLUCION QUE CITA AL MINISTRO DE DEFENSA DE LA NACION, LUIS PETRI, DE CONFORMIDAD AL ART. 71 DE LA C.N. Y EL ART. 214 DEL REGLAMENTO DE LA H. CAMARA, A FIN DE BRINDAR INFORME SOBRE LOS HECHOS ACAECIDOS EN LA BASE NAVAL DE VICENTE LOPEZ DURANTE UNA PRACTICA ANTIDISTURBIOS, EL 4 DE ABRIL DE 2025.	28 24/04/2025 -	23/04/2025 -	CORA, STEFANIA - PARRILLI, OSCAR ISIDRO - CORPACCI, LUCÍA BENIGNA - ANDRADA, GUILLERMO EDUARDO - LÓPEZ, MARÍA FLORENCIA - DE PEDRO, EDUARDO ENRIQUE - REJAL, JESÚS FERNANDO - DURÉ, MARÍA EUGENIA - SAPAG, SILVIA ESTELA  - GIMÉNEZ, NORA DEL VALLE - NEDER, JOSÉ EMILIO - RODAS, ANTONIO JOSÉ - KIRCHNER, ALICIA MARGARITA ANTONIA - LEAVY, SERGIO NAPOLEÓN - FERNÁNDEZ SAGASTI, ANABEL - GARCÍA LARRABURU, SILVINA MARCELA -	DE ASUNTOS CONSTITUCIONALES	DE DEFENSA NACIONAL			
S	550	2025	PL	GARCIA LARRABURU: PROYECTO DE LEY QUE MODIFICA SU SIMILAR 20.628 -IMPUESTO A LAS GANANCIAS- RESPECTO DE EXIMIR DEL MISMO A TRABAJADORES DE LA SALUD POR INGRESOS QUE EXCEDAN GUARDIAS MENSUALES EN SERVICIOS HOSPITALARIOS DE SALUD PUBLICA O PRIVADA	28 24/04/2025 -	23/04/2025 -	GIMÉNEZ, NORA DEL VALLE - GARCÍA LARRABURU, SILVINA MARCELA -	DE PRESUPUESTO Y HACIENDA				
S	544	2025	PL	REJAL Y ANDRADA: PROYECTO DE LEY COMPLEMENTARIA DEL ARTICULO 3 DE LA LEY 23.548 DE COPARTICIPACION FEDERAL DE IMPUESTOS, SOBRE READECUACION DEL COEFICIENTE PARA EL FONDO DE APORTES DEL TESORO NACIONAL A LAS PROVINCIAS.	28 24/04/2025 -	22/04/2025 -	ANDRADA, GUILLERMO EDUARDO - REJAL, JESÚS FERNANDO - MOISES, MARÍA CAROLINA -	DE COPARTICIPACIÓN FEDERAL DE IMPUESTOS	DE PRESUPUESTO Y HACIENDA			
S	543	2025	PL	REJAL Y ANDRADA: PROYECTO DE LEY QUE CREA LA LINEA DE ATENCION CONTRA ESTAFAS VIRTUALES Y FRAUDE DE DATOS PERSONALES.	28 24/04/2025 -	22/04/2025 -	REJAL, JESÚS FERNANDO - ANDRADA, GUILLERMO EDUARDO - MOISES, MARÍA CAROLINA -	DE SISTEMAS, MEDIOS DE COMUNICACIÓN Y LIBERTAD DE EXPRESIÓN	DE ECONOMÍA NACIONAL E INVERSIÓN			
S	542	2025	PL	REJAL Y ANDRADA: PROYECTO DE LEY QUE MODIFICA SU SIMILAR 23.548- COPARTICIPACIÓN FEDERAL DE IMPUESTOS-, RESPECTO DE LA ASIGNACIÓN DEL FONDO DE APORTES DEL TESORO NACIONAL A LAS PROVINCIAS.	28 24/04/2025 -	22/04/2025 -	REJAL, JESÚS FERNANDO - ANDRADA, GUILLERMO EDUARDO - MOISES, MARÍA CAROLINA -	DE COPARTICIPACIÓN FEDERAL DE IMPUESTOS	DE PRESUPUESTO Y HACIENDA			
S	538	2025	PR	"MAYANS Y OTROS: PROYECTO DE RESOLUCION QUE DESIGNA COMO ""PAPA FRANCISCO"", AL RECINTO DEL H. SENADO DE LA NACIÓN UBICADO EN EL PRIMER PISO DEL PALACIO LEGISLATIVO."	27 24/04/2025 -	22/04/2025 -	NEDER, JOSÉ EMILIO - LEDESMA ABDALA DE ZAMORA, CLAUDIA - GONZÁLEZ, MARÍA TERESA MARGARITA - PARRILLI, OSCAR ISIDRO - DE PEDRO, EDUARDO ENRIQUE - ANDRADA, GUILLERMO EDUARDO - RECALDE, MARIANO - GARCÍA LARRABURU, SILVINA MARCELA - MANZUR, JUAN LUIS - KIRCHNER, ALICIA MARGARITA ANTONIA - SAPAG, SILVIA ESTELA  - CORA, STEFANIA - LEWANDOWSKI, MARCELO NÉSTOR - GIMÉNEZ NAVARRO, MARÍA CELESTE - FERNÁNDEZ SAGASTI, ANABEL - MAYANS, JOSÉ MIGUEL ÁNGEL - DI TULLIO, JULIANA - CORPACCI, LUCÍA BENIGNA - LINARES, CARLOS ALBERTO - LÓPEZ, CÁNDIDA CRISTINA -	DE EDUCACIÓN Y CULTURA				
S	533	2025	PL	VALENZUELA: PROYECTO DE LEY SOBRE CARNE REAL: CLARIDAD EN LA IDENTIFICACIÓN DE SUSTITUTOS DE PRODUCTOS CÁRNICOS.	27 24/04/2025 -	21/04/2025 -	VALENZUELA, MERCEDES GABRIELA -	DE DERECHOS Y GARANTÍAS	DE SALUD			
S	530	2025	PL	DURE: PROYECTO DE LEY DE CAMPAÑA NACIONAL DE CONCIENTIZACIÓN SOBRE VACUNACIÓN.	27 24/04/2025 -	16/04/2025 -	DURÉ, MARÍA EUGENIA -	DE SALUD	DE SISTEMAS, MEDIOS DE COMUNICACIÓN Y LIBERTAD DE EXPRESIÓN	DE EDUCACIÓN Y CULTURA		
S	528	2025	PL	CRISTINA: PROYECTO DE LEY DE PROMOCION DE LOS DERECHOS DE LAS NIÑAS, NIÑOS Y ADOLESCENTES A LA DIGNIDAD, A LA INTEGRIDAD PERSONAL Y UNA VIDA LIBRE DE VIOLENCIAS, A TRAVES DE PROTOCOLOS PARA LA PREVENCION, DETECCION Y ACTUACION ANTE SITUACIONES DE VIOLENCIA.	27 24/04/2025 -	16/04/2025 -	CRISTINA, ANDREA MARCELA - AVILA, BEATRIZ LUISA -	DE LEGISLACIÓN GENERAL	DE POBLACIÓN Y DESARROLLO  HUMANO			
S	525	2025	PL	CRISTINA: PROYECTO DE LEY QUE MODIFICA SU SIMILAR 26.206 -EDUCACIÓN NACIONAL-, RESPECTO DE PROMOVER LA FORMACIÓN INTEGRAL, ORIENTADA EN EL CUIDADO DE LA SALUD MENTAL.	27 24/04/2025 -	16/04/2025 -	CRISTINA, ANDREA MARCELA - AVILA, BEATRIZ LUISA -	DE EDUCACIÓN Y CULTURA	DE SALUD			
S	517	2025	PL	"DE ANGELI: PROYECTO DE LEY QUE INSTITUYE EL DIA 15 DE ABRIL DE CADA AÑO COMO EL ""DIA NACIONAL DEL INMIGRANTE ALEMAN DEL VOLGA""."	26 24/04/2025 -	15/04/2025 -	DE ANGELI, ALFREDO LUIS -	DE POBLACIÓN Y DESARROLLO  HUMANO	DE EDUCACIÓN Y CULTURA			
S	515	2025	PL	RODAS: PROYECTO DE LEY SOBRE REGULACIÓN DEL EJERCICIO DE LA PRÁCTICA DEL MASAJE CORPORAL.	26 24/04/2025 -	14/04/2025 -	RODAS, ANTONIO JOSÉ -	DE LEGISLACIÓN GENERAL	DE SALUD	DE PRESUPUESTO Y HACIENDA		
S	511	2025	PL	SAPAG Y PILATTI VERGARA: PROYECTO DE LEY SOBRE SISTEMAS DE INTELIGENCIA ARTIFICIAL.	26 24/04/2025 -	14/04/2025 -	PILATTI VERGARA, MARÍA INÉS - SAPAG, SILVIA ESTELA  - DURÉ, MARÍA EUGENIA - CORA, STEFANIA - GONZÁLEZ, MARÍA TERESA MARGARITA - GIMÉNEZ, NORA DEL VALLE - PARRILLI, OSCAR ISIDRO - GARCÍA LARRABURU, SILVINA MARCELA - GIMÉNEZ NAVARRO, MARÍA CELESTE -	DE LEGISLACIÓN GENERAL	DE CIENCIA Y TECNOLOGÍA	DE PRESUPUESTO Y HACIENDA		
S	491	2025	PR	FERNANDEZ SAGASTI Y OTROS: PROYECTO DE RESOLUCION QUE SOLICITA EL INGRESO DE LA REPUBLICA ARGENTINA AL GRUPO DE PAISES EMERGENTES DENOMINADO BRICS+.	25 24/04/2025 -	11/04/2025 -	FERNÁNDEZ SAGASTI, ANABEL - DI TULLIO, JULIANA - MAYANS, JOSÉ MIGUEL ÁNGEL -	DE RELACIONES EXTERIORES Y CULTO				
S	488	2025	PL	ABAD Y OTROS: PROYECTO DE LEY DE ASISTENCIA Y ACOMPAÑAMIENTO A LA UNIVERSIDAD NACIONAL DEL SUR.	25 24/04/2025 -	09/04/2025 -	ABAD, MAXIMILIANO - DE PEDRO, EDUARDO ENRIQUE - DI TULLIO, JULIANA -	DE PRESUPUESTO Y HACIENDA	DE EDUCACIÓN Y CULTURA			
S	485	2025	PL	DE PEDRO Y OTROS: PROYECTO DE LEY QUE DECLARA LA EMERGENCIA PRESUPUESTARIA Y FINANCIERA DEL SISTEMA NACIONAL DE CIENCIA, TECNOLOGIA E INNOVACION, HASTA EL 31 DE DICIEMBRE DE 2025.	25 24/04/2025 -	09/04/2025 -	PILATTI VERGARA, MARÍA INÉS - DE PEDRO, EDUARDO ENRIQUE - LINARES, CARLOS ALBERTO - CORA, STEFANIA - GARCÍA LARRABURU, SILVINA MARCELA - GONZÁLEZ, MARÍA TERESA MARGARITA - DURÉ, MARÍA EUGENIA - GIMÉNEZ, NORA DEL VALLE - GIMÉNEZ NAVARRO, MARÍA CELESTE -	DE PRESUPUESTO Y HACIENDA	DE CIENCIA Y TECNOLOGÍA	DE ASUNTOS CONSTITUCIONALES		
S	484	2025	PL	REJAL Y OTROS: PROYECTO DE LEY QUE CREA EL PROGRAMA DE ALFABETIZACION DIGITAL PARA LA PREVENCION DE LA DESINFORMACION Y DE ESTAFAS VIRTUALES.	25 24/04/2025 -	09/04/2025 -	ANDRADA, GUILLERMO EDUARDO - SALINO, FERNANDO ALDO - REJAL, JESÚS FERNANDO - MOISES, MARÍA CAROLINA -	DE EDUCACIÓN Y CULTURA	DE SISTEMAS, MEDIOS DE COMUNICACIÓN Y LIBERTAD DE EXPRESIÓN	DE PRESUPUESTO Y HACIENDA		
S	483	2025	PL	REJAL Y OTROS: PROYECTO DE LEY QUE RATIFICA LA DECLARACION DE MONUMENTO HISTORICO NACIONAL AL COMPLEJO DE CHAPADMALAL Y EMBALSE DE RIO TERCERO.	25 24/04/2025 -	09/04/2025 -	SALINO, FERNANDO ALDO - DE PEDRO, EDUARDO ENRIQUE - MOISES, MARÍA CAROLINA - REJAL, JESÚS FERNANDO - ANDRADA, GUILLERMO EDUARDO -	DE EDUCACIÓN Y CULTURA				
S	477	2025	PL	CRISTINA Y TERENZI: PROYECTO DE LEY QUE CREA EL RÉGIMEN DE INCENTIVOS PARA PROMOVER LA INVERSIÓN Y LA PRODUCCIÓN DE HIDROCARBUROS EN CUENCAS MADURAS DE EXPLOTACIÓN CONVENCIONAL.	24 24/04/2025 -	08/04/2025 -	CRISTINA, ANDREA MARCELA - TERENZI, EDITH ELIZABETH -	DE MINERÍA, ENERGÍA Y COMBUSTIBLES	DE PRESUPUESTO Y HACIENDA			
S	473	2025	PL	"DE ANGELI: REPRODUCE PROYECTO DE LEY DE CONSERVACION DE LOS BANCOS DE GERMOPLASMA PARA LA AGRICULTURA Y LA ALIMENTACION. 
(REF. S. 252/20)"	24 24/04/2025 -	08/04/2025 -	DE ANGELI, ALFREDO LUIS -	DE AGRICULTURA, GANADERÍA Y PESCA	DE PRESUPUESTO Y HACIENDA			
S	472	2025	PL	"DE ANGELI: REPRODUCE PROYECTO DE LEY QUE DECLARA CAPITAL NACIONAL DEL BIOGAS, A LA CDAD. DE CERRITO, PROV. DE ENTRE RIOS.
(REF. S. 4022/18)"	24 24/04/2025 -	08/04/2025 -	DE ANGELI, ALFREDO LUIS -	DE MINERÍA, ENERGÍA Y COMBUSTIBLES				
S	471	2025	PL	DE ANGELI: REPRODUCE PROYECTO DE LEY DE PROMOCIÓN DEL PRIMER EMPLEO JOVEN. (REF. S. 1694/21)	24 24/04/2025 -	08/04/2025 -	DE ANGELI, ALFREDO LUIS -	DE TRABAJO Y PREVISIÓN SOCIAL	DE PRESUPUESTO Y HACIENDA			
S	470	2025	PL	"DE ANGELI: REPRODUCE PROYECTO DE LEY QUE DESIGNA A LA RUTA NACIONAL Nº 136 CON EL NOMBRE ""ASAMBLEA CIUDADANA AMBIENTAL DE GUALEGUAYCHU"". (REF. S. 2514/17)"	24 24/04/2025 -	08/04/2025 -	DE ANGELI, ALFREDO LUIS -	DE INFRAESTRUCTURA, VIVIENDA Y TRANSPORTE				
S	469	2025	PL	DE ANGELI: REPRODUCE PROYECTO DE LEY QUE DECLARA DE INTERES NACIONAL LA LUCHA CONTRA LA LEISHMANIASIS. (REF. S. 2092/15)	24 24/04/2025 -	08/04/2025 -	DE ANGELI, ALFREDO LUIS -	DE SALUD	DE PRESUPUESTO Y HACIENDA			
S	466	2025	PR	LOPEZ C. Y  OTROS: PROYECTO DE RESOLUCION QUE CITA A LA SRA. MINISTRA DE SEGURIDAD DE LA NACION, LIC. PATRICIA BULLRICH, DE CONFORMIDAD AL ART. 71 DE LA C.N. Y AL ART. 214 DEL REGLAMENTO DE LA H. CAMARA, A FIN DE INFORMAR RESPECTO DE LAS FALLAS DE LOS CONTROLES ANTINARCOTICOS FRONTERIZOS DEL PASO SAN SEBASTIAN, EN LA PROV. DE TIERRA DEL FUEGO A.I.A.S.	24 24/04/2025 -	08/04/2025 -	GIMÉNEZ, NORA DEL VALLE - GARCÍA LARRABURU, SILVINA MARCELA - LÓPEZ, CÁNDIDA CRISTINA - LINARES, CARLOS ALBERTO -	DE ASUNTOS CONSTITUCIONALES	DE SEGURIDAD INTERIOR Y NARCOTRÁFICO			
S	463	2025	PL	MENDOZA Y OTROS: PROYECTO DE LEY QUE CREA EL REGISTRO UNICO DE CANCER EN ARGENTINA (RUCA).	24 24/04/2025 -	08/04/2025 -	MENDOZA, SANDRA MARIELA - MANZUR, JUAN LUIS - CORPACCI, LUCÍA BENIGNA - MOISES, MARÍA CAROLINA -	DE LEGISLACIÓN GENERAL	DE SALUD	DE PRESUPUESTO Y HACIENDA		
S	462	2025	PL	ROMERO Y ESPINOLA: PROYECTO DE LEY QUE MODIFICA SU SIMILAR 24.156 - ADMINISTRACION FINANCIERA Y DE LOS SISTEMAS DE CONTROL DEL SECTOR PUBLICO NACIONAL- RESPECTO DE ADECUAR LA DURACION DE LOS AUDITORES GENERALES	24 24/04/2025 -	07/04/2025 -	ROMERO, JUAN CARLOS - ESPÍNOLA, CARLOS MAURICIO -	DE ASUNTOS CONSTITUCIONALES				
S	452	2025	PL	LOSADA Y OTROS: PROYECTO DE LEY QUE ESTABLECE LA CORRECTA CUSTODIA, ADMINISTRACION, REUTILIZACION SOCIAL Y DESTINO DE LOS BIENES OBJETO DE MEDIDAS CAUTELARES Y DECOMISO EN CAUSAS PENALES DE COMPETENCIA DE LA JUSTICIA FEDERAL.	23 24/04/2025 -	04/04/2025 -	AVILA, BEATRIZ LUISA - GALARETTO, EDUARDO HORACIO - JUEZ, LUIS ALFREDO - LOSADA, CAROLINA - JURI, MARIANA - SUÁREZ, RODOLFO ALEJANDRO - OLALLA, STELLA MARIS - VALENZUELA, MERCEDES GABRIELA - BLANCO, PABLO DANIEL - FAMA, FLAVIO SERGIO -	DE JUSTICIA Y ASUNTOS PENALES	DE PRESUPUESTO Y HACIENDA	DE LEGISLACIÓN GENERAL		
S	449	2025	PL	UÑAC: PROYECTO DE LEY QUE CREA EL PROGRAMA DE FINANCIAMIENTO PUBLICO - PRIVADO PARA EL ACCESO A LA VIVIENDA.	23 24/04/2025 -	03/04/2025 -	UÑAC, SERGIO MAURICIO -	DE INFRAESTRUCTURA, VIVIENDA Y TRANSPORTE	DE ECONOMÍA NACIONAL E INVERSIÓN	DE PRESUPUESTO Y HACIENDA		
S	446	2025	PL	DE ANGELI: REPRODUCE PROYECTO DE LEY QUE MODIFICA LAS ALICUOTAS DE DERECHOS DE EXPORTACION. (REF. S. 3313/22)	23 24/04/2025 -	03/04/2025 -	DE ANGELI, ALFREDO LUIS -	DE PRESUPUESTO Y HACIENDA				
S	445	2025	PL	VALENZUELA: PROYECTO DE LEY QUE INTENSIFICA LA CAMPAÑA NACIONAL DE PREVENCION DEL CANCER DE MAMA, A TRAVES DE GEO ROSA, DURANTE EL MES DE OCTUBRE.	23 24/04/2025 -	03/04/2025 -	VALENZUELA, MERCEDES GABRIELA -	DE SALUD				
S	436	2025	PL	"OLIVERA LUCERO: PROYECTO DE LEY QUE INCORPORA A LA CURRICULA EDUCATIVA EN EL NIVEL SECUNDARIO, CONTEMPLADO EN LA LEY 26.206, LA ASIGNATURA ""EDUCACIÓN FINANCIERA"", EN LOS ESTABLECIMIENTOS PUBLICOS Y/O PRIVADOS."	22 24/04/2025 -	03/04/2025 -	OLIVERA LUCERO, BRUNO ANTONIO -	DE EDUCACIÓN Y CULTURA				
S	430	2025	PL	REJAL Y ANDRADA: PROYECTO DE LEY QUE CREA EL PROGRAMA NACIONAL DE AGRICULTURA FAMILIAR, CAMPESINA E INDIGENA.	22 24/04/2025 -	03/04/2025 -	REJAL, JESÚS FERNANDO - ANDRADA, GUILLERMO EDUARDO -	DE AGRICULTURA, GANADERÍA Y PESCA	DE PRESUPUESTO Y HACIENDA			
S	419	2025	PL	GARCIA LARRABURU: PROYECTO DE LEY SOBRE BENEFICIOS PARA MONOTRIBUTISTAS.	21 24/04/2025 -	01/04/2025 -	GARCÍA LARRABURU, SILVINA MARCELA -	DE PRESUPUESTO Y HACIENDA	DE TRABAJO Y PREVISIÓN SOCIAL			
S	413	2025	PL	BENSUSAN: REPRODUCE EL PROYECTO DE LEY QUE INCORPORA AL CAP. VI DEL TITULO III DEL LIBRO SEGUNDO A SU SIMILAR 11.179 - CODIGO PENAL DE LA NACION- RESPECTO DE PENAS ACCESORIAS. (REF. S. 1388/23).	21 24/04/2025 -	01/04/2025 -	BENSUSÁN, DANIEL PABLO -	DE JUSTICIA Y ASUNTOS PENALES				
S	412	2025	PL	MAYANS Y OTRAS: PROYECTO DE LEY QUE MODIFICA SU SIMILAR 24.156 - ADMINISTRACION FINANCIERA Y DE LOS SISTEMAS DE CONTROL DEL SECTOR PUBLICO NACIONAL - RESPECTO DE LA CANTIDAD DE MIEMBROS DESIGNADOS COMO AUDITORES GENERALES.	21 24/04/2025 -	31/03/2025 -	FERNÁNDEZ SAGASTI, ANABEL - MAYANS, JOSÉ MIGUEL ÁNGEL - DI TULLIO, JULIANA -	DE ASUNTOS CONSTITUCIONALES				
S	411	2025	PL	LEWANDOWSKI Y OTROS: PROYECTO DE LEY QUE DECLARA LA EMERGENCIA AMBIENTAL, ECONOMICA Y HABITACIONAL POR EL PLAZO DE NOVENTA (90) DÍAS, PRORROGABLE POR IGUAL PLAZO EN LAS LOCALIDADES, MUNICIPIOS Y COMUNAS DEL SUR DE LA PROV. DE SANTA FE.	21 24/04/2025 -	31/03/2025 -	LEWANDOWSKI, MARCELO NÉSTOR - LOSADA, CAROLINA - GALARETTO, EDUARDO HORACIO -	DE PRESUPUESTO Y HACIENDA				
OV	383	2025	CV	AUDITORIA GENERAL DE LA NACION: COMUNICA RESOLUCION N° 47/26 QUE APRUEBA EL PROGRAMA DE ACCION ANUAL CORRESPONDIENTE AL EJERCICIO 2026.	18/03/2026 -	20/02/2026 -		BICAMERAL PERMANENTE PARLAMENTARIA MIXTA REVISORA DE CUENTAS				
OV	382	2025	CV	"AUDITORIA GENERAL DE LA NACION: COMUNICA RESOLUCION N° 46/26 QUE APRUEBA EL INFORME DE AUDITORIA, LA SINTESIS EJECUTIVA Y LA FICHA DE PRENSA, REALIZADO EN EL AMBITO DE LA FACULTAD DE PSICOLOGIA DE LA UBA, REFERIDO AL ""SEGUIMIENTO DE LOS HALLAZGOS Y RECOMENDACIONES EFECTUADOS EN EL INFORME APROBADO POR RESOLUCION 187/2023-AGN, PERIODO AUDITADO DESDE 01/01/24 AL 31/12/24."	18/03/2026 -	20/02/2026 -		BICAMERAL PERMANENTE PARLAMENTARIA MIXTA REVISORA DE CUENTAS				
OV	381	2025	CV	AUDITORIA GENERAL DE LA NACION: COMUNICA RESOLUCION N° 45/26 QUE APRUEBA EL INFORME DE AUDITORIA, LA SINTESIS EJECUTIVA Y LA FICHA DE PRENSA, REALIZADO EN EL AMBITO DE LA FACULTAD DE MEDICINA DE LA UBA, REFERIDA A LA ESTRUCTURA ORGANIZATIVA, EJECUCION PRESUPUESTARIA, GESTION ACADEMICA, COMPRAS Y CONTRATACIONES, PERIODO AUDITADO DESDE 01/01/24 AL 31/12/24.	18/03/2026 -	20/02/2026 -		BICAMERAL PERMANENTE PARLAMENTARIA MIXTA REVISORA DE CUENTAS				
OV	380	2025	CV	AUDITORIA GENERAL DE LA NACION: COMUNICA RESOLUCION N° 44/26 QUE APRUEBA EL INFORME DE AUDITORIA, LA SINTESIS EJECUTIVA Y LA FICHA DE PRENSA, REALIZADO EN EL AMBITO DE LA FACULTAD DE CIENCIAS ECONOMICAS DE LA UBA, REFERIDO A LA ESTRUCTURA ORGANIZATIVA, FORMULACION Y EJECUCION PRESUPUESTARIA, COMPRAS Y CONTRATACIONES. PERIODO DE AUDITADO 01/01/24 AL 31/12/24.	18/03/2026 -	20/02/2026 -		BICAMERAL PERMANENTE PARLAMENTARIA MIXTA REVISORA DE CUENTAS				
OV	379	2025	CV	AUDITORIA GENERAL DE LA NACION: COMUNICA RESOLUCION N° 43/26 QUE APRUEBA EL INFORME DE AUDITORIA DE GESTION FINANCIERA Y DE CUMPLIMIENTO PRODUCIDO EN EL AMBITO DE LA FACULTAD DE DERECHO UBA, PERIODO AUDITADO DESDE 01/01/24 AL 31/12/24.	18/03/2026 -	20/02/2026 -		BICAMERAL PERMANENTE PARLAMENTARIA MIXTA REVISORA DE CUENTAS				
OV	378	2025	CV	AUDITORIA GENERAL DE LA NACION: COMUNICA RESOLUCION N° 42/26, QUE APRUEBA EL INFORME DE AUDITORIA, EL INFORME EJECUTIVO Y LA FICHA DE PRENSA, LLEVADO A CABO EN EL AMBITO DE LA UNIVERSIDAD NACIONAL DEL NORDESTE EN CUANTO A LA GESTION FINANCIERA, CONTABLE Y ADMINISTRATIVA CORRESPONDIENTE A LOS EJERCICIOS 2019, 2020 Y 2021.	18/03/2026 -	20/02/2026 -		BICAMERAL PERMANENTE PARLAMENTARIA MIXTA REVISORA DE CUENTAS				
S	378	2025	PL	DE ANGELI: REPRODUCE PROYECTO DE LEY QUE MODIFICA EL ART. 3, INCISO E) PUNTO 6 DE SU SIMILAR 23.349 -IMPUESTO AL VALOR AGREGADO-, RESPECTO DE EXCEPTUAR LA ALÍCUOTA GENERAL DEL AGUA CUANDO SE TRATE DE CASA, HABITACIÓN/VIVIENDA ÚNICA. (REF. S. 2871/20)	19 24/04/2025 -	28/03/2025 -	DE ANGELI, ALFREDO LUIS -	DE PRESUPUESTO Y HACIENDA				
OV	377	2025	CV	AUDITORIA GENERAL DE LA NACION: COMUNICA RESOLUCION N° 41/26 QUE TOMA CONOCIMIENTO DEL INFORME SOBRE LOS ESTADOS CONTABLES DE PERIODOS INTERMEDIOS FINALIZADOS EL 31/03/25, REFERIDOS A AYSA SA.	18/03/2026 -	20/02/2026 -		BICAMERAL PERMANENTE PARLAMENTARIA MIXTA REVISORA DE CUENTAS				
S	377	2025	PL	DE ANGELI: REPRODUCE PROYECTO DE LEY QUE ESTABLECE LA ACTUALIZACION AUTOMATICA DE LA BASE IMPONIBLE DEL IMPUESTO A LAS GANANCIAS Y A LOS BIENES PERSONALES. (REF. S. 963/14)	19 24/04/2025 -	28/03/2025 -	DE ANGELI, ALFREDO LUIS -	DE PRESUPUESTO Y HACIENDA				
OV	376	2025	CV	AUDITORIA GENERAL DE LA NACION: COMUNICA RESOLUCION N° 40/26 QUE APRUEBA EL INFORME REFERIDO AL BCRA - ESTADOS CONTABLES AL 31/12/2024 - PERIODO AUDITADO 01/01/24 AL 31/12/24.	18/03/2026 -	20/02/2026 -		BICAMERAL PERMANENTE PARLAMENTARIA MIXTA REVISORA DE CUENTAS				
OV	375	2025	CV	AUDITORIA GENERAL DE LA NACION: COMUNICA RESOLUCION N° 39/26, QUE APRUEBA EL INFORME ESPECIAL SOBRE LA EXISTENCIA Y FUNCIONAMIENTO DE LOS PROCEDIMIENTOS DE CONTROL INTERNO QUE APLICA EL BCRA PARA CUMPLIR CON LAS NORMAS DE LA UNIDAD DE INFORMACION FINANCIERA EN MATERIA DE PREVENCION DEL LAVADO DE ACTIVOS DE ORIGEN DELICTIVO Y FINANCIAMIENTO DEL TERRORISMO REFERIDO AL BCRA - ESTADOS CONTABLES AL 31/12/2024. ADJUNTA SOBRE CERRADO RESERVADO.	18/03/2026 -	20/02/2026 -		BICAMERAL PERMANENTE PARLAMENTARIA MIXTA REVISORA DE CUENTAS				
OV	374	2025	CV	AUDITORIA GENERAL DE LA NACION: COMUNICA RESOLUCION N° 38/26, QUE APRUEBA EL MEMORANDO SOBRE EL SISTEMA DE CONTROL INTERNO CONTABLE DEL BCRA AL 31/12/2024 Y ADJUNTA SOBRE CERRADO RESERVADO.	18/03/2026 -	20/02/2026 -		BICAMERAL PERMANENTE PARLAMENTARIA MIXTA REVISORA DE CUENTAS				
S	374	2025	PR	ZIMMERMANN: PROYECTO DE RESOLUCION QUE RINDE HOMENAJE AL DR. RAUL RICARDO ALFONSÍN, EN EL 16 ANIVERSARIO DE SU FALLECIMIENTO, EL 31 DE MARZO DE 2025.	19 24/04/2025 -	28/03/2025 -	ZIMMERMANN, VICTOR -	DE EDUCACIÓN Y CULTURA				
OV	373	2025	CV	AUDITORIA GENERAL DE LA NACION: COMUNICA RESOLUCION Nº 37/26, QUE TOMA CONOCIMIENTO DEL INFORME SOBRE ESTADOS CONTABLES DE PERIODOS INTERMEDIOS FINALIZADOS EL 30/09/2025, REFERIDOS A AYSA S.A.	18/03/2026 -	20/02/2026 -		BICAMERAL PERMANENTE PARLAMENTARIA MIXTA REVISORA DE CUENTAS				
OV	372	2025	CV	"AUDITORIA GENERAL DE LA NACION: COMUNICA RESOLUCION N° 36/26, QUE APRUEBA EL INFORME REFERIDO A LOS ESTADOS FINANCIEROS E INFORMACION FINANCIERA COMPLEMENTARIA CORRESP. AL ""FINANCIAMIENTO ADICIONAL PARA EL PROYECTO DE DESARROLLO SUSTENTABLE DE LA CUENCA MATANZA-RIACHUELO (CMR)"", FINANCIADO CON RECURSOS PROVENIENTES DEL CP BIRF N°9008-AR, POR EL EJERCICIO N°5, COMPRENDIDO ENTRE EL 01/01/24 Y EL 31/12/24."	18/03/2026 -	20/02/2026 -		BICAMERAL PERMANENTE PARLAMENTARIA MIXTA REVISORA DE CUENTAS				
OV	371	2025	CV	"AUDITORIA GENERAL DE LA NACION: COMUNICA RESOLUCION N° 35/26, QUE APRUEBA EL INFORME REFERIDO A LOS ESTADOS FINANCIEROS CORRESPONDIENTES AL ""PROYECTO DE FORTALECIMIENTO DE LA POLITICA ALIMENTARIA PARA POBLACIONES VULNERABLES"" FINANCIADO CON RECURSOS PROVENIENTES DEL CP BIRF N°9588-AR, POR EL EJERCICIO IRREGULAR N°1, COMPRENDIDO ENTRE EL 07/11/23 Y EL 31/12/24."	18/03/2026 -	20/02/2026 -		BICAMERAL PERMANENTE PARLAMENTARIA MIXTA REVISORA DE CUENTAS				
OV	370	2025	CV	"AUDITORIA GENERAL DE LA NACION: COMUNICA RESOLUCION N° 34/26, QUE APRUEBA EL INFORME REFERIDO A LOS ESTADOS FINANCIEROS, CORRESPONDIENTES AL ""PROYECTO DE FORTALECIMIENTO A LA INFRAESTRUCTURA DE DATOS PARA CERRAR LA BRECHA DIGITAL EN ARGENTINA"", FINANCIADO CON RECURSOS PROVENIENTES DEL CP BIRF N°9455-AR, POR EL EJERCICIO N°2, COMPRENDIDO ENTRE EL 01/01/24 Y EL 31/12/24."	18/03/2026 -	20/02/2026 -		BICAMERAL PERMANENTE PARLAMENTARIA MIXTA REVISORA DE CUENTAS				
S	370	2025	PL	LEDESMA ABDALA: PROYECTO DE LEY QUE MODIFICA EL ART. 239 DEL CODIGO PENAL, RESPECTO DE LA DESOBEDIENCIA A MEDIDAS CAUTELARES EN EL MARCO DE UNA DENUNCIA POR VIOLENCIA DE GENERO.	19 24/04/2025 -	28/03/2025 -	LEDESMA ABDALA DE ZAMORA, CLAUDIA -	DE JUSTICIA Y ASUNTOS PENALES				
OV	369	2025	CV	"AUDITORIA GENERAL DE LA NACION: COMUNICA RESOLUCION N° 33/26, QUE APRUEBA EL INFORME REFERIDO A LOS ESTADOS FINANCIEROS, CORRESPONDIENTES AL ""PROYECTO CORREDOR DE DESARROLLO VIAL DEL NOROESTE"" FINANCIADO PARCIALMENTE CON RECURSOS PROVENIENTES DEL CP BIRF N°8810-AR, POR EL EJERCICIO IRREGULAR DE CIERRE N°6, COMPRENDIDO ENTRE EL 01/01/24 Y EL 30/11/24."	18/03/2026 -	20/02/2026 -		BICAMERAL PERMANENTE PARLAMENTARIA MIXTA REVISORA DE CUENTAS				
OV	368	2025	CV	"AUDITORIA GENERAL DE LA NACION: COMUNICA RESOLUCION N° 32/26, QUE APRUEBA EL INFORME REFERIDO A LOS ESTADOS FINANCIEROS DEL ""PROYECTO DE SISTEMAS AGROALIMENTARIOS CLIMATICAMENTE INTELIGENTES E INCLUSIVOS"" FINANCIADO PARCIALMENTE CON RECURSOS PROVENIENTES DEL CP BIRF N°9313-AR, POR EL EJERCICIO N° 3, ENTRE EL 01/01/24 Y EL 31/12/24."	18/03/2026 -	20/02/2026 -		BICAMERAL PERMANENTE PARLAMENTARIA MIXTA REVISORA DE CUENTAS				
OV	367	2025	CV	"AUDITORÍA GENERAL DE LA NACIÓN: COMUNICA RESOLUCIÓN Nº 31/26, QUE APRUEBA EL INFORME SOBRE LOS ESTADOS FINANCIEROS CORRESPONDIENTES AL PROYECTO ""MEJORA DE LA INCLUSIÓN EN EDUCACIÓN SECUNDARIA Y SUPERIOR"" - PARTE 2, (CP N° 8999-AR BIRF) POR EL EJERCICIO N° 5 COMPRENDIDO ENTRE EL 01/01/2024 Y EL 31/12/2024."	18/03/2026 -	20/02/2026 -		BICAMERAL PERMANENTE PARLAMENTARIA MIXTA REVISORA DE CUENTAS				
OV	366	2025	CV	"AUDITORÍA GENERAL DE LA NACIÓN: COMUNICA RESOLUCIÓN Nº 30/26, QUE APRUEBA EL INFORME DE LOS ESTADOS FINANCIEROS DEL ""PROYECTO DE RECUPERACIÓN SUSTENTABLE DE PAISAJES Y MEDIOS DE VIDA EN ARGENTINA"" 
(CP N° 9335-AR BIRF) Y CD TF0B7681) POR EL EJERCICIO N° 2 ENTRE EL 01/01/2024 Y EL 31/12/2024."	18/03/2026 -	20/02/2026 -		BICAMERAL PERMANENTE PARLAMENTARIA MIXTA REVISORA DE CUENTAS				
OV	365	2025	CV	AUDITORÍA GENERAL DE LA NACIÓN: COMUNICA RESOLUCIÓN Nº 29/26, QUE TOMA CONOCIMIENTO SOBRE LOS ESTADOS CONTABLES DE PERIODOS INTERMEDIOS FINALIZADOS EL 30/06/2025, REFERIDOS A AGUA Y SANEAMIENTOS ARGENTINOS S.A.	18/03/2026 -	20/02/2026 -		BICAMERAL PERMANENTE PARLAMENTARIA MIXTA REVISORA DE CUENTAS				
OV	364	2025	CV	"AUDITORÍA GENERAL DE LA NACIÓN: COMUNICA RESOLUCIÓN Nº 28/26, QUE APRUEBA EL INFORME SOBRE LOS ESTADOS FINANCIEROS DEL ""PROGRAMA DE GESTIÓN INTEGRAL DE LOS RIESGOS EN EL SISTEMA AGROINDUSTRIAL RURAL (GIRSAR) (CP N° 8867-AR BIRF) POR EL EJERCICIO N° 5, INICIADO EL 01/01/2024 Y FINALIZADO EL 31/12/2024."	18/03/2026 -	20/02/2026 -		BICAMERAL PERMANENTE PARLAMENTARIA MIXTA REVISORA DE CUENTAS				
OV	363	2025	CV	"AUDITORÍA GENERAL DE LA NACIÓN: COMUNICA RESOLUCIÓN Nº 27/26, QUE APRUEBA EL INFORME SOBRE LOS ESTADOS FINANCIEROS DEL ""PROYECTO DE DESARROLLO SUSTENTABLE DE LA CUENTA MATANZA-RIACHUELO"" (CP N° 7706-AR BIRF) POR EL EJERCICIO N° 14, INICIADO EL 01/01/2024 Y FINALIZADO EL 31/12/2024."	18/03/2026 -	20/02/2026 -		BICAMERAL PERMANENTE PARLAMENTARIA MIXTA REVISORA DE CUENTAS				
OV	362	2025	CV	"AUDITORÍA GENERAL DE LA NACIÓN: COMUNICA RESOLUCIÓN Nº 26/26, QUE APRUEBA EL INFORME DE LOS ESTADOS FINANCIEROS DEL PROGRAMA ""FINANCIAMIENTO ADICIONAL PARA EL PROYECTO MEJORA DE LA INCLUSIÓN EDUCATIVA EN EL NIVEL SECUNDARIO Y SUPERIOR"" (CP N° 9477-AR BIRF) POR EL EJERCICIO N° 2 INICIADO EL 01/01/2024 Y FINALIZADO EL 31/12/2024."	18/03/2026 -	20/02/2026 -		BICAMERAL PERMANENTE PARLAMENTARIA MIXTA REVISORA DE CUENTAS				
OV	361	2025	CV	"AUDITORÍA GENERAL DE LA NACIÓN: COMUNICA RESOLUCIÓN Nº 25/26, QUE APRUEBA EL INFORME SOBRE LOS ESTADOS FINANCIEROS DEL ""PROYECTO DE DESARROLLO INTEGRAL DE LA PRIMERA INFANCIA"" (CP N° 9748-AR BIRF) POR EL EJERCICIO IRREGULAR N° 1 INICIADO EL 04/12/2024 Y FINALIZADO EL 31/12/2024."	18/03/2026 -	20/02/2026 -		BICAMERAL PERMANENTE PARLAMENTARIA MIXTA REVISORA DE CUENTAS				
S	361	2025	PL	RODAS Y OTROS: PROYECTO DE LEY SOBRE PROMOCIÓN DE LA INDUSTRIA NAVAL ARGENTINA.	19 24/04/2025 -	27/03/2025 -	GIMÉNEZ, NORA DEL VALLE - GONZÁLEZ, MARÍA TERESA MARGARITA - LINARES, CARLOS ALBERTO - RODAS, ANTONIO JOSÉ - KIRCHNER, ALICIA MARGARITA ANTONIA -	DE INFRAESTRUCTURA, VIVIENDA Y TRANSPORTE	DE PRESUPUESTO Y HACIENDA			
OV	360	2025	CV	"AUDITORÍA GENERAL DE LA NACIÓN: COMUNICA RESOLUCIÓN Nº 24/26, QUE APRUEBA EL INFORME SOBRE LOS ESTADOS FINANCIEROS DEL ""SEGUNDO FINANCIAMIENTO ADICIONAL PARA EL PROYECTO DE DESARROLLO SUSTENTABLE DE LA CUENCA MATANZA-RIACHUELO"" (CP N° 9252-AR BIRF) POR EL EJERCICIO N° 3, INICIADO EL 01/01/2024 Y FINALIZADO EL 31/12/2024."	18/03/2026 -	20/02/2026 -		BICAMERAL PERMANENTE PARLAMENTARIA MIXTA REVISORA DE CUENTAS				
OV	359	2025	CV	"AUDITORÍA GENERAL DE LA NACIÓN: COMUNICA RESOLUCIÓN Nº 23/26, QUE APRUEBA EL INFORME SOBRE LOS ESTADOS FINANCIEROS DEL ""PROGRAMA DE FORTALECIMIENTO DE LOS SERVICIOS DE SANIDAD AGROPECUARIA Y DEL MANEJO SUSTENTABLE DE LOS RECURSOS MARÍTIMOS DE ARGENTINA"" (CP N° 5660/OC-AR BID) POR EL EJERCICIO IRREGULAR N° 1, ENTRE EL 17/11/2023 Y EL 31/12/2024."	18/03/2026 -	20/02/2026 -		BICAMERAL PERMANENTE PARLAMENTARIA MIXTA REVISORA DE CUENTAS				
OV	358	2025	CV	"AUDITORÍA GENERAL DE LA NACIÓN: COMUNICA RESOLUCIÓN Nº 22/26, QUE APRUEBA EL INFORME SOBRE LOS ESTADOS FINANCIEROS DEL ""PROGRAMA DE DESARROLLO INTEGRAL DE LA PRIMERA INFANCIA"" (CP N° 5953/OC-AR BID) POR EL EJERCICIO IRREGULAR N° 1, INICIADO EL 01/12/2024 Y FINALIZADO EL  31/12/2024."	18/03/2026 -	20/02/2026 -		BICAMERAL PERMANENTE PARLAMENTARIA MIXTA REVISORA DE CUENTAS				
OV	357	2025	CV	"AUDITORÍA GENERAL DE LA NACIÓN: COMUNICA RESOLUCIÓN Nº 21/26, QUE APRUEBA EL INFORME RESPECTO DE LOS ESTADOS FINANCIEROS CORRESPONDIENTES AL ""PROGRAMA DE INNOVACIÓN PARA EL CRECIMIENTO INTELIGENTE"" DE LA AGENCIA NACIONAL DE PROMOCIÓN DE LA INVESTIGACIÓN, EL DESARROLLO TECNOLÓGICO Y LA INNOVACIÓN (CP N° 9434-AR BIRF) POR EL EJERCICIO N° 2 , INICIADO EL 01/01/2024 Y FINALIZADO EL 31/12/2024."	18/03/2026 -	20/02/2026 -		BICAMERAL PERMANENTE PARLAMENTARIA MIXTA REVISORA DE CUENTAS				
OV	356	2025	CV	"AUDITORÍA GENERAL DE LA NACIÓN: COMUNICA RESOLUCIÓN Nº 20/26, QUE APRUEBA EL INFORME SOBRE CONTROLES -INTERNO Y CONTABLE- RESPECTO DE LOS ESTADOS FINANCIEROS DEL ""PROGRAMA DE AGUA Y SANEAMIENTO CON ATENCIÓN A ZONAS VULNERABLES"" (CP N° 9207-AR- BIRF) CORRESPONDIENTES A AGUA Y SANEAMIENTOS ARGENTINOS S.A. (AYSA) AL 31/12/2024. Y ADJUNTA SOBRE CERRADO RESERVADO."	18/03/2026 -	20/02/2026 -		BICAMERAL PERMANENTE PARLAMENTARIA MIXTA REVISORA DE CUENTAS				
OV	355	2025	CV	"AUDITORÍA GENERAL DE LA NACIÓN: COMUNICA RESOLUCIÓN Nº 19/26, QUE APRUEBA EL INFORME RESPECTO DE LOS ESTADOS FINANCIEROS DEL ""PROGRAMA DE AGUA Y SANEAMIENTO CON ATENCIÓN A ZONAS VULNERABLES"" (CP N° 9207-AR- BIRF) CORRESPONDIENTES A AGUA Y SANEAMIENTOS ARGENTINOS S.A. (AYSA) AL 31/12/2024."	18/03/2026 -	20/02/2026 -		BICAMERAL PERMANENTE PARLAMENTARIA MIXTA REVISORA DE CUENTAS				
OV	354	2025	CV	"AUDITORÍA GENERAL DE LA NACIÓN: COMUNICA RESOLUCIÓN Nº 18/26, QUE APRUEBA EL INFORME RESPECTO DE LOS ESTADOS FINANCIEROS CORRESPONDIENTES AL ""PROYECTO ENERGÍA LIMPIA PARA HOGARES Y COMUNIDADES VULNERABLES"" DEL MINISTERIO DE ECONOMÍA (CP N° 9521-AR BIRF) POR EL EJERCICIO IRREGULAR N° 1, INICIADO EL 19/10/2023 Y FINALIZADO EL 31/12/2024."	18/03/2026 -	20/02/2026 -		BICAMERAL PERMANENTE PARLAMENTARIA MIXTA REVISORA DE CUENTAS				
OV	353	2025	CV	"AUDITORÍA GENERAL DE LA NACIÓN: COMUNICA RESOLUCIÓN Nº 17/26, QUE APRUEBA EL INFORME RESPECTO DE LOS ESTADOS FINANCIEROS CORRESPONDIENTES AL ""PROGRAMA DE GESTIÓN INTEGRAL DE RESIDUOS SÓLIDOS URBANOS II"", DE LA JEFATURA DE GABINETE DE MINISTROS (CP N°5567/OC-AR BID) POR EL EJERCICIO N° 2 , INICIADO EL 01/01/2024 Y FINALIZADO EL 31/12/2024."	18/03/2026 -	20/02/2026 -		BICAMERAL PERMANENTE PARLAMENTARIA MIXTA REVISORA DE CUENTAS				
OV	352	2025	CV	"AUDITORIA GENERAL DE LA NACION: COMUNICA RESOLUCIÓN Nº 16/26, QUE APRUEBA EL INFORME RESPECTO DE LOS ESTADOS FINANCIEROS CORRESPONDIENTES AL ""PROGRAMA DE APOYO AL PLAN NACIONAL DE PRIMERA INFANCIA Y LA POLÍTICA DE UNIVERSALIZACIÓN DE LA EDUCACIÓN INICIAL II - COMPONENTE 2"", DEL MINISTERIO DE CAPITAL HUMANO (CP N°5585/OC-AR BID) EJERCICIO N° 2, INICIADO EL 01/01/2024 Y FINALIZADO EL 31/12/2024."	18/03/2026 -	20/02/2026 -		BICAMERAL PERMANENTE PARLAMENTARIA MIXTA REVISORA DE CUENTAS				
OV	351	2025	CV	"AUDITORIA GENERAL DE LA NACION: COMUNICA RESOLUCION N°15/26, QUE APRUEBA LA CERTIFICACION DE INDICADORES VINCULADOS A DESEMBOLSOS (IVD) 13.2 DEL ""FINANCIAMIENTO ADICIONAL AL PROGRAMA PARA LA MEJORA DE LA INCLUSION EN EDUCACION SECUNDARIA Y SUPERIOR"" DEL MINISTERIO DE CAPITAL HUMANO (CP N° 9477-AR BIF)."	18/03/2026 -	20/02/2026 -		BICAMERAL PERMANENTE PARLAMENTARIA MIXTA REVISORA DE CUENTAS				
S	351	2025	PL	GALARETTO Y OTROS: PROYECTO DE LEY QUE MODIFICA SU SIMILAR 26.529 -DERECHO DEL PACIENTE EN SU RELACION CON LOS PROFESIONALES E INSTITUCIONES DE SALUD- RESPECTO DE LOS REQUISITOS DEL CONSENTIMIENTO INFORMADO ESCRITO.	18 24/04/2025 -	27/03/2025 -	ABAD, MAXIMILIANO - GALARETTO, EDUARDO HORACIO - LOSADA, CAROLINA - VALENZUELA, MERCEDES GABRIELA - TERENZI, EDITH ELIZABETH - ZIMMERMANN, VICTOR - AVILA, BEATRIZ LUISA - FAMA, FLAVIO SERGIO - CRISTINA, ANDREA MARCELA - KRONEBERGER, DANIEL RICARDO - BLANCO, PABLO DANIEL -	DE SALUD	DE SALUD			
OV	350	2025	CV	"AUDITORIA GENERAL DE LA NACION: COMUNICA RES. N°14/26, QUE APRUEBA EL INFORME DEL ""PROGRAMA DE AGUA POTABLE Y SANEAMIENTO PARA EL AREA METROPOL. DE BS. AS. Y LOS PARTIDOS DEL PRIMER, SEG. Y TERCER CORDON DEL CONURBANO BONAERENSE- TRAMO II"", (CP N° 5648/OC-AR BID) CORRESP. A AYSA POR EL EJERCICIO IRREGULAR DEL 16/12/2022 AL 31/12/2024, ADJUNTA SOBRE CERRADO RESERVADO."	18/03/2026 -	20/02/2026 -		BICAMERAL PERMANENTE PARLAMENTARIA MIXTA REVISORA DE CUENTAS				
OV	349	2025	CV	"AUDITORIA GENERAL DE LA NACION: COMUNICA RESOLUCION N°13/26, QUE APRUEBA EL INFORME SOBRE LOS ESTADOS FINANCIEROS DEL ""PROGRAMA DE AGUA POTABLE Y SANEAMIENTO PARA EL AREA METROPOLITANA DE BUENOS AIRES Y LOS PARTIDOS DEL PRIMER, SEGUNDO Y TERCER CORDON DEL CONURBANO BONAERENSE- TRAMO II"", (CP N° 5648/OC-AR BID) CORRESP. A AYSA POR EL EJERCICIO IRREGULAR DEL 16/12/2022 AL 31/12/2024."	18/03/2026 -	20/02/2026 -		BICAMERAL PERMANENTE PARLAMENTARIA MIXTA REVISORA DE CUENTAS				
S	349	2025	PL	REJAL Y OTROS: PROYECTO DE LEY QUE DECLARA EL ESTADO DE EMERGENCIA ECONÓMICA, FINANCIERA, Y ADUANERA EN LA CADENA DE VALOR TEXTIL, EN TODO EL TERRITORIO DE LA REP. ARGENTINA POR EL TÉRMINO DE DOS AÑOS.	18 24/04/2025 -	26/03/2025 -	REJAL, JESÚS FERNANDO - ANDRADA, GUILLERMO EDUARDO - SALINO, FERNANDO ALDO - CORPACCI, LUCÍA BENIGNA - MOISES, MARÍA CAROLINA -	DE PRESUPUESTO Y HACIENDA				
OV	348	2025	CV	"AUDITORIA GENERAL DE LA NACION: COMUNICA RES. N°12/26, QUE APRUEBA EL INFORME SOBRE CONTROLES -INTERNO Y CONTABLE- DE LOS ESTADOS FINANCIEROS DEL ""PROGRAMA DE AMPLIACION, REHABILITACION Y OPTIMIZACION DE PLANTAS DE TRATAMIENTO Y EXTENSION DE REDES EN EL AREA METROP. DE BUENOS AIRES"", (CP BEI N° 659-2016) CORRESP. A AYSA POR EL EJERCICIO IRREGULAR DEL 01/08/2023 AL 31/12/2024 Y ADJUNTA SOBRE CERRADO RESERVADO"	18/03/2026 -	20/02/2026 -		BICAMERAL PERMANENTE PARLAMENTARIA MIXTA REVISORA DE CUENTAS				
OV	347	2025	CV	"AUDITORIA GENERAL DE LA NACION: COMUNICA RESOLUCION N°11/26, QUE APRUEBA EL INFORME SOBRE LOS ESTADOS FINANCIEROS DEL ""PROGRAMA DE AMPLIACION, REHABILITACION Y OPTIMIZACION DE ´PLANTAS DE TRATAMIENTO Y EXTENSION DE REDES EN EL AREA METROPOLITANA DE BUENOS AIRES"", (CP BEI N° 659-2016) CORRESPONDIENTES A AGUA Y SENEAMIENTOS ARGENTINOS S.A. (AYSA) POR EL EJERCICIO IRREGULAR DEL 01/08/2023 AL 31/12/2024."	18/03/2026 -	20/02/2026 -		BICAMERAL PERMANENTE PARLAMENTARIA MIXTA REVISORA DE CUENTAS				
S	347	2025	PL	VALENZUELA: PROYECTO DE LEY QUE DECLARA FIESTA NACIONAL DEL MATE Y LA AMISTAD, A REALIZARSE EN LA CDAD. DE GDOR. ING. VALENTIN VIRASORO, PROV. DE CORRIENTES, EN EL MES DE SEPTIEMBRE DE CADA AÑO.	18 24/04/2025 -	26/03/2025 -	VALENZUELA, MERCEDES GABRIELA -	DE EDUCACIÓN Y CULTURA				
OV	346	2025	CV	"AUDITORIA GENERAL DE LA NACION: COMUNICA RESOLUCION N° 10/26, QUE APRUEBA EL INFORME SOBRE CONTROLES- INTERNO Y CONTABLE- RESPECTO DE LOS ESTADOS FINANCIEROS DEL ""PROGRAMA AGUA Y CLOACA MAS TRABAJO"", (CP N° ARG 47/2020- FONPLATA) CORRESPONDIENTE A AGUA Y SANEAMIENTOS ARGENTINOS S.A. (AYSA) AL 31/12/24 Y ADJUNTA SOBRE CERRADO RESERVADO"	18/03/2026 -	20/02/2026 -		BICAMERAL PERMANENTE PARLAMENTARIA MIXTA REVISORA DE CUENTAS				
OV	345	2025	CV	"AUDITORIA GENERAL DE LA NACION: COMUNICA RESOLUCION N° 9/26, QUE APRUEBA EL INFORME SOBRE LOS ESTADOS FINANCIEROS DEL ""PROGRAMA DE AGUA Y CLOACA MAS TRABAJO"", (CP N° ARG 47/2020-                           FONPLATA) CORRESPONDIENTES A AGUA Y SENEAMIENTOS ARGENTINOS S.A. (AYSA) AL 31/12/24."	18/03/2026 -	20/02/2026 -		BICAMERAL PERMANENTE PARLAMENTARIA MIXTA REVISORA DE CUENTAS				
OV	344	2025	CV	"AUDITORIA GENERAL DE LA NACION: COMUNICA RESOLUCION N° 8/26, QUE APRUEBA EL INFORME SOBRE CONTROLES -INTERNO Y CONTABLE- RESPECTO DE LOS ESTADOS FINANCIEROS DEL ""TERCER PROGRAMA DE AGUA POTABLE Y SANEAMIENTO DEL AREA METROPOLITANA Y EL CONURBANO BONAERENSE"", (CP N° 3733/OC-AR BID) CORRESPONDIENTES A AYSA AL 31/12/24 Y ADJUNTA SOBRE CERRADO RESERVADO."	18/03/2026 -	20/02/2026 -		BICAMERAL PERMANENTE PARLAMENTARIA MIXTA REVISORA DE CUENTAS				
OV	343	2025	CV	AUDITORIA GENERAL DE LA NACION: COMUNICA RESOLUCION N° 7/26, QUE APRUEBA EL INFORME SOBRE LOS ESTADOS FINANCIEROS DEL TERCER PROGRAMA DE AGUA POTABLE Y SANEAMIENTO DEL AREA METROPOLITANA Y EL CONURBANO BONAERENSE, PRESTAMO BID 3733/OC-AR, CORRESPONDIENTES A AYSA S.A. AL 31/12/24.	18/03/2026 -	20/02/2026 -		BICAMERAL PERMANENTE PARLAMENTARIA MIXTA REVISORA DE CUENTAS				
OV	342	2025	CV	"AUDITORIA GENERAL DE LA NACION: COMUNICA RESOLUCION N° 6/26, QUE APRUEBA EL INFORME SOBRE CONTROLES -INTERNO Y CONTABLE- RESPECTO DE LOS ESTADOS FINANCIEROS DEL ""PROGRAMA DE AGUA POTABLE Y SANEAMIENTO PARA EL AREA METROPOLITANA DE LA CIUDAD DE BUENOS AIRES Y LOS PARTIDOS DEL PRIMER, SEGUNDO Y TERCER CORDON DEL CONURBANO BONAERENSE"", (CP N° 4268/OC-AR BID) CORRESPONDIENTES A AGUA Y SANEAMIENTOS ARGENTINOS SOCIEDAD ANONIMA AL 31/12/24 Y ADJUNTA SOBRE CERRADO RESERVADO."	18/03/2026 -	20/02/2026 -		BICAMERAL PERMANENTE PARLAMENTARIA MIXTA REVISORA DE CUENTAS				
OV	341	2025	CV	"AUDITORIA GENERAL DE LA NACION: COMUNICA RESOLUCION N° 5/26, QUE APRUEBA EL INFORME SOBRE LOS ESTADOS FINANCIEROS DEL ""PROGRAMA DE AGUA POTABLE Y SANEAMIENTO PARA EL AREA METROPOLITANA DE LA CDAD. DE BUENOS AIRES Y LOS PARTIDOS DEL PRIMER, SEGUNDO Y TERCER CORDON DEL CONURBANO BONAERENSE"", PRESTAMO 4268/OC-AR (BID) CORRESPONDIENTE A AYSA AL 31/12/24."	18/03/2026 -	20/02/2026 -		BICAMERAL PERMANENTE PARLAMENTARIA MIXTA REVISORA DE CUENTAS				
OV	340	2025	CV	"AUDITORIA GENERAL DE LA NACION: COMUNICA RESOLUCION N° 4/26, QUE APRUEBA EL INFORME REFERIDO A LOS ESTADOS FINANCIEROS POR EL EJERCICIO IRREGULAR N°9, COMPRENDIDO ENTRE EL 01/05/22 Y EL 30/07/23, CORRESPONDIENTES AL PROGRAMA DE DESARROLLO DE CORREDORES TURISTICOS,  
PARCIALMENTE FINANCIADO CON RECURSOS PROVENIENTES DEL CONTRATO DE PRESTAMO N°2606/OC-AR."	18/03/2026 -	20/02/2026 -		BICAMERAL PERMANENTE PARLAMENTARIA MIXTA REVISORA DE CUENTAS				
OV	339	2025	CV	AUDITORIA GENERAL DE LA NACION: COMUNICA RESOLUCION N° 3/26, QUE APRUEBA EL INFORME REFERIDO A LOS ESTADOS FINANCIEROS POR EL EJERCICIO IRREGULAR N°1, COMPRENDIDO ENTRE EL 01/07/23 Y EL 31/12/24, CORRESPONDIENTES AL PROGRAMA DE APOYO A PEQUEÑOS PRODUCTORES VITIVINICOLAS DE ARGENTINA (PROVIAR) II°, PARCIALMENTE FINANCIADO CON RECURSOS PROVENIENTES DEL CONTRATO DE PRESTAMO N°5736/OC-AR.	18/03/2026 -	20/02/2026 -		BICAMERAL PERMANENTE PARLAMENTARIA MIXTA REVISORA DE CUENTAS				
OV	338	2025	CV	AUDITORIA GENERAL DE LA NACION: COMUNICA RESOLUCION N° 2/26 QUE APRUEBA EL INFORME REFERIDO A LOS ESTADOS FINANCIEROS POR EL EJERCICIO N°3, COMPRENDIDO ENTRE EL 01/01/24 Y EL 31/12/24, CORRESPONDIENTES AL PROGRAMA DE INNOVACION FEDERAL, SUBPROGRAMA I, PARCIALMENTE FINANCIADO CON RECURSOS PROVENIENTES DEL CONTRATO DE PRESTAMO N° 5293/OC-AR.	18/03/2026 -	20/02/2026 -		BICAMERAL PERMANENTE PARLAMENTARIA MIXTA REVISORA DE CUENTAS				
S	338	2025	PL	LINARES Y MOISES: PROYECTO DE LEY DE CAPACITACION SOBRE DISCAPACIDAD Y DIFICULTADES DEL APRENDIZAJE EN EL SISTEMA EDUCATIVO NACIONAL.	17 24/04/2025 -	26/03/2025 -	RODAS, ANTONIO JOSÉ - LINARES, CARLOS ALBERTO - MOISES, MARÍA CAROLINA - GARCÍA LARRABURU, SILVINA MARCELA - GIMÉNEZ, NORA DEL VALLE -	DE EDUCACIÓN Y CULTURA	DE PRESUPUESTO Y HACIENDA			
OV	337	2025	CV	AUDITORIA GENERAL DE LA NACION: COMUNICA RESOLUCION N° 1/26 QUE APRUEBA EL INFORME, REFERIDO A LA AUDITORIA PRACTICADA SOBRE LOS ESTADOS CONTABLES POR EL EJERCICIO FINALIZADO EL 31/12/24, CORRESPONDIENTE A AGUA Y SANEAMIENTOS ARGENTINOS S.A.	18/03/2026 -	20/02/2026 -		BICAMERAL PERMANENTE PARLAMENTARIA MIXTA REVISORA DE CUENTAS				
S	335	2025	PL	UÑAC: PROYECTO DE LEY QUE DECLARA LA EMERGENCIA VIAL EN LA PROVINCIA DE SAN JUAN.	17 24/04/2025 -	25/03/2025 -	UÑAC, SERGIO MAURICIO -	DE INFRAESTRUCTURA, VIVIENDA Y TRANSPORTE	DE PRESUPUESTO Y HACIENDA			
OV	333	2025	CA	AUDITORIA GENERAL DE LA NACION: COMUNICA DISPOSICION N° 14/26, QUE AUTORIZA A IMPUTAR AL FONDO ESPECIAL DE RESERVA CREADO POR DISPOSICION N° 283/25-AGN Y EFECTUAR DE LOS FONDOS ALLI RESERVADOS EL PAGO POR LA ADQUISICION DE BIENES CON LA FIRMA MALPELI HERMANOS S.R.L.	18/03/2026 -	06/02/2026 -		BICAMERAL PERMANENTE PARLAMENTARIA MIXTA REVISORA DE CUENTAS				
OV	332	2025	CA	AUDITORIA GENERAL DE LA NACION: COMUNICA DISPOSICION Nº 283/25, QUE CREA UN FONDO ESPECIAL DE RESERVA DE LA AGN, CONFORMADO CON LOS SALDOS DE CREDITOS DE LA PARTIDAS ESPECIFICAS DEL PRESUPUESTO GENERAL DEL ORGANISMO NO COMPROMETIDOS AL FINALIZAR EL EJERCICIO.	18/03/2026 -	04/02/2026 -		BICAMERAL PERMANENTE PARLAMENTARIA MIXTA REVISORA DE CUENTAS				
OV	331	2025	CV	"MINISTERIO DE DEFENSA: COMUNICA QUE SE AUTORIZA LA SALIDA DEL TERRITORIO NACIONAL DE LA CORBETA A.R.A. ""ROBINSON"" CON MOTIVO DE LA REALIZACIÓN DE UNA EJERCITACION DE BÚSQUEDA Y RESCATE MARÍTIMO EN OCASIÓN DE LA XXVIII EDICIÓN DE LA REGATA OCEÁNICA BUENOS AIRES - RIO DE JANEIRO, DEL 12 DE FEBRERO AL 05 DE NOVIEMBRE DE 2026."	18/03/2026 -	03/02/2026 -		DE DEFENSA NACIONAL				
OV	330	2025	CV	TRIBUNAL DE ENJUICIAMIENTO - MINISTERIO PÚBLICO DE LA DEFENSA: REMITE MEMORIA ANUAL, CORRESPONDIENTE AL PERIODO COMPRENDIDO ENTRE EL 14 DE DICIEMBRE DE 2024 Y EL 18 DE DICIEMBRE DE 2025.	18/03/2026 -	03/02/2026 -		DE JUSTICIA Y ASUNTOS PENALES				
S	323	2025	PL	HUALA: REPRODUCE PROYECTO DE LEY QUE CREA REGIMEN DE PROMOCION INDUSTRIAL DE TECNOLOGIA DE ASISTENCIAS. (REF. S. 2472/23)	17 24/04/2025 -	21/03/2025 -	HUALA, MARÍA VICTORIA -	DE INDUSTRIA Y COMERCIO	DE LEGISLACIÓN GENERAL	DE PRESUPUESTO Y HACIENDA		
S	322	2025	PL	HUALA: REPRODUCE PROYECTO DE LEY QUE MODIFICA SU SIMILAR 25.673 -PROGRAMA NACIONAL DE SALUD SEXUAL Y PROCREACIÓN RESPONSABLE-, RESPECTO A LA CONCIENTIZACIÓN E INFORMACIÓN SOBRE INFECCIONES DE TRANSMISIÓN SEXUAL (ITS). (REF. S. 2060/23)	17 24/04/2025 -	21/03/2025 -	HUALA, MARÍA VICTORIA -	DE SALUD	DE SISTEMAS, MEDIOS DE COMUNICACIÓN Y LIBERTAD DE EXPRESIÓN			
S	321	2025	PL	HUALA: REPRODUCE PROYECTO DE LEY SOBRE REGIMEN PROMOCIONAL DE PRODUCCION REGIONAL AGROPECUARIA NO TRADICIONAL. (REF. S. 1988/23)	17 24/04/2025 -	21/03/2025 -	HUALA, MARÍA VICTORIA -	DE AGRICULTURA, GANADERÍA Y PESCA	DE ECONOMÍAS REGIONALES, ECONOMÍA SOCIAL, MICRO, PEQUEÑA Y MEDIANA EMPRESA	DE PRESUPUESTO Y HACIENDA		
S	320	2025	PL	HUALA: REPRODUCE PROYECTO DE LEY QUE DISPONE UNA CAMPAÑA DE CONCIENTIZACIÓN Y PREVENCIÓN DE CONSUMOS PROBLEMÁTICOS. (REF. 1603/23)	16 24/04/2025 -	21/03/2025 -	HUALA, MARÍA VICTORIA -	DE SALUD	DE SISTEMAS, MEDIOS DE COMUNICACIÓN Y LIBERTAD DE EXPRESIÓN	DE PRESUPUESTO Y HACIENDA		
S	319	2025	PL	"HUALA: REPRODUCE PROYECTO DE LEY QUE INSTITUYE EL 2 DE MAYO DE CADA AÑO COMO ""DIA NACIONAL PARA LA PREVENCION DEL BULLYING Y OTRAS FORMAS DE VIOLENCIA Y ACOSO ESCOLAR"". (REF. S. 1243/23)"	16 24/04/2025 -	21/03/2025 -	HUALA, MARÍA VICTORIA -	DE POBLACIÓN Y DESARROLLO  HUMANO	DE EDUCACIÓN Y CULTURA			
OV	318	2025	CV	AUDITORIA GENERAL DE LA NACION: COMUNICA DISPOSICION Nº 260/25, POR LA CUAL SE AUTORIZA A IMPUTAR AL FONDO ESPECIAL DE RESERVA CREADO POR DIS. Nº 256/24-AGN Y EFECTUAR DE LOS FONDOS ALLÍ RESERVADOS, EL PAGO POR LA ADQUISICION DE BIENES CON LA FIRMA TAGAM S.R.L.	18/03/2026 -	18/12/2025 -		BICAMERAL PERMANENTE PARLAMENTARIA MIXTA REVISORA DE CUENTAS				
S	318	2025	PL	HUALA: REPRODUCE PROYECTO DE LEY QUE ESTABLECE LA CAPACITACION OBLIGATORIA EN MATERIA DE TRASTORNOS DEL ESPECTRO AUTISTA PARA EL ABORDAJE INTEGRAL E INCLUSIVO Y ADECUACION DE LOS ENTORNOS EDUCATIVOS. (REF. S. 612/23)	16 24/04/2025 -	21/03/2025 -	HUALA, MARÍA VICTORIA -	DE EDUCACIÓN Y CULTURA	DE PRESUPUESTO Y HACIENDA			
S	317	2025	PL	HUALA: REPRODUCE PROYECTO DE LEY QUE MODIFICA SU SIMILAR 12.346 - COMISION NACIONAL DE COORDINACION DE TRANSPORTE -RESPECTO DE LA COMUNICACIÓN INTEGRAL EN MEDIOS DE TRANSPORTE. (REF. S. 899/23)	16 24/04/2025 -	21/03/2025 -	HUALA, MARÍA VICTORIA -	DE INFRAESTRUCTURA, VIVIENDA Y TRANSPORTE	DE POBLACIÓN Y DESARROLLO  HUMANO	DE PRESUPUESTO Y HACIENDA		
S	316	2025	PL	HUALA: REPRODUCE PROYECTO DE LEY QUE DECLARA MONUMENTO NATURAL, EN LOS TERMINOS DEL ART. 8 DE LA LEY 22.351, AL VENADO DE LA PAMPA O CIERVO PAMPEANO. (REF. S. 721/23)	16 24/04/2025 -	21/03/2025 -	HUALA, MARÍA VICTORIA -	DE AMBIENTE Y DESARROLLO SUSTENTABLE	DE AMBIENTE Y DESARROLLO SUSTENTABLE			
S	315	2025	PL	TERENZI: PROYECTO DE LEY QUE MODIFICA SU SIMILAR 26.209 - LEY NACIONAL DE CATASTRO.	16 24/04/2025 -	20/03/2025 -	TERENZI, EDITH ELIZABETH -	DE LEGISLACIÓN GENERAL				
S	314	2025	PL	"TERENZI: REPRODUCE PROYECTO DE LEY QUE MODIFICA EL ART. 611 DEL CODIGO CIVIL Y COMERCIAL DE LA NACION, RESPECTO A GUARDA DE HECHO. 
(REF. S. 1021/23)"	16 24/04/2025 -	20/03/2025 -	TERENZI, EDITH ELIZABETH -	DE LEGISLACIÓN GENERAL				
S	313	2025	PL	"FAMA: REPRODUCE PROYECTO DE LEY QUE DECLARA CAPITAL NACIONAL DE LA NUEZ, AL CORREDOR CONOCIDO COMO ""RUTA DE LA NUEZ"", CONFORMADO POR DIVERSOS DPTOS. DE LA PROV. DE CATAMARCA. (REF. S. 1189/23)"	16 24/04/2025 -	20/03/2025 -	FAMA, FLAVIO SERGIO -	DE EDUCACIÓN Y CULTURA				
S	312	2025	PL	FAMA: REPRODUCE PROYECTO DE LEY QUE DECLARA CAPITAL NACIONAL DEL MEMBRILLO AL DPTO. ANDALGALA, PROV. DE CATAMARCA. (REF. S. 822/23)	16 24/04/2025 -	20/03/2025 -	FAMA, FLAVIO SERGIO -	DE EDUCACIÓN Y CULTURA				
S	311	2025	PL	"FAMA: REPRODUCE PROYECTO DE LEY QUE DECLARA COMO FIESTA NACIONAL AL ""FESTIVAL DEL MEMBRILLO"" QUE SE CELEBRA ANUALMENTE EN LA LOCALIDAD DE LAS JUNTAS, DEPARTAMENTO AMBATO, PROVINCIA DE CATAMARCA. (REF. S. 823/23)"	16 24/04/2025 -	20/03/2025 -	FAMA, FLAVIO SERGIO -	DE EDUCACIÓN Y CULTURA	DE EDUCACIÓN Y CULTURA			
OV	309	2025	CV	JUNTA ELECTORAL NACIONAL - DISTRITO RIO NEGRO: REMITE COPIA DE LA RENUNCIA FORMULADA POR LA SRA. MARIA LORENA VILLAVERDE, AL CARGO DE SENADORA NACIONAL POR EL DISTRITO DE RIO NEGRO PARA EL QUE FUE ELECTA EN LAS ELECCIONES DEL 26 DE OCTUBRE DE 2025.	18/03/2026 -	05/12/2025 -		DE ASUNTOS CONSTITUCIONALES				
S	306	2025	PL	ABAD: PROYECTO DE LEY QUE DECLARA COMO RESIDUOS PELIGROSOS A LOS MEDICAMENTOS POS CONSUMO QUE SE ALMACENAN EN DOMICILIOS PARTICULARES.	16 24/04/2025 -	20/03/2025 -	ABAD, MAXIMILIANO -	DE AMBIENTE Y DESARROLLO SUSTENTABLE	DE SALUD			
S	304	2025	PL	KRONEBERGER Y OTROS: PROYECTO DE LEY QUE INCORPORA AL CALENDARIO NACIONAL DE VACUNACIÓN, CON CARÁCTER GRATUITO, LA VACUNA ANTIMENINGOCOCICA PARA EL SEROGRUPO B.	16 24/04/2025 -	20/03/2025 -	KRONEBERGER, DANIEL RICARDO - ZIMMERMANN, VICTOR - VALENZUELA, MERCEDES GABRIELA - TERENZI, EDITH ELIZABETH - FAMA, FLAVIO SERGIO - OLALLA, STELLA MARIS - BLANCO, PABLO DANIEL - LOSADA, CAROLINA -	DE SALUD				
S	302	2025	PL	LEAVY: PROYECTO DE LEY QUE MODIFICA EL ART 14 DE SU SIMILAR 48 - JURISDICCIÓN Y COMPETENCIA DE LOS TRIBUNALES NACIONALES -, SOBRE LOS CASOS DE ARBITRARIEDAD.	16 24/04/2025 -	20/03/2025 -	LEAVY, SERGIO NAPOLEÓN -	DE ASUNTOS CONSTITUCIONALES	DE JUSTICIA Y ASUNTOS PENALES			
S	301	2025	PL	JURI Y OTROS: PROYECTO DE LEY QUE MODIFICA EL ART. 90 DE SU SIMILAR 27.431 - PRESUPUESTO ADMINISTRACION NACIONAL EJERCICIO 2018-, SOBRE MEJORA DE LA COMPETITIVIDAD AEREA.	16 24/04/2025 -	20/03/2025 -	SUÁREZ, RODOLFO ALEJANDRO - JURI, MARIANA - VALENZUELA, MERCEDES GABRIELA - BLANCO, PABLO DANIEL - ZIMMERMANN, VICTOR - LOSADA, CAROLINA - KRONEBERGER, DANIEL RICARDO - FAMA, FLAVIO SERGIO -	DE PRESUPUESTO Y HACIENDA				
S	300	2025	PR	DURE Y OTROS: PROYECTO DE RESOLUCIÓN QUE CITA AL MINISTRO DE ECONOMIA DE LA NACION, LUIS ANDRES CAPUTO Y OTROS FUNCIONARIOS, DE CONFORMIDAD AL ART. 71 DE LA C.N. Y EL ART. 214 DEL REGLAMENTO DE LA H. CAMARA, A FIN DE BRINDAR INFORME EN RELACION A LA BAJA DE LOS CONTRATOS DE MANTENIMIENTO DE LAS RUTAS EN TODO EL PAIS Y SUS CONSECUENCIAS EN LA PATAGONIA.	15 24/04/2025 -	20/03/2025 -	RODAS, ANTONIO JOSÉ - GIMÉNEZ, NORA DEL VALLE - CORPACCI, LUCÍA BENIGNA - GIMÉNEZ NAVARRO, MARÍA CELESTE - MOISES, MARÍA CAROLINA - MENDOZA, SANDRA MARIELA - DURÉ, MARÍA EUGENIA - KIRCHNER, ALICIA MARGARITA ANTONIA - DOÑATE, CLAUDIO MARTÍN - LINARES, CARLOS ALBERTO - PILATTI VERGARA, MARÍA INÉS - GARCÍA LARRABURU, SILVINA MARCELA - PARRILLI, OSCAR ISIDRO - SAPAG, SILVIA ESTELA  - LÓPEZ, MARÍA FLORENCIA - LEWANDOWSKI, MARCELO NÉSTOR - SALINO, FERNANDO ALDO - BENSUSÁN, DANIEL PABLO -	DE ASUNTOS CONSTITUCIONALES	DE PRESUPUESTO Y HACIENDA			
S	297	2025	PL	LEWANDOWSKI: PROYECTO DE LEY QUE DECLARA A LA CDAD. DE ROSARIO, PROV. DE SANTA FE, CAPITAL NACIONAL DE LA INDUSTRIA METALURGICA DE LA REP. ARGENTINA.	15 24/04/2025 -	20/03/2025 -	LEWANDOWSKI, MARCELO NÉSTOR -	DE INDUSTRIA Y COMERCIO	DE INDUSTRIA Y COMERCIO			
S	293	2025	PL	GARCIA LARRABURU: PROYECTO DE LEY QUE MODIFICA SU SIMILAR 27.705 -PLAN DE PAGO DE DEUDA PREVISIONAL-  RESPECTO DE EXTENDER EL PLAZO DE LA MORATORIA PARA EL ACCESO A LAS PRESTACIONES JUBILATORIAS.	15 24/04/2025 -	20/03/2025 -	GARCÍA LARRABURU, SILVINA MARCELA -	DE TRABAJO Y PREVISIÓN SOCIAL	DE PRESUPUESTO Y HACIENDA			
S	292	2025	PL	GARCIA LARRABURU: PROYECTO DE LEY SOBRE REGULACION DE LA PUBLICIDAD Y PROMOCION DE MEDICAMENTOS.	15 24/04/2025 -	20/03/2025 -	GARCÍA LARRABURU, SILVINA MARCELA -	DE SALUD	DE SISTEMAS, MEDIOS DE COMUNICACIÓN Y LIBERTAD DE EXPRESIÓN			
S	291	2025	PL	SAPAG: PROYECTO DE LEY SOBRE INCLUSION LABORAL DE PERSONAS CON DISCAPACIDAD EN PROVEEDORES DEL ESTADO.	15 24/04/2025 -	20/03/2025 -	SAPAG, SILVIA ESTELA  -	DE POBLACIÓN Y DESARROLLO  HUMANO	DE TRABAJO Y PREVISIÓN SOCIAL			
S	290	2025	PL	SAPAG: PROYECTO DE LEY QUE MODIFICA SU SIMILAR 27.275 -DERECHO DE ACCESO A LA INFORMACION PUBLICA- SOBRE FORTALECIMIENTO DE LA TRANSPARENCIA ACTIVA	15 24/04/2025 -	20/03/2025 -	SAPAG, SILVIA ESTELA  -	DE ASUNTOS CONSTITUCIONALES	DE POBLACIÓN Y DESARROLLO  HUMANO			
OV	289	2025	CV	JUNTA ELECTORAL NACIONAL - DISTRITO RIO NEGRO: REMITE COPIA DEL ACTA Nº 269 Y 270/25, SOBRE EL RESULTADO DE LAS ELECCIONES NACIONALES CELEBRADAS EL 26 DE OCTUBRE DE 2025, PARA LA CATEGORIA DE SENADORES Y DIPUTADOS NACIONALES.	18/03/2026 -  28/11/2025 -	01/12/2025 - 04/11/2025 -		DE ASUNTOS CONSTITUCIONALES	DE ASUNTOS CONSTITUCIONALES			
S	287	2025	PL	PARRILLI Y OTROS: PROYECTO DE LEY SOBRE SISTEMA DE AFILIACION LIBRE Y DIGITAL A LOS PARTIDOS POLITICOS.	15 24/04/2025 -	19/03/2025 -	GARCÍA LARRABURU, SILVINA MARCELA - CORA, STEFANIA - DURÉ, MARÍA EUGENIA - PILATTI VERGARA, MARÍA INÉS - CORPACCI, LUCÍA BENIGNA - GIMÉNEZ NAVARRO, MARÍA CELESTE - SAPAG, SILVIA ESTELA  - KIRCHNER, ALICIA MARGARITA ANTONIA - LÓPEZ, MARÍA FLORENCIA - MENDOZA, SANDRA MARIELA - MANZUR, JUAN LUIS - LEAVY, SERGIO NAPOLEÓN - LINARES, CARLOS ALBERTO - MAYANS, JOSÉ MIGUEL ÁNGEL - BENSUSÁN, DANIEL PABLO - DOÑATE, CLAUDIO MARTÍN - REJAL, JESÚS FERNANDO - NEDER, JOSÉ EMILIO - GONZÁLEZ, MARÍA TERESA MARGARITA - LEDESMA ABDALA DE ZAMORA, CLAUDIA - ANDRADA, GUILLERMO EDUARDO - PARRILLI, OSCAR ISIDRO - FERNÁNDEZ SAGASTI, ANABEL - RECALDE, MARIANO - LEWANDOWSKI, MARCELO NÉSTOR -	DE ASUNTOS CONSTITUCIONALES	DE SISTEMAS, MEDIOS DE COMUNICACIÓN Y LIBERTAD DE EXPRESIÓN	DE PRESUPUESTO Y HACIENDA		
S	285	2025	PL	RODAS: REPRODUCE PROYECTO DE LEY DE PRESUPUESTOS MÍNIMOS DE PROTECCIÓN AMBIENTAL EN EL CIERRE DE MINAS. (REF. 17/2023).	15 24/04/2025 -	18/03/2025 -	RODAS, ANTONIO JOSÉ -	DE MINERÍA, ENERGÍA Y COMBUSTIBLES	DE MINERÍA, ENERGÍA Y COMBUSTIBLES	DE AMBIENTE Y DESARROLLO SUSTENTABLE	DE AMBIENTE Y DESARROLLO SUSTENTABLE	
OV	280	2025	CV	CONSEJO DE LA MAGISTRATURA: PONE EN CONOCIMIENTO EL INFORME ANUAL DEL REGISTRO DE PRISIONES PREVENTIVAS 2024, CONFORME A LO ESTABLECIDO EN EL ART. 9 DE LA LEY 24.390 Y S/M., APROBADO POR RESOLUCION 211/25, Y ADJUNTA COPIA CERTIFICADA EN SOPORTE MAGNETICO.	18/03/2026 -	24/10/2025 -		DE JUSTICIA Y ASUNTOS PENALES				
S	278	2025	PL	AVILA: PROYECTO DE LEY QUE CREA LA REVISION OBLIGATORIA DE INSTALACIONES DE GAS NATURAL.	14 24/04/2025 -	18/03/2025 -	AVILA, BEATRIZ LUISA -	DE MINERÍA, ENERGÍA Y COMBUSTIBLES				
S	277	2025	PL	AVILA: PROYECTO DE LEY DE EXTENSIÓN DEL VENCIMIENTO DE FACTURAS DE SERVICIOS DOMÉSTICOS PARA PERSONAS BENEFICIARIAS DE HABERES JUBILATORIOS.	14 24/04/2025 -	18/03/2025 -	AVILA, BEATRIZ LUISA -	DE TRABAJO Y PREVISIÓN SOCIAL				
S	270	2025	PL	REJAL Y ANDRADA: PROYECTO DE LEY QUE MODIFICA SU SIMILAR 23.966 -IMPUESTOS-, RESPECTO DE LOS PORCENTAJES ASIGNADOS A LAS DIFERENTES FINALIDADES RECAUDATORIAS.	14 24/04/2025 -	18/03/2025 -	REJAL, JESÚS FERNANDO - ANDRADA, GUILLERMO EDUARDO -	DE PRESUPUESTO Y HACIENDA	DE COPARTICIPACIÓN FEDERAL DE IMPUESTOS			
S	262	2025	PL	PILATTI VERGARA: PROYECTO DE LEY QUE GARANTIZA LA REPRESENTACIÓN EQUITATIVA DE GÉNEROS EN EL ÁMBITO DE LA EDUCACIÓN SUPERIOR.	14 24/04/2025 -	14/03/2025 -	PILATTI VERGARA, MARÍA INÉS -	DE EDUCACIÓN Y CULTURA	BANCA DE LA MUJER	DE DERECHOS Y GARANTÍAS		
S	261	2025	PL	BEDIA: PROYECTO DE LEY DE REGULACION DEL USO DE DISPOSITIVOS DIGITALES PERSONALES EN LOS ESTABLECIMIENTOS EDUCATIVOS NACIONALES.	14 24/04/2025 -	14/03/2025 -	BEDIA, VILMA FACUNDA -	DE LEGISLACIÓN GENERAL	DE EDUCACIÓN Y CULTURA			
S	259	2025	PL	LEAVY: PROYECTO DE LEY QUE MODIFICA EL TERCER PÁRRAFO DEL INCISO A) DEL ART. 85 DE SU SIMILAR DE -IMPUESTO A LAS GANANCIAS- T.O. 2019 Y S/M, RESPECTO DE ACTUALIZAR LA DEDUCCIÓN DE INTERESES DE CRÉDITOS HIPOTECARIOS.	13 24/04/2025 -	13/03/2025 -	LEAVY, SERGIO NAPOLEÓN -	DE PRESUPUESTO Y HACIENDA				
S	254	2025	PL	GALARETTO Y OTRAS: PROYECTO DE LEY SOBRE AUTODIAGNÓSTICO DE LA ADICCIÓN AL ALCOHOL.	13 24/04/2025 -	13/03/2025 -	GALARETTO, EDUARDO HORACIO - VALENZUELA, MERCEDES GABRIELA - OLALLA, STELLA MARIS -	DE SALUD				
S	253	2025	PL	GALARETTO Y OTRAS: PROYECTO DE LEY QUE DISPONE LA REALIZACION DE CAMPAÑAS PUBLICITARIAS PERMANENTES ORIENTADAS A PREVENIR SOBRE EL CONSUMO DE ESTUPEFACIENTES Y LOS RIESGOS PARA LA SALUD QUE DEVIENEN DEL ABUSO DE ESTAS SUSTANCIAS.	13 24/04/2025 -	13/03/2025 -	GALARETTO, EDUARDO HORACIO - VALENZUELA, MERCEDES GABRIELA - OLALLA, STELLA MARIS -	DE SALUD	DE SISTEMAS, MEDIOS DE COMUNICACIÓN Y LIBERTAD DE EXPRESIÓN			
S	249	2025	PR	PARRILLI Y OTROS: PROYECTO DE RESOLUCION QUE CITA A LA MINISTRA DE SEGURIDAD DE LA NACION SRA. PATRICIA BULLRICH Y A OTROS FUNCIONARIOS, DE CONFORMIDAD AL ART. 71 DE LA C.N. Y EL ART. 214 DEL REGLAMENTO DE LA H. CAMARA, A EFECTOS DE DAR LAS EXPLICACIONES PERTINENTES RESPECTO AL AVION PRIVADO PROCEDENTE DE LA CDAD. DE MIAMI, EL 25 DE FEBRERO DE 2025.	13 24/04/2025 -	13/03/2025 -	PARRILLI, OSCAR ISIDRO - MAYANS, JOSÉ MIGUEL ÁNGEL - LÓPEZ, MARÍA FLORENCIA - FERNÁNDEZ SAGASTI, ANABEL - DI TULLIO, JULIANA - LINARES, CARLOS ALBERTO - KIRCHNER, ALICIA MARGARITA ANTONIA - SAPAG, SILVIA ESTELA  - PILATTI VERGARA, MARÍA INÉS - DURÉ, MARÍA EUGENIA - CORA, STEFANIA - REJAL, JESÚS FERNANDO - GONZÁLEZ, MARÍA TERESA MARGARITA - CORPACCI, LUCÍA BENIGNA - LEAVY, SERGIO NAPOLEÓN - RECALDE, MARIANO - ANDRADA, GUILLERMO EDUARDO - GARCÍA LARRABURU, SILVINA MARCELA -	DE ASUNTOS CONSTITUCIONALES	DE SEGURIDAD INTERIOR Y NARCOTRÁFICO			
OV	248	2025	CV	CAMARA NACIONAL ELECTORAL: REMITE COPIA DE LA RESOLUCION DICTADA POR ESE TRIBUNAL, RELACIONADA CON LA CREACION DEL CARGO DE FISCAL GENERAL ELECTORAL.	18/03/2026 -	06/10/2025 -		DE JUSTICIA Y ASUNTOS PENALES				
S	248	2025	PL	AVILA: PROYECTO DE LEY QUE CREA EL PLAN FEDERAL DE FORTALECIMIENTO DE LA ALFABETIZACION.	13 24/04/2025 -	13/03/2025 -	AVILA, BEATRIZ LUISA -	DE EDUCACIÓN Y CULTURA	DE PRESUPUESTO Y HACIENDA			
S	247	2025	PL	AVILA: PROYECTO DE LEY SOBRE CENSO FEDERAL DE INFRAESTRUCTURA EDUCATIVA.	13 24/04/2025 -	13/03/2025 -	AVILA, BEATRIZ LUISA -	DE EDUCACIÓN Y CULTURA	DE PRESUPUESTO Y HACIENDA			
S	244	2025	PL	DE ANGELI: PROYECTO DE LEY QUE TRANSFIERE A TÍTULO GRATUITO A FAVOR DE LA COMUNA EL SOLAR PROV. DE ENTRE RÍOS, EL DOMINIO SOBRE UNA PARCELA DEL TERRENO PROPIEDAD DEL ESTADO NACIONAL, UBICADO EN EL DPTO. LA PAZ PROV. DE ENTRE RIOS.	13 24/04/2025 -	12/03/2025 -	DE ANGELI, ALFREDO LUIS -	DE ASUNTOS ADMINISTRATIVOS Y MUNICIPALES				
S	242	2025	PL	"VALENZUELA Y OTRAS: PROYECTO DE LEY QUE CREA EL PROGRAMA CULTURAL Y TURISTICO ""RUTA SANMARTINIANA""."	13 24/04/2025 -	12/03/2025 -	VALENZUELA, MERCEDES GABRIELA - OLALLA, STELLA MARIS - JURI, MARIANA - VISCHI, EDUARDO ALEJANDRO -	DE TURISMO	DE EDUCACIÓN Y CULTURA	DE PRESUPUESTO Y HACIENDA		
S	239	2025	PL	RECALDE: PROYECTO DE LEY QUE PRORROGA POR EL TERMINO DE 2 AÑOS, EL PLAZO ESTABLECIDO EN EL ART. 4 DEL CAPITULO II DE LA LEY N° 27.705, DE PLAN DE PAGO DE DEUDA PREVISIONAL.	13 24/04/2025 -	12/03/2025 -	RECALDE, MARIANO -	DE TRABAJO Y PREVISIÓN SOCIAL	DE PRESUPUESTO Y HACIENDA			
S	236	2025	PL	"DE ANGELI Y OTROS: PROYECTO DE LEY QUE INSTITUYE EL 3 DE FEBRERO COMO DIA PATRIO, EN CONMEMORACION DEL ANIVERSARIO DE LA ""BATALLA DE CASEROS""."	12 24/04/2025 -	12/03/2025 -	DE ANGELI, ALFREDO LUIS - VALENZUELA, MERCEDES GABRIELA - OLALLA, STELLA MARIS - GALARETTO, EDUARDO HORACIO -	DE EDUCACIÓN Y CULTURA				
S	234	2025	PL	"DE PEDRO Y DI TULLIO: PROYECTO DE LEY QUE RESTABLECE LA VIGENCIA DEL ""FONDO DE FORTALECIMIENTO FISCAL DE LA PROVINCIA DE BUENOS AIRES""."	12 24/04/2025 -	11/03/2025 -	DE PEDRO, EDUARDO ENRIQUE - DI TULLIO, JULIANA -	DE PRESUPUESTO Y HACIENDA	DE COPARTICIPACIÓN FEDERAL DE IMPUESTOS			
S	228	2025	PL	LOSADA Y OTROS: PROYECTO DE LEY QUE MODIFICA EL CODIGO PENAL DE LA NACION, SOBRE FALSAS DENUNCIAS.	12 24/04/2025 -	11/03/2025 -	LOSADA, CAROLINA - VALENZUELA, MERCEDES GABRIELA - FAMA, FLAVIO SERGIO - ZIMMERMANN, VICTOR - BLANCO, PABLO DANIEL - SUÁREZ, RODOLFO ALEJANDRO -	DE JUSTICIA Y ASUNTOS PENALES	DE JUSTICIA Y ASUNTOS PENALES			
S	227	2025	PL	"LOSADA Y OTROS: PROYECTO DE LEY QUE INCORPORA EL ART. 157 TER AL CODIGO PENAL DE LA NACIÓN, RESPECTO DE TIPIFICAR EL DELITO DE OBTENCION ILEGITIMA DE DATOS CONFIDENCIALES ""PHISHING""."	12 24/04/2025 -	11/03/2025 -	LOSADA, CAROLINA - VALENZUELA, MERCEDES GABRIELA - FAMA, FLAVIO SERGIO - BLANCO, PABLO DANIEL - SUÁREZ, RODOLFO ALEJANDRO -	DE JUSTICIA Y ASUNTOS PENALES				
OV	225	2025	CA	AUDITORIA GENERAL DE LA NACION: ELEVA PARA SU CONSIDERACION EL PROYECTO DEL PROGRAMA DE ACCION ANUAL 2026 (PAA 2026).	02/10/2025 -	23/09/2025 -		BICAMERAL PERMANENTE PARLAMENTARIA MIXTA REVISORA DE CUENTAS				
S	219	2025	PL	GADANO: PROYECTO DE LEY QUE MODIFICA SU SIMILAR 26.061- PROTECCION INTEGRAL DE LOS DERECHOS DE LAS NIÑAS, NIÑOS Y ADOLESCENTES-, RESPECTO DE INCORPORAR GARANTIAS EN LOS PROCEDIMIENTOS JUDICIALES Y ADMINISTRATIVOS.	12 24/04/2025 -	11/03/2025 -	GADANO, NATALIA ELENA -	DE POBLACIÓN Y DESARROLLO  HUMANO	DE JUSTICIA Y ASUNTOS PENALES			
S	214	2025	PR	"BLANCO: PROYECTO DE RESOLUCION QUE DECLARA DE INTERES EL LIBRO ""DON MILIN, EN EL CORAZON DE LA ISLA DE TIERRA DEL FUEGO"", DEL AUTOR FUEGUINO ADRIAN DARIO FERNANDEZ, Y ORDENA SU IMPRESIÓN."	11 24/04/2025 -	11/03/2025 -	BLANCO, PABLO DANIEL -	DE EDUCACIÓN Y CULTURA	DE PRESUPUESTO Y HACIENDA			
S	213	2025	PL	BLANCO: PROYECTO DE LEY QUE INSTITUYE EL 11 DE ABRIL COMO DIA NACIONAL DEL MEDICO GERIATRA.	11 24/04/2025 -	11/03/2025 -	BLANCO, PABLO DANIEL -	DE SALUD	DE SALUD			
S	210	2025	PL	AVILA: PROYECTO DE LEY QUE DECLARA MONUMENTO HISTORICO NACIONAL, A LA CASA DONDE NACIO JULIO ARGENTINO ROCA, UBICADA EN LA CALLE LUCAS CORDOBA AL 500, EL COLMENAR (LAS TALITAS), DPTO. DE TAFI VIEJO, PROV. DE TUCUMAN.	11 24/04/2025 -	11/03/2025 -	AVILA, BEATRIZ LUISA -	DE EDUCACIÓN Y CULTURA				
S	209	2025	PL	AVILA: PROYECTO DE LEY QUE MODIFICA EL ART. 83 DEL CODIGO PENAL, RESPECTO DE AGRAVAR LA PENA EN EL DELITO DE INSTIGACION AL SUICIDIO, EN EL CONTEXTO DE VIOLENCIA DE GENERO.	11 24/04/2025 -	11/03/2025 -	AVILA, BEATRIZ LUISA -	DE JUSTICIA Y ASUNTOS PENALES				
S	208	2025	PL	AVILA: PROYECTO DE LEY SOBRE LICENCIA POR ADOPCION.	11 24/04/2025 -	11/03/2025 -	AVILA, BEATRIZ LUISA -	DE TRABAJO Y PREVISIÓN SOCIAL				
S	207	2025	PL	AVILA: PROYECTO DE LEY QUE REGULA EL USO DE BILLETERAS VIRTUALES POR MENORES DE EDAD.	11 24/04/2025 -	11/03/2025 -	AVILA, BEATRIZ LUISA -	DE LEGISLACIÓN GENERAL	DE ECONOMÍA NACIONAL E INVERSIÓN			
S	206	2025	PL	"AVILA: PROYECTO DE LEY QUE INSTITUYE EL ULTIMO MIERCOLES DEL MES DE ABRIL DE CADA  AÑO, COMO ""DIA NACIONAL DE LA MISOFONIA""."	11 24/04/2025 -	11/03/2025 -	AVILA, BEATRIZ LUISA -	DE SALUD				
OV	204	2025	CV	PRESIDENTE DE LA JUNTA ELECTORAL NACIONAL DE LA CAPITAL FEDERAL: COMUNICA SU CONSTITUCION Y LA NOMINA DE SUS INTEGRANTES EN LOS TERMINOS ESTABLECIDOS EN LOS ARTS. 49 Y 50 DEL CODIGO ELECTORAL NACIONAL.	04/09/2025 -	25/08/2025 -		DE ASUNTOS CONSTITUCIONALES				
S	204	2025	PL	BENSUSAN: REPRODUCE EL PROYECTO DE LEY QUE SUSTITUYE EL ARTICULO 92 DE SU SIMILAR 26.206 - EDUCACION NACIONAL-, SOBRE LA FORMACION INTEGRAL PARA NIÑAS, NIÑOS Y ADOLESCENTES EN EL RECONOCIMIENTO Y DEFENSA DE LOS DERECHOS DE TODAS LAS PERSONAS. (REF.  S. 1491/23)	11 24/04/2025 -	11/03/2025 -	BENSUSÁN, DANIEL PABLO -	DE EDUCACIÓN Y CULTURA	DE AMBIENTE Y DESARROLLO SUSTENTABLE			
S	203	2025	PL	BENSUSAN: REPRODUCE EL PROYECTO DE LEY QUE MODIFICA SU SIMILAR 26.877 -REPRESENTACIÓN ESTUDIANTIL- SOBRE LA PROMOCIÓN DE LA IGUALDAD DE DERECHOS DE LAS PERSONAS SIN IMPORTAR SU IDENTIDAD DE GÉNERO, ORIENTACIÓN SEXUAL O EXPRESIÓN. (REF. S. 1317/23)	11 24/04/2025 -	11/03/2025 -	BENSUSÁN, DANIEL PABLO -	DE EDUCACIÓN Y CULTURA	DE DERECHOS Y GARANTÍAS			
S	202	2025	PL	BENSUSAN: REPRODUCE EL PROYECTO DE LEY QUE MODIFICA SU SIMILAR 11.179 -CÓDIGO PENAL-, RESPECTO DE LOS DELITOS DE ABUSO SEXUAL. (REF. S. 1033/23).	11 24/04/2025 -	11/03/2025 -	BENSUSÁN, DANIEL PABLO -	DE JUSTICIA Y ASUNTOS PENALES				
S	201	2025	PL	BENSUSAN: REPRODUCE EL PROYECTO DE LEY QUE DEROGA EL CAPITULO VIII, DEL TITULO VI, DEL LIBRO SEGUNDO DE SU SIMILAR 11.179 (T.O. 1984 ACTUALIZADO) -CODIGO PENAL-. (REF. S. 1318/23)	11 24/04/2025 -	11/03/2025 -	BENSUSÁN, DANIEL PABLO -	DE JUSTICIA Y ASUNTOS PENALES				
S	200	2025	PL	BENSUSAN: REPRODUCE EL PROYECTO DE LEY DE PREVENCION DEL SOBREENDEUDAMIENTO PERSONAL Y/O FAMILIAR. (REF. S. 2038/23)	11 24/04/2025 -	11/03/2025 -	BENSUSÁN, DANIEL PABLO -	DE LEGISLACIÓN GENERAL	DE DERECHOS Y GARANTÍAS			
S	199	2025	PL	BENSUSAN: REPRODUCE EL PROYECTO DE LEY SOBRE FLEXIBILIZACION DE LA FORMALIDAD CONSTITUTIVA DE LAS ASOCIACIONES CIVILES. (REF. S. 1705/23)	11 24/04/2025 -	11/03/2025 -	BENSUSÁN, DANIEL PABLO -	DE LEGISLACIÓN GENERAL				
S	197	2025	PL	DOÑATE: PROYECTO DE LEY DE PROMOCION DEL BUEN TRATO Y PROTECCION INTEGRAL PARA PREVENIR, SANCIONAR Y ERRADICAR LA VIOLENCIA CONTRA LAS PERSONAS MAYORES.	10 24/04/2025 -	10/03/2025 -	DOÑATE, CLAUDIO MARTÍN -	DE POBLACIÓN Y DESARROLLO  HUMANO	DE PRESUPUESTO Y HACIENDA	DE ASUNTOS CONSTITUCIONALES		
S	196	2025	PL	BENSUSAN: REPRODUCE PROYECTO DE LEY QUE MODIFICA SU SIMILAR 24.464 - SISTEMA FEDERAL DE LA VIVIENDA- RESPECTO DE DEFINIR CRITERIOS INDICATIVOS DE SELECCIÓN DE ADJUDICATARIOS DE VIVIENDAS CONSTRUIDAS O CREDITOS OTORGADOS CON FONDOS DEL FONAVI, Y ESTABLECE CUPOS PREFERENCIALES PARA JOVENES Y PERSONAS CON DISCAPACIDAD. (REF. S-1018/23)	10 24/04/2025 -	10/03/2025 -	BENSUSÁN, DANIEL PABLO -	DE INFRAESTRUCTURA, VIVIENDA Y TRANSPORTE	DE ECONOMÍA NACIONAL E INVERSIÓN			
S	195	2025	PL	BENSUSAN: REPRODUCE PROYECTO DE LEY DE PROTECCION DE LAS VIVIENDAS FINANCIADAS CON RECURSOS DEL FONDO NACIONAL DE LA VIVIENDA (FONAVI). (REF. S.914/23).	10 24/04/2025 -	10/03/2025 -	BENSUSÁN, DANIEL PABLO -	DE INFRAESTRUCTURA, VIVIENDA Y TRANSPORTE	DE LEGISLACIÓN GENERAL			
S	194	2025	PL	BENSUSAN: REPRODUCE PROYECTO DE LEY QUE MODIFICA SU SIMILAR 11.179 -CODIGO PENAL- RESPECTO DE LA NO PROCEDENCIA DE LA SUSPENSIÓN DEL JUICIO A PRUEBA EN DELITOS QUE IMPLIQUEN VIOLENCIA DE GÉNERO. (REF. S.1316/23)	10 24/04/2025 -	10/03/2025 -	BENSUSÁN, DANIEL PABLO -	DE JUSTICIA Y ASUNTOS PENALES				
OV	193	2025	CA	MINISTERIO DE ECONOMÍA-CONTADURÍA GENERAL DE LA NACIÓN: REMITE LOS DESCARGOS PRODUCIDOS POR LOS ORGANISMOS EN RELACION A LAS OBSERVACIONES INTERPUESTAS POR AGN A DISTINTAS RESOLUCIONES SOBRE LA CUENTA DE INVERSION DEL EJERCICIO 2020.-	21/08/2025 -	18/08/2025 -		BICAMERAL PERMANENTE PARLAMENTARIA MIXTA REVISORA DE CUENTAS				
S	193	2025	PL	BENSUSAN: REPRODUCE PROYECTO DE LEY DE IMPLEMENTACION PROGRESIVA DE PRACTICAS SUSTENTABLES EN INSTITUCIONES EDUCATIVAS. (REF. S-840/23)	10 24/04/2025 -	10/03/2025 -	BENSUSÁN, DANIEL PABLO -	DE EDUCACIÓN Y CULTURA	DE AMBIENTE Y DESARROLLO SUSTENTABLE	DE PRESUPUESTO Y HACIENDA		
S	192	2025	PL	BENSUSAN: REPRODUCE PROYECTO DE LEY QUE MODIFICA SU SIMILAR 26.485 - PROTECCION INTEGRAL PARA PREVENIR, SANCIONAR Y ERRADICAR LA VIOLENCIA CONTRA LAS MUJERES -, RESPECTO DE PROHIBIR AL AGRESOR LA TENENCIA O PORTACIÓN DE ARMAS DE FUEGO. (REF. S. 438/23)	10 24/04/2025 -	10/03/2025 -	BENSUSÁN, DANIEL PABLO -	DE SEGURIDAD INTERIOR Y NARCOTRÁFICO	BANCA DE LA MUJER			
S	191	2025	PL	BENSUSAN: REPRODUCE PROYECTO DE LEY QUE MODIFICA EL INC. C) DEL ART. 13, DE SU SIMILAR 24.449 -TRANSITO-, RESPECTO DE LA DETERMINACION DE LOS PERIODOS DE VIGENCIA DE LA LICENCIA NACIONAL DE CONDUCIR, POR PARTE DE LA AUTORIDAD EXPEDIDORA-. (REF. S. 841/23)	10 24/04/2025 -	10/03/2025 -	BENSUSÁN, DANIEL PABLO -	DE INFRAESTRUCTURA, VIVIENDA Y TRANSPORTE				
S	190	2025	PL	BENSUSAN: REPRODUCE PROYECTO DE LEY QUE CREA EL REGISTRO NACIONAL DE PERSONAS DEUDORAS ALIMENTARIAS EN MORA. (REF. S. 9/23)	10 24/04/2025 -	10/03/2025 -	BENSUSÁN, DANIEL PABLO -	DE LEGISLACIÓN GENERAL	DE POBLACIÓN Y DESARROLLO  HUMANO			
S	189	2025	PL	BENSUSAN: REPRODUCE PROYECTO DE LEY QUE MODIFICA SU SIMILAR 26.058 -EDUCACION TECNICO PROFESIONAL-, SOBRE PARAMETROS PARA LA DISTRIBUCION Y GESTION DEL FONDO NACIONAL PARA LA EDUCACION TECNICO PROFESIONAL, Y OTRAS CUESTIONES CONEXAS. (REF. S. 915/23)	10 24/04/2025 -	10/03/2025 -	BENSUSÁN, DANIEL PABLO -	DE EDUCACIÓN Y CULTURA	DE PRESUPUESTO Y HACIENDA			
OV	186	2025	CA	AUDITORIA GENERAL DE LA NACION: ELEVA EL ANTEPROYECTO DE PRESUPUESTO GENERAL DE GASTOS Y CÁLCULO DE RECURSOS PARA LA AUDITORÍA GENERAL DE LA NACIÓN, CORRESPONDIENTE AL EJERCICIO 2026.	21/08/2025 -	11/08/2025 -		BICAMERAL PERMANENTE PARLAMENTARIA MIXTA REVISORA DE CUENTAS				
S	183	2025	PL	"MENDOZA Y OTROS: PROYECTO DE LEY QUE CREA EL PROGRAMA FEDERAL ""INCLUIR SALUD""."	10 24/04/2025 -	10/03/2025 -	MENDOZA, SANDRA MARIELA - CORPACCI, LUCÍA BENIGNA - MANZUR, JUAN LUIS -	DE SALUD	DE TRABAJO Y PREVISIÓN SOCIAL	DE PRESUPUESTO Y HACIENDA		
S	181	2025	PL	BENSUSAN: PROYECTO DE LEY QUE PRORROGA POR EL TERMINO DE DOS AÑOS LA VIGENCIA DEL PLAZO ESTABLECIDO EN EL CAPITULO II DE LA LEY 27.705 - UNIDAD DE PAGO DE LA DEUDA PREVISIONAL	10 24/04/2025 -	10/03/2025 -	BENSUSÁN, DANIEL PABLO -	DE TRABAJO Y PREVISIÓN SOCIAL				
S	180	2025	PL	BENSUSAN: PROYECTO DE LEY QUE INCORPORA EL ART. 2° BIS A SU SIMILAR 19.032 - INSTITUTO NACIONAL DE SERVICIOS SOCIALES PARA JUBILADOS Y PENSIONADOS- RESPECTO DE LA COBERTURA DEL 100% DE LOS MEDICAMENTOS QUE INTEGREN EL VADEMECUM DE MEDICAMENTOS ESENCIALES.	10 24/04/2025 -	10/03/2025 -	BENSUSÁN, DANIEL PABLO -	DE TRABAJO Y PREVISIÓN SOCIAL	DE SALUD	DE PRESUPUESTO Y HACIENDA		
S	179	2025	PL	BENSUSAN: PROYECTO DE LEY QUE MODIFICA SU SIMILAR 26.928 - SISTEMA DE PROTECCION INTEGRAL PARA PERSONAS TRASPLANTADAS -, RESPECTO AL CUMPLIMIENTO DE OBRAS SOCIALES Y OTRAS ENTIDADES DE SALUD Y OTRAS CUESTIONES CONEXAS.	10 24/04/2025 -	10/03/2025 -	BENSUSÁN, DANIEL PABLO -	DE SALUD	DE TRABAJO Y PREVISIÓN SOCIAL	DE PRESUPUESTO Y HACIENDA		
PE	176	2025	AC	MENSAJE N° 4/26 QUE SOLICITA ACUERDO A FIN DE POSIBILITAR UN NUEVO NOMBRAMIENTO PARA DESIGNAR VOCAL DE LA CAMARA FEDERAL DE CASACION PENAL, VOCALIA VII, AL DR. CARLOS ALBERTO MAHIQUES.	9 18/03/2026 -	04/02/2026 -		DE ACUERDOS				
S	167	2025	PL	ABAD: PROYECTO DE LEY DE PREVENCION Y LUCHA CONTRA LA ECONOMÍA DEL DELITO.	9 24/04/2025 -	07/03/2025 -	ABAD, MAXIMILIANO -	DE PRESUPUESTO Y HACIENDA				
S	148	2025	PL	GARCIA LARRABURU: PROYECTO DE LEY QUE CREA EL PROGRAMA NACIONAL DE DESARROLLO AGROINDUSTRIAL Y COMERCIAL DE LA ROSA MOSQUETA (PROROMO).	8 24/04/2025 -	07/03/2025 -	GARCÍA LARRABURU, SILVINA MARCELA -	DE AGRICULTURA, GANADERÍA Y PESCA	DE PRESUPUESTO Y HACIENDA			
S	147	2025	PL	GARCIA LARRABURU: PROYECTO DE LEY DE OPTIMIZACION DEL ENTORNO EDUCATIVO: REGULACION DEL USO DE CELULARES EN INSTITUCIONES ESCOLARES.	8 24/04/2025 -	07/03/2025 -	GARCÍA LARRABURU, SILVINA MARCELA -	DE LEGISLACIÓN GENERAL	DE EDUCACIÓN Y CULTURA			
S	146	2025	PL	GARCIA LARRABURU: PROYECTO DE LEY QUE REGULA EL EJERCICIO DE LA ACTIVIDAD DE PUERICULTORAS Y PUERICULTORES.	8 24/04/2025 -	07/03/2025 -	GARCÍA LARRABURU, SILVINA MARCELA -	DE LEGISLACIÓN GENERAL	DE SALUD			
OV	143	2025	CA	AUDITORIA GENERAL DE LA NACIÓN: COMUNICA DISPOSICIÓN N° 138/25, QUE AUTORIZA A IMPUTAR AL FONDO ESPECIAL DE RESERVA CREADO POR DISPOSICIÓN N° 356/24-AGN Y EFECTUAR DE LOS FONDOS ALLÍ RESERVADOS EL PAGO DE PESOS SIETE MILLONES CIEN MIL PARA LA ADQUISICIÓN DE BIENES.	21/08/2025 -	10/07/2025 -		BICAMERAL PERMANENTE PARLAMENTARIA MIXTA REVISORA DE CUENTAS				
S	142	2025	PL	"DURE: REPRODUCE PROYECTO DE LEY QUE INSTITUYE EL DÍA 28 DE MAYO DE CADA AÑO COMO EL ""DÍA NACIONAL DE LA GESTIÓN MENSTRUAL"". (REF. S.791/22)"	8 24/04/2025 -	06/03/2025 -	DURÉ, MARÍA EUGENIA -	BANCA DE LA MUJER	DE EDUCACIÓN Y CULTURA			
S	141	2025	PL	DURE: REPRODUCE PROYECTO DE LEY QUE INSTAURA EL USO DE LA IMAGEN DE LAS ISLAS MALVINAS EN LOS GUARDAPOLVOS Y UNIFORMES DE LOS NIVELES DE EDUCACIÓN INICIAL, PRIMARIA Y SECUNDARIA, SEGÚN LO ESTABLECE SU SIMILAR 26.206 -EDUCACIÓN NACIONAL-. (REF. S.1900/23)	8 24/04/2025 -	06/03/2025 -	DURÉ, MARÍA EUGENIA -	DE EDUCACIÓN Y CULTURA				
S	140	2025	PL	"DURE: REPRODUCE PROYECTO DE LEY QUE INSTITUYE EL DÍA 11 DE MARZO DE CADA AÑO COMO ""DÍA NACIONAL DEL DOCENTE CONTINENTAL ARGENTINO"". (REF. S.213/22)"	8 24/04/2025 -	06/03/2025 -	DURÉ, MARÍA EUGENIA -	DE EDUCACIÓN Y CULTURA				
OV	139	2025	CA	AUDITORIA GENERAL DE NACION: REMITE COPIA DE LOS CONTRATOS QUE FUERAN OBJETO DE LOS INFORMES DE AUDITORIA ELABORADOS EN CUMPLIMIENTO DE LO PREVISTO EN EL ART. 10 DE LA LEY 27.753 Y APROBADOS MEDIANTE LAS RES. AGN Nº 149; 150; 151; 152; 153; 154; 155; 156; 157 Y 158/22. SE ADJUNTA SOBRE RESERVADO.	21/08/2025 -	03/07/2025 -		BICAMERAL PERMANENTE PARLAMENTARIA MIXTA REVISORA DE CUENTAS				
S	139	2025	PL	DURE: REPRODUCE PROYECTO DE LEY QUE CREA EL PROGRAMA DE CAPACITACION OBLIGATORIA EN EL DIAGNOSTICO DEL TRASTORNO DEL ESPECTRO AUTISTA (TEA) PARA TODOS LOS DOCENTES DE LOS ESTABLECIMIENTOS DE ENSEÑANZA EN SUS DIFERENTES NIVELES EDUCATIVOS. (REF. S.740/23)	8 24/04/2025 -	06/03/2025 -	DURÉ, MARÍA EUGENIA -	DE EDUCACIÓN Y CULTURA	DE PRESUPUESTO Y HACIENDA			
S	138	2025	PL	"DURE: REPRODUCE PROYECTO DE LEY QUE DECLARA FIESTA NACIONAL A LA ""FIESTA DE LA LENGA"", QUE SE CELEBRA EN LA CDAD. DE TOLHUIN, PROV. DE TIERRA DEL FUEGO, ANTARTIDA E ISLAS DEL ATLANTICO SUR, DURANTE EL MES DE DICIEMBRE DE CADA AÑO. (REF. S.239/23)"	7 24/04/2025 -	06/03/2025 -	DURÉ, MARÍA EUGENIA -	DE EDUCACIÓN Y CULTURA	DE TURISMO			
S	137	2025	PL	"DURE: REPRODUCE PROYECTO DE LEY QUE DECLARA EL 7 DE NOVIEMBRE DE CADA AÑO COMO   ""DÍA NACIONAL DE LA MUJER EN LA ANTÁRTIDA"". (REF. S.214/22)"	7 24/04/2025 -	06/03/2025 -	DURÉ, MARÍA EUGENIA -	BANCA DE LA MUJER	DE EDUCACIÓN Y CULTURA			
S	136	2025	PL	DURE: REPRODUCE PROYECTO DE LEY QUE ESTABLECE UN PROTOCOLO DE ATENCION Y PREVENCION DE CRISIS EMOCIONALES EN EL SISTEMA EDUCATIVO NACIONAL. (REF. S.1871/23)	7 24/04/2025 -	06/03/2025 -	DURÉ, MARÍA EUGENIA -	DE SALUD	DE EDUCACIÓN Y CULTURA	DE PRESUPUESTO Y HACIENDA		
S	135	2025	PL	"DURE: REPRODUCE PROYECTO DE LEY QUE INSTITUYE LA ""SEMANA NACIONAL DE LA ANTARTIDA ARGENTINA"" A REALIZARSE LA PRIMERA SEMANA DEL MES DE JUNIO DE CADA AÑO. (REF. S.1242/23)"	7 24/04/2025 -	06/03/2025 -	DURÉ, MARÍA EUGENIA -	DE DEFENSA NACIONAL	DE EDUCACIÓN Y CULTURA			
S	134	2025	PL	DURE: REPRODUCE PROYECTO DE LEY QUE DECLARA A LA CIUDAD DE TOLHUIN, PROV. DE TIERRA DEL FUEGO, ANTARTIDA E ISLAS DEL ATLANTICO SUR, COMO CIUDAD CORAZON DE LA ISLA Y DE LA REPUBLICA ARGENTINA.  (REF. S.1828/22).	7 24/04/2025 -	06/03/2025 -	DURÉ, MARÍA EUGENIA -	DE EDUCACIÓN Y CULTURA				
S	133	2025	PL	LEAVY: REPRODUCE PROYECTO DE LEY SOBRE PROTECCIÓN INTEGRAL DEL PROCESO ELECTORAL ANTE LAS NOTICIAS FALSAS. (REF. S.2319/23)	7 24/04/2025 -	06/03/2025 -	LEAVY, SERGIO NAPOLEÓN -	DE ASUNTOS CONSTITUCIONALES				
S	132	2025	PL	LEAVY: REPRODUCE PROYECTO DE LEY QUE MODIFICA EL ART. 80 DE SU SIMILAR 24449 Y S/M -TRANSITO- QUE AGRAVA LAS PENAS PARA EL INFRACTOR QUE SE ENCUENTRE ALCOHOLIZADO O BAJO LOS EFECTOS DE ESTUPEFACIENTES O MEDICAMENTOS QUE DISMINUYAN LA APTITUD PARA CONDUCIR. (REF. S.2262/23)	7 24/04/2025 -	06/03/2025 -	LEAVY, SERGIO NAPOLEÓN -	DE INFRAESTRUCTURA, VIVIENDA Y TRANSPORTE				
PE	131	2025	AC	MENSAJE N° 31/25 QUE SOLICITA ACUERDO PARA DESIGNAR DIRECTORES DEL BANCO CENTRAL DE LA REPUBLICA ARGENTINA.	5 02/10/2025 -	29/09/2025 -		DE ACUERDOS				
S	131	2025	PL	LEAVY: REPRODUCE PROYECTO DE LEY QUE INCORPORA EL PUNTO 7.1 DEL ART. 14. INC. A) DE SU SIMILAR 24.449 Y S/M - TRANSITO-, RESPECTO DE INCLUIR UN EXAMEN TEÓRICO PRACTICO SOBRE CONOCIMIENTOS DE PRIMEROS AUXILIOS CON REANIMACIÓN CARDIOPULMONAR (RCP), PREVIO A LA OBTENCIÓN DE UNA LICENCIA DE CONDUCIR. (REF. S. 2178/23)	7 24/04/2025 -	06/03/2025 -	LEAVY, SERGIO NAPOLEÓN -	DE INFRAESTRUCTURA, VIVIENDA Y TRANSPORTE				
S	130	2025	PL	"LEAVY: REPRODUCE PROYECTO DE LEY QUE CREA LA UNIVERSIDAD NACIONAL DEL NORTE ""MARTIN MIGUEL DE GUEMES"". (REF. S. 2177/23)"	7 24/04/2025 -	06/03/2025 -	LEAVY, SERGIO NAPOLEÓN -	DE EDUCACIÓN Y CULTURA	DE PRESUPUESTO Y HACIENDA			
S	129	2025	PL	LEAVY: REPRODUCE PROYECTO DE LEY QUE MODIFICA EL ART. 519 DEL CODIGO CIVIL Y COMERCIAL DE LA NACION, RESPECTO DEL DEBER DE ASISTENCIA, A QUIEN PADECE UNA ENFERMEDAD GRAVE PREEXISTENTE, POSTERIOR AL CESE DE LA CONVIVENCIA. (REF. S. 2070/23)	7 24/04/2025 -	06/03/2025 -	LEAVY, SERGIO NAPOLEÓN -	DE LEGISLACIÓN GENERAL				
S	128	2025	PL	LEAVY: REPRODUCE PROYECTO DE LEY QUE MODIFICA LOS ARTS. 442 Y 525 DEL CODIGO CIVIL Y COMERCIAL DE LA NACION, RESPECTO DE LA AMPLIACION DEL PLAZO Y COMPUTO DE CADUCIDAD EN LA COMPENSACION ECONOMICA, COMO EFECTO DEL DIVORCIO O EL CESE DE LA UNION CIVIL CONVIVENCIAL. (REF. S. 2069/23)	7 24/04/2025 -	06/03/2025 -	LEAVY, SERGIO NAPOLEÓN -	DE LEGISLACIÓN GENERAL				
S	127	2025	PL	LEAVY: REPRODUCE PROYECTO DE LEY QUE MODIFICA EL ART. 8 DE SU SIMILAR 24.449 (TRANSITO), RESPECTO DE QUE EL REGISTRO NACIONAL DE ANTECEDENTES DEL TRANSITO DEBA CONTAR CON UNA BASE DE DATOS CON ESTADISTICA ACCIDENTOLOGICA. (REF. S. 2023/23)	7 24/04/2025 -	06/03/2025 -	LEAVY, SERGIO NAPOLEÓN -	DE INFRAESTRUCTURA, VIVIENDA Y TRANSPORTE				
S	126	2025	PL	LEAVY: REPRODUCE PROYECTO DE LEY DE PRESUPUESTOS MÍNIMOS PARA LA GESTIÓN AMBIENTAL DE SITIOS CONTAMINADOS. (REF. S.1952/23)	7 24/04/2025 -	06/03/2025 -	LEAVY, SERGIO NAPOLEÓN -	DE AMBIENTE Y DESARROLLO SUSTENTABLE	DE LEGISLACIÓN GENERAL	DE JUSTICIA Y ASUNTOS PENALES		
S	125	2025	PL	"LEAVY: REPRODUCE PROYECTO DE LEY QUE INSTITUYE EL ""DÍA NACIONAL DE LA CIENCIA MÉDICA ARGENTINA"", EL 9 DE MAYO DE CADA AÑO. (REF. S. 2336/23)"	7 24/04/2025 -	06/03/2025 -	LEAVY, SERGIO NAPOLEÓN -	DE SALUD	DE EDUCACIÓN Y CULTURA			
S	124	2025	PL	LEAVY: REPRODUCE PROYECTO DE LEY QUE MODIFICA EL ART. 202 DE SU SIMILAR 19.550- GENERAL DE SOCIEDADES COMERCIALES- RESPECTO A LA EMISION DE ACCIONES BAJO LA PAR O VALOR NOMINAL. (REF. S. 2475/23)	7 24/04/2025 -	06/03/2025 -	LEAVY, SERGIO NAPOLEÓN -	DE LEGISLACIÓN GENERAL				
S	123	2025	PL	LEAVY: REPRODUCE PROYECTO DE LEY SOBRE RÉGIMEN DE REGULACIÓN Y PROMOCIÓN PARA LA PRODUCCIÓN Y USO SUSTENTABLES DE BIOPLASTICOS. (REF. S. 1812/23)	7 24/04/2025 -	06/03/2025 -	LEAVY, SERGIO NAPOLEÓN -	DE AMBIENTE Y DESARROLLO SUSTENTABLE	DE PRESUPUESTO Y HACIENDA			
S	122	2025	PL	LEAVY: REPRODUCE PROYECTO DE LEY QUE MODIFICA SU SIMILAR 22.421(PROTECCIÓN Y CONSERVACIÓN DE LA FAUNA SILVESTRE) RESPECTO DE LAS MEDIDAS DE PRESERVACION DE LAS ESPECIES. (REF. S. 1813/23)	7 24/04/2025 -	06/03/2025 -	LEAVY, SERGIO NAPOLEÓN -	DE AMBIENTE Y DESARROLLO SUSTENTABLE	DE JUSTICIA Y ASUNTOS PENALES			
S	121	2025	PL	LEAVY: REPRODUCE PROYECTO DE LEY QUE CREA PROGRAMA PARA LA REDUCCION DE LA INEQUIDAD ENERGETICA EN EL NORTE ARGENTINO. (REF. S. 1778/23)	7 24/04/2025 -	06/03/2025 -	LEAVY, SERGIO NAPOLEÓN -	DE MINERÍA, ENERGÍA Y COMBUSTIBLES	DE PRESUPUESTO Y HACIENDA			
S	120	2025	PL	LEAVY: REPRODUCE PROYECTO DE LEY QUE INSTITUYE EL PROGRAMA DE FOMENTO DE LA BIOECONOMIA. (REF. S.1651/23)	7 24/04/2025 -	06/03/2025 -	LEAVY, SERGIO NAPOLEÓN -	DE AGRICULTURA, GANADERÍA Y PESCA	DE PRESUPUESTO Y HACIENDA			
S	119	2025	PL	LEAVY: REPRODUCE PROYECTO DE LEY DE PROTECCIÓN DE LOS DERECHOS DE LOS ANIMALES. (REF. S. 1587/23)	7 24/04/2025 -	06/03/2025 -	LEAVY, SERGIO NAPOLEÓN -	DE LEGISLACIÓN GENERAL	DE JUSTICIA Y ASUNTOS PENALES			
S	118	2025	PL	LEAVY: REPRODUCE PROYECTO DE LEY SOBRE SEGUROS MULTIRRIESGOS AGROPECUARIOS - FORESTALES. (REF. S. 1322/23)	6 24/04/2025 -	06/03/2025 -	LEAVY, SERGIO NAPOLEÓN -	DE AGRICULTURA, GANADERÍA Y PESCA	DE PRESUPUESTO Y HACIENDA			
S	117	2025	PL	LEAVY: REPRODUCE PROYECTO DE LEY QUE MODIFICA SU SIMILAR 26.020 -RÉGIMEN REGULATORIO DE LA INDUSTRIA Y COMERCIALIZACIÓN DE GAS LICUADO DE PETRÓLEO-, A FIN DE INCORPORAR DENTRO DEL PRECIO REGIONAL DIFERENCIAL PARA CONSUMOS RESIDENCIALES DE GLP, A LOS DPTOS. DE SAN MARTIN, ORAN Y RIVADAVIA, PROV. DE SALTA. (REF. S. 1248/23)	6 24/04/2025 -	06/03/2025 -	LEAVY, SERGIO NAPOLEÓN -	DE MINERÍA, ENERGÍA Y COMBUSTIBLES	DE PRESUPUESTO Y HACIENDA			
S	116	2025	PL	LEAVY: REPRODUCE PROYECTO DE LEY DE RECONVERSION PRODUCTIVA AGRARIA (RPA). (REF. S. 654/23)	6 24/04/2025 -	06/03/2025 -	LEAVY, SERGIO NAPOLEÓN -	DE AGRICULTURA, GANADERÍA Y PESCA	DE PRESUPUESTO Y HACIENDA			
S	115	2025	PL	LEAVY: REPRODUCE PROYECTO DE LEY DE TARIFA ELECTRICA DIFERENCIAL PARA ZONAS CALIDAS. (REF. S-191/23)	6 24/04/2025 -	06/03/2025 -	LEAVY, SERGIO NAPOLEÓN -	DE MINERÍA, ENERGÍA Y COMBUSTIBLES	DE PRESUPUESTO Y HACIENDA			
S	114	2025	PL	"LEAVY: REPRODUCE PROYECTO DE LEY QUE DEROGA SU SIMILAR N° 27.336 - QUE TRANSFIERE A TITULO GRATUITO Y EN FAVOR DE LA MUNICIPALIDAD DE SALTA, PROV. HOMONIMA, EL DOMINIO DEL INMUEBLE PROPIEDAD DEL ESTADO NACIONAL, CORRESPONDIENTE AL EDIFICIO CONOCIDO COMO ""LA PALUDICA"". (REF. S.192/23)"	6 24/04/2025 -	06/03/2025 -	LEAVY, SERGIO NAPOLEÓN -	DE ASUNTOS ADMINISTRATIVOS Y MUNICIPALES				
S	113	2025	PL	LEAVY: REPRODUCE PROYECTO DE LEY QUE DECLARA DE INTERES NACIONAL LA PROMOCION, FOMENTO, DESARROLLO DE LA PRODUCCION, COMERCIALIZACION E INVESTIGACION DEL BAMBU. (REF. S-193/23)	6 24/04/2025 -	06/03/2025 -	LEAVY, SERGIO NAPOLEÓN -	DE AGRICULTURA, GANADERÍA Y PESCA	DE PRESUPUESTO Y HACIENDA			
S	112	2025	PL	LEAVY: REPRODUCE PROYECTO DE LEY QUE MODIFICA EL ART. 11 DE SU SIMILAR 26.206 (EDUCACION NACIONAL) SOBRE FINES Y OBJETIVOS DE LA POLITICA EDUCATIVA NACIONAL, DE LA ENSEÑANZA DEL RECICLADO DE RESIDUOS. (REF. S-194/23)	6 24/04/2025 -	06/03/2025 -	LEAVY, SERGIO NAPOLEÓN -	DE EDUCACIÓN Y CULTURA	DE AMBIENTE Y DESARROLLO SUSTENTABLE			
S	111	2025	PL	LEAVY: REPRODUCE PROYECTO DE LEY SOBRE REGIMEN PREVISIONAL PARA LOS TRABAJADORES DE LA ACTIVIDAD MINERA (REF. S-287/23)	6 24/04/2025 -	06/03/2025 -	LEAVY, SERGIO NAPOLEÓN -	DE TRABAJO Y PREVISIÓN SOCIAL				
PE	110	2025	AC	"MENSAJE N° 23/25 QUE SOLICITA ACUERDO PARA PROMOVER A LA CATEGORIA ""C"" MINISTRO PLENIPOTENCIARIO DE SEGUNDA CLASE A LOS FUNCIONARIOS DE LA CATEGORIA ""D"" CONSEJERO DE EMBAJADA Y CONSUL GENERAL DEL MINISTERIO DE RELACIONES EXTERIORES, COMERCIO INTERNACIONAL Y CULTO."	3 21/08/2025 -	19/08/2025 -		DE ACUERDOS				
S	110	2025	PL	LEAVY: REPRODUCE PROYECTO DE LEY QUE INCORPORA COMO ART. 1091 BIS DEL CÓDIGO CIVIL Y COMERCIAL DE LA NACIÓN, RESPECTO DE LA ADECUACIÓN DE LAS PRESTACIONES. (REF. S. 288/23)	6 24/04/2025 -	06/03/2025 -	LEAVY, SERGIO NAPOLEÓN -	DE LEGISLACIÓN GENERAL				
PE	109	2025	AC	"MENSAJE N° 22/25 QUE SOLICITA ACUERDO PARA PROMOVER A LA CATEGORIA ""C"" MINISTRO PLENIPOTENCIARIO DE SEGUNDA CLASE A LOS FUNCIONARIOS DE LA CATEGORIA ""D"" CONSEJERO DE EMBAJADA Y CONSUL GENERAL DEL MINISTERIO DE RELACIONES EXTERIORES, COMERCIO INTERNACIONAL Y CULTO."	3 21/08/2025 -	19/08/2025 -		DE ACUERDOS				
S	109	2025	PL	LEAVY: REPRODUCE PROYECTO DE LEY QUE MODIFICA EL ART. 77 DE SU SIMILAR 11.683 (PROCEDIMIENTO TRIBUTARIO), RESPECTO DEL DECOMISO DE MERCADERIAS. (REF. S. 289/23)	6 24/04/2025 -	06/03/2025 -	LEAVY, SERGIO NAPOLEÓN -	DE PRESUPUESTO Y HACIENDA				
PE	108	2025	AC	"MENSAJE N° 21/25 QUE SOLICITA ACUERDO PARA PROMOVER A LA CATEGORIA ""B"" MINISTRO PLENIPOTENCIARIO DE PRIMERA CLASE A LOS FUNCIONARIOS DE LA CATEGORIA ""C"" MINISTRO PLENIPOTENCIARIO DE SEGUNDA CLASE DEL MINISTERIO DE RELACIONES EXTERIORES, COMERCIO INTERNACIONAL Y CULTO."	3 21/08/2025 -	19/08/2025 -		DE ACUERDOS				
S	108	2025	PL	LEAVY: PROYECTO DE LEY QUE INCORPORA EL INCISO H) DEL ART. 92 DE SU SIMILAR 26.206- EDUCACIÓN NACIONAL-, RESPECTO DE LA OBLIGATORIEDAD DE LA EDUCACIÓN VIAL EN LOS DISTINTOS NIVELES EDUCATIVOS.	6 24/04/2025 -	06/03/2025 -	LEAVY, SERGIO NAPOLEÓN -	DE EDUCACIÓN Y CULTURA	DE EDUCACIÓN Y CULTURA			
PE	107	2025	AC	"MENSAJE N° 20/25 QUE SOLICITA ACUERDO PARA PROMOVER A LA CATEGORIA ""B"" MINISTRO PLENIPOTENCIARIO DE PRIMERA CLASE A LOS FUNCIONARIOS DE LA CATEGORIA ""C"" MINISTRO PLENIPOTENCIARIO DE SEGUNDA CLASE DEL MINISTERIO DE RELACIONES EXTERIORES, COMERCIO INTERNACIONAL Y CULTO."	3 21/08/2025 -	19/08/2025 -		DE ACUERDOS				
S	107	2025	PL	LEAVY: PROYECTO DE LEY QUE DECLARA MONUMENTO NATURAL EN LOS TERMINOS DEL ART. 8 DE LA LEY 22.351 - PARQUES NACIONALES-, A LA CHINCHILLA DE COLA CORTA O CHINCHILLA DEL ALTIPLANO.	6 24/04/2025 -	06/03/2025 -	LEAVY, SERGIO NAPOLEÓN -	DE AMBIENTE Y DESARROLLO SUSTENTABLE				
PE	106	2025	AC	"MENSAJE N° 19/25 QUE SOLICITA ACUERDO PARA PROMOVER A LA CATEGORIA ""A"" EMBAJADOR EXTRAORDINARIO Y PLENIPOTENCIARIO A LOS FUNCIONARIOS DE LA CATEGORIA ""B"" MINISTRO PLENIPOTENCIARIO DE PRIMERA CLASE DEL MINISTERIO DE RELACIONES EXTERIORES, COMERCIO INTERNACIONAL Y CULTO."	3 21/08/2025 -	19/08/2025 -		DE ACUERDOS				
PE	105	2025	AC	"MENSAJE N° 18/25 QUE SOLICITA ACUERDO PARA PROMOVER A LA CATEGORIA ""A"" EMBAJADOR EXTRAORDINARIO Y PLENIPOTENCIARIO A LOS FUNCIONARIOS DE LA CATEGORIA ""B"" MINISTRO PLENIPOTENCIARIO DE PRIMERA CLASE DEL MINISTERIO DE RELACIONES EXTERIORES, COMERCIO INTERNACIONAL Y CULTO."	3 21/08/2025 -	19/08/2025 -		DE ACUERDOS				
OV	99	2025	CV	SOHER EL SUKARIA: EN SU CARÁCTER DE DEFENSORA DEL PUBLICO DE SERVICIOS DE COMUNICACIÓN AUDIOVISUAL INTERINA: COMUNICA QUE HABIENDOSE CUMPLIDO LOS OBJETIVOS ESTABLECIDOS EN LA RESOLUCION Nº 55/24, SE DARAN POR CONCLUIDAS LAS FUNCIONES Y RESPONSABILIDADES ASIGNADAS EN EL MARCO DE LA MENCIONADA RESOLUCION, EL 31 DE MAYO DE 2025.	21/08/2025 -	29/05/2025 -		BICAMERAL PERMANENTE DE PROMOCIÓN Y SEGUIMIENTO DE LA COMUNICACIÓN AUDIOVISUAL, LAS TECNOLOGÍAS DE LAS TELECOMUNICACIONES Y LA DIGITALIZACIÓN (LEY 26.522,Y SUS MODIFICATORIAS  27.078 Y DNU 267/15)				
S	94	2025	PL	LEDESMA ABDALA: PROYECTO DE LEY QUE TRANSFIERE A TITULO GRATUITO A FAVOR DE LA UNIVERSIDAD NACIONAL DE SANTIAGO DEL ESTERO UN INMUEBLE PROPIEDAD DEL ESTADO NACIONAL UBICADO EN LA AV. BELGRANO (S) N° 2180 DE LA CIUDAD CAPITAL DE LA PROVINCIA DE SANTIAGO DEL ESTERO.	5 24/04/2025 -	06/03/2025 -	LEDESMA ABDALA DE ZAMORA, CLAUDIA -	DE ASUNTOS ADMINISTRATIVOS Y MUNICIPALES				
OV	91	2025	CA	AUDITORIA GENERAL DE LA NACION: COMUNICA DISPOSICION Nº 110/25, MEDIANTE LA CUAL SE RESUELVE IMPUTAR AL FONDO ESPECIAL DE RESERVA DE LA AGN (DISPOSICION Nº 356/24) Y EFECTUAR DE LOS FONDOS ALLI RESERVADOS, EL PAGO DE $ 4.467.078 POR LA ADQUISICION DE MOBILIARIO QUE FUERAN ADJUDICADOS A LA FIRMA PRODMOBI S.A. A TRAVES DE LA LICITACION PRIVADA Nº 14/2024.	21/08/2025 -	23/05/2025 -		BICAMERAL PERMANENTE PARLAMENTARIA MIXTA REVISORA DE CUENTAS				
S	91	2025	PR	BLANCO: PROYECTO DE RESOLUCION QUE CREA EN EL AMBITO DEL H. SENADO DE LA NACION, UNA COMISION ESPECIAL INVESTIGADORA SOBRE LA PROMOCION DE CRIPTO/TOKEN/MEMECOIN $LIBRA.	5 24/04/2025 -	06/03/2025 -	BLANCO, PABLO DANIEL -	DE ASUNTOS CONSTITUCIONALES	DE PRESUPUESTO Y HACIENDA			
S	90	2025	PR	PARRILLI Y OTROS: PROYECTO DE RESOLUCION QUE CITA AL MINISTRO DE ECONOMIA DE LA NACION, LUIS CAPUTO Y AL DIRECTOR EJECUTIVO DE LA AGENCIA NACIONAL DE PUERTOS Y NAVEGACION, IÑAKI ARRESEYGOR, DE CONFORMIDAD AL ART. 71 DE LA C.N. Y EL ART. 214 DEL REGLAMENTO DE LA H. CAMARA.	5 24/04/2025 -	06/03/2025 -	PARRILLI, OSCAR ISIDRO - RECALDE, MARIANO - REJAL, JESÚS FERNANDO - CORA, STEFANIA - LEWANDOWSKI, MARCELO NÉSTOR - MONTENEGRO, GERARDO ANTENOR - GIMÉNEZ, NORA DEL VALLE - RODAS, ANTONIO JOSÉ - PILATTI VERGARA, MARÍA INÉS - DURÉ, MARÍA EUGENIA - LINARES, CARLOS ALBERTO - LEAVY, SERGIO NAPOLEÓN - SALINO, FERNANDO ALDO - GARCÍA LARRABURU, SILVINA MARCELA - LÓPEZ, CÁNDIDA CRISTINA - LÓPEZ, MARÍA FLORENCIA - KIRCHNER, ALICIA MARGARITA ANTONIA - GONZÁLEZ, MARÍA TERESA MARGARITA -	DE ASUNTOS CONSTITUCIONALES	DE PRESUPUESTO Y HACIENDA			
S	89	2025	PL	GARCIA LARRABURU: PROYECTO DE LEY QUE PROHIBE LA VENTA Y EXPENDIO DE BEBIDAS ENERGIZANTES A MENORES DE 18 AÑOS.	5 24/04/2025 -	06/03/2025 -	GARCÍA LARRABURU, SILVINA MARCELA -	DE INDUSTRIA Y COMERCIO	DE SALUD	DE JUSTICIA Y ASUNTOS PENALES		
S	88	2025	PL	GARCIA LARRABURU: PROYECTO DE LEY QUE MODIFICA SU SIMILAR 27.118 - AGRICULTURA FAMILIAR-, RESPECTO DE LA SUSPENSION DE LA EJECUCION DE SENTENCIA Y OTROS ACTOS PROCESALES, SOBRE EL DESALOJO DE AGRICULTORES FAMILIARES, Y OTRAS CUESTIONES CONEXAS.	5 24/04/2025 -	06/03/2025 -	GARCÍA LARRABURU, SILVINA MARCELA -	DE AGRICULTURA, GANADERÍA Y PESCA	DE JUSTICIA Y ASUNTOS PENALES	DE PRESUPUESTO Y HACIENDA		
S	87	2025	PL	GARCIA LARRABURU: PROYECTO DE LEY PARA LA AMPLIACION DE FERIADOS NACIONALES Y DIAS CON FINES TURISTICOS EN EL MARCO DE LA LEY N° 27.399.	5 24/04/2025 -	06/03/2025 -	GARCÍA LARRABURU, SILVINA MARCELA -	DE LEGISLACIÓN GENERAL	DE TURISMO			
S	86	2025	PL	GARCIA LARRABURU Y PILATTI VERGARA: PROYECTO DE LEY SOBRE PROHIBICION DE UTILIZAR EL SINDROME DE ALIENACION PARENTAL Y OTROS DIAGNOSTICOS MENTALES O PSIQUIATRICOS NO NOMENCLADOS.	5 24/04/2025 -	06/03/2025 -	GARCÍA LARRABURU, SILVINA MARCELA - PILATTI VERGARA, MARÍA INÉS -	DE LEGISLACIÓN GENERAL	DE JUSTICIA Y ASUNTOS PENALES			
S	80	2025	PR	GALARETTO: PROYECTO DE RESOLUCION QUE ADHIERE A LA CONMEMORACION DEL DIA MUNDIAL DE CONCIENTIZACION SOBRE EL ABUSO DE LOS ANCIANOS, EL 15 DE JUNIO DE CADA AÑO.	4 24/04/2025 -	06/03/2025 -	GALARETTO, EDUARDO HORACIO -	DE POBLACIÓN Y DESARROLLO  HUMANO				
S	77	2025	PR	GALARETTO: PROYECTO DE RESOLUCION QUE ADHIERE A LA CELEBRACION DE LA SEMANA DE VACUNACION DE LAS AMERICAS, DEL 26 DE ABRIL AL 3 DE MAYO DE 2025.	4 24/04/2025 -	06/03/2025 -	GALARETTO, EDUARDO HORACIO -	DE SALUD				
S	76	2025	PL	GALARETTO:  PROYECTO DE LEY SOBRE PROTECCION AL CONSUMIDOR EN LA ELECCION DE PRODUCTOS DE ORIGEN CARNICO.	4 24/04/2025 -	06/03/2025 -	GALARETTO, EDUARDO HORACIO -	DE DERECHOS Y GARANTÍAS	DE INDUSTRIA Y COMERCIO			
S	74	2025	PL	ROMERO: REPRODUCE EL PROYECTO DE LEY QUE MODIFICA SU SIMILAR 24.660 - EJECUCION DE LA PENA PRIVATIVA DE LA LIBERTAD - RESPECTO AL REGIMEN ESPECIAL DE DETENCION. (REF. S. 474/23)	4 24/04/2025 -	05/03/2025 -	ROMERO, JUAN CARLOS -	DE JUSTICIA Y ASUNTOS PENALES	DE ASUNTOS CONSTITUCIONALES			
S	73	2025	PL	ROMERO: REPRODUCE EL PROYECTO DE LEY QUE SUSTITUYE EL ART. 2 DE SU SIMILAR 26.835 - PROMOCION Y CAPACITACION EN RCP-, RESPECTO DE LA CAPACITACION OBLIGATORIA Y CONTINUA A LOS ESTUDIANTES DEL NIVEL MEDIO Y NIVEL SUPERIOR, PERSONAL DE ESTABLECIMIENTOS EDUCATIVOS Y DE LOS TRES PODERES DEL ESTADO, EN LA ATENCION PRIMARIA BASICA DEL PARO CARDIORESPIRATORIO. (REF. S. 763/23)	4 24/04/2025 -	05/03/2025 -	ROMERO, JUAN CARLOS -	DE EDUCACIÓN Y CULTURA	DE SALUD			
S	71	2025	PL	ROMERO: REPRODUCE EL PROYECTO DE LEY QUE DISPONE CONTROLAR EL DESARROLLO, IMPLEMENTACION Y UTILIZACION DE SISTEMAS BASADOS EN INTELIGENCIA ARTIFICIAL, DENTRO DEL TERRITORIO ARGENTINO. (REF. S. 1747/23)	4 24/04/2025 -	05/03/2025 -	ROMERO, JUAN CARLOS -	DE LEGISLACIÓN GENERAL	DE CIENCIA Y TECNOLOGÍA			
S	70	2025	PL	ROMERO: REPRODUCE EL PROYECTO DE LEY QUE MODIFICA EL ART. 128 DEL CODIGO PENAL, RESPECTO DE SANCIONAR DELITOS CONTRA LA INTEGRIDAD SEXUAL A TRAVES DEL USO DE INTELIGENCIA ARTIFICIAL (IA) O CUALQUIER MECANISMO TECNOLOGICO. (REF. S. 2469/23)	4 24/04/2025 -	05/03/2025 -	ROMERO, JUAN CARLOS -	DE JUSTICIA Y ASUNTOS PENALES				
S	69	2025	PL	ROMERO: REPRODUCE EL PROYECTO DE LEY QUE MODIFICA SU SIMILAR 24.946 - ORGANICA DEL MINISTERIO PUBLICO - RESPECTO DE LA RENOVACION DE LOS NOMBRAMIENTOS DE FUNCIONARIOS DEL MINISTERIO PUBLICO FISCAL Y DEL MINISTERIO DE DEFENSA. (REF. S. 2470/23)	4 24/04/2025 -	05/03/2025 -	ROMERO, JUAN CARLOS -	DE ASUNTOS CONSTITUCIONALES	DE JUSTICIA Y ASUNTOS PENALES			
S	68	2025	PL	ROMERO:  REPRODUCE EL PROYECTO DE LEY QUE DEROGA EL ART. 115 DE SU SIMILAR 27.701 - PRESUPUESTO GENERAL DE LA ADMINISTRACION NACIONAL PARA EL EJERCICIO 2023 - RESPECTO DE DEROGAR LA TASA DE SEGURIDAD DE LA AVIACION. - (REF. S. 2524/23)	4 24/04/2025 -	05/03/2025 -	ROMERO, JUAN CARLOS -	DE PRESUPUESTO Y HACIENDA				
S	67	2025	PL	ROMERO: PROYECTO DE LEY QUE MODIFICA EL INC. A) DEL ART. 2 DE SU SIMILAR 26.529 - DERECHOS DEL PACIENTE, HISTORIA CLINICA Y CONSENTIMIENTO INFORMADO - INCORPORANDO EL CARÁCTER DE PRIORITARIO A LA ASISTENCIA A PERSONAS DE LA TERCERA EDAD.	4 24/04/2025 -	05/03/2025 -	ROMERO, JUAN CARLOS -	DE SALUD	DE POBLACIÓN Y DESARROLLO  HUMANO			
S	66	2025	PL	GARCIA LARRABURU: PROYECTO DE LEY QUE MODIFICA SU SIMILAR 26.020 -REGIMEN REGULATORIO DE LA INDUSTRIA Y COMERCIALIZACION DEL GAS LICUADO DE PETROLEO (GLP)- RESPECTO DE ESTABLECER LA CONSTRUCCION DE UNA PLANTA DE PRODUCCION DE ENVASES Y CILINDROS DE GLP EN LA ZONA DE INGENIERO JACOBACCI, PROV. DE RIO NEGRO.	4 24/04/2025 -	05/03/2025 -	GARCÍA LARRABURU, SILVINA MARCELA -	DE MINERÍA, ENERGÍA Y COMBUSTIBLES	DE PRESUPUESTO Y HACIENDA			
S	65	2025	PL	GARCIA LARRABURU: PROYECTO DE LEY QUE MODIFICA SU SIMILAR 22.421 - PROTECCION Y CONSERVACION DE LA FAUNA SILVESTRE - RESPECTO DE ACTUALIZAR LAS PENAS Y MONTOS PARA LAS INFRACCIONES.	4 24/04/2025 -	05/03/2025 -	GARCÍA LARRABURU, SILVINA MARCELA -	DE AMBIENTE Y DESARROLLO SUSTENTABLE	DE JUSTICIA Y ASUNTOS PENALES			
S	64	2025	PL	GARCIA LARRABURU: PROYECTO DE LEY QUE CREA UN REGIMEN PREVISIONAL ESPECIAL PARA LOS TRABAJADORES DE LA EX EMPRESA INDUSTRIAS PATAGÓNICA (INDUPA) S.A.I.C. DE LA UNIDAD PRODUCTIVA DE CINCO SALTOS, PROV. DE RIO NEGRO.	4 24/04/2025 -	05/03/2025 -	GARCÍA LARRABURU, SILVINA MARCELA -	DE TRABAJO Y PREVISIÓN SOCIAL	DE PRESUPUESTO Y HACIENDA			
S	63	2025	PL	GARCIA LARRABURU: PROYECTO DE LEY QUE DECLARA ACTIVIDAD ESENCIAL EL DESARROLLO DE LA CIENCIA Y TECNOLOGÍA EN TODO EL TERRITORIO NACIONAL, ACORDE A LA LEY 25.467	4 24/04/2025 -	05/03/2025 -	GARCÍA LARRABURU, SILVINA MARCELA -	DE CIENCIA Y TECNOLOGÍA	DE PRESUPUESTO Y HACIENDA			
S	62	2025	PL	GARCIA LARRABURU: PROYECTO DE LEY QUE ESTABLECE LAS BASES PARA EL DESARROLLO DEL TURISMO RURAL COMUNITARIO.	4 24/04/2025 -	05/03/2025 -	GARCÍA LARRABURU, SILVINA MARCELA -	DE TURISMO	DE PRESUPUESTO Y HACIENDA			
S	61	2025	PL	GARCIA LARRABURU: PROYECTO DE LEY QUE MODIFICA SU SIMILAR 24.449 - TRANSITO- SOBRE DISTANCIA DE SOBREPASO Y MODO DE ADELANTAMIENTO AL CICLISTA Y OTRAS CUESTIONES CONEXAS.	3 24/04/2025 -	05/03/2025 -	GARCÍA LARRABURU, SILVINA MARCELA -	DE INFRAESTRUCTURA, VIVIENDA Y TRANSPORTE				
S	60	2025	PL	GARCIA LARRABURU: PROYECTO DE LEY QUE ESTABLECE LA OBLIGATORIEDAD DE CAPACITACION EN TODOS LOS ESTABLECIMIENTOS EDUCATIVOS SECUNDARIOS PUBLICOS Y PRIVADOS, DE LA REALIZACION DE LAS MANIOBRAS HEIMLICH Y OTRAS AFINES.	3 24/04/2025 -	05/03/2025 -	GARCÍA LARRABURU, SILVINA MARCELA -	DE EDUCACIÓN Y CULTURA	DE SALUD			
OV	59	2025	CA	AUDITORIA GENERAL DE LA NACION: COMUNICA RESOLUCION N° 57/25 MEDIANTE LA CUAL SE DA POR CUMPLIDA LA INTERVENCION CORRESPONDIENTE A LA CUENTA DE INVERSION DEL EJERCICIO FISCAL 2020, RESPECTO DEL INFORME DEL AUDITOR SOBRE LA EJECUCION PRESUPUESTARIA, EN EL AMBITO DEL MIN. DE ECONOMIA (EX MIN. DE HAC. DE LA NACION) Y EN LOS RESPECTIVOS ORGANISMOS.	24/04/2025 -	03/04/2025 -		BICAMERAL PERMANENTE PARLAMENTARIA MIXTA REVISORA DE CUENTAS				
S	59	2025	PL	GARCIA LARRABURU: PROYECTO DE LEY QUE ESTABLECE UN MARCO REGULATORIO DE MEDIOS DE TRANSPORTE DE PERSONAS POR CABLE.	3 24/04/2025 -	05/03/2025 -	GARCÍA LARRABURU, SILVINA MARCELA -	DE INFRAESTRUCTURA, VIVIENDA Y TRANSPORTE	DE PRESUPUESTO Y HACIENDA			
OV	58	2025	CA	AUDITORIA GENERAL DE LA NACION: COMUNICA RESOLUCION N° 56/25 MEDIANTE LA CUAL SE DA POR CUMPLIDA LA INTERVENCION CORRESPONDIENTE A LA CUENTA DE INVERSION DEL EJERCICIO FISCAL 2020, RESPECTO DEL INFORME DEL AUDITOR SOBRE LOS ESTADOS CONTABLES DEL SECTOR PUBLICO NACIONAL, PARA EL EJERCICIO 2020.	24/04/2025 -	03/04/2025 -		BICAMERAL PERMANENTE PARLAMENTARIA MIXTA REVISORA DE CUENTAS				
S	58	2025	PL	GARCIA LARRABURU: PROYECTO DE LEY QUE ESTABLECE EL CAMBIO DE COEFICIENTE DE AJUSTE (CER) POR EL COEFICIENTE DE VARIACION SALARIAL (CVS) PARA LOS DEUDORES HIPOTECARIOS CON CREDITOS OTORGADOS EN UNIDADES DE VALOR ADQUISITIVO (UVA)	3 24/04/2025 -	05/03/2025 -	GARCÍA LARRABURU, SILVINA MARCELA -	DE ECONOMÍA NACIONAL E INVERSIÓN	DE PRESUPUESTO Y HACIENDA			
OV	57	2025	CA	AUDITORIA GENERAL DE LA NACION: COMUNICA RESOLUCION N° 55/25 MEDIANTE LA CUAL SE DA POR CUMPLIDA LA INTERVENCION CORRESPONDIENTE A LA CUENTA DE INVERSION DEL EJERCICIO FISCAL 2020, RESPECTO DEL INFORME A LA ADMINISTRACION FEDERAL DE INGRESOS PUBLICOS (AFIP).	24/04/2025 -	03/04/2025 -		BICAMERAL PERMANENTE PARLAMENTARIA MIXTA REVISORA DE CUENTAS				
S	57	2025	PL	GARCIA LARRABURU: PROYECTO DE LEY DE DETERMINACION DEL PLAZO PRESCRIPTIVO Y EXENCION DE TASA PARA VICTIMAS DE RESPONSABILIDAD EXTRACONTRACTUAL DEL ESTADO.	3 24/04/2025 -	05/03/2025 -	GARCÍA LARRABURU, SILVINA MARCELA -	DE ASUNTOS CONSTITUCIONALES	DE JUSTICIA Y ASUNTOS PENALES	DE LEGISLACIÓN GENERAL		
OV	56	2025	CA	"AUDITORIA GENERAL DE LA NACION: COMUNICA RESOLUCION N° 54/25 MEDIANTE LA CUAL SE DA POR CUMPLIDA LA INTERVENCION CORRESPONDIENTE A LA CUENTA DE INVERSION DEL EJERCICIO FISCAL 2020, RESPECTO DEL INFORME DE AUDITORIA FINANCIERA Y DE CUMPLIMIENTO GUBERNAMENTAL, CUYO OBJETO ES ""CUENTA DE INVERSION - CAPITULO DEUDA PUBLICA - EJERCICIO 2020"", EN EL AMBITO DEL MIN. DE ECONOMIA."	24/04/2025 -	03/04/2025 -		BICAMERAL PERMANENTE PARLAMENTARIA MIXTA REVISORA DE CUENTAS				
S	56	2025	PL	GARCIA LARRABURU: PROYECTO DE LEY DE PRESUPUESTOS MINIMOS PARA LA BIODIVERSIDAD EN AMBIENTES CULTIVADOS.	3 24/04/2025 -	05/03/2025 -	GARCÍA LARRABURU, SILVINA MARCELA -	DE AMBIENTE Y DESARROLLO SUSTENTABLE	DE AGRICULTURA, GANADERÍA Y PESCA	DE JUSTICIA Y ASUNTOS PENALES		
OV	55	2025	CA	AUDITORIA GENERAL DE LA NACION: COMUNICA RESOLUCION N° 53/25 MEDIANTE LA CUAL SE DA POR CUMPLIDA LA INTERVENCION CORRESPONDIENTE A LA CUENTA DE INVERSION DEL EJERCICIO FISCAL 2020, RESPECTO DEL INFORME REFERIDO A LA ADMINISTRACION NAC. DE LA SEGURIDAD SOCIAL.	24/04/2025 -	03/04/2025 -		BICAMERAL PERMANENTE PARLAMENTARIA MIXTA REVISORA DE CUENTAS				
S	55	2025	PL	GARCIA LARRABURU: PROYECTO DE LEY SOBRE RÉGIMEN DE PROMOCIÓN DE LA PROSPECCIÓN, PRODUCCIÓN, PROCESAMIENTO, ELABORACIÓN, DISTRIBUCIÓN Y COMERCIALIZACIÓN DEL ALGA UNDARIA PINNATÍFIDA.	3 24/04/2025 -	05/03/2025 -	GARCÍA LARRABURU, SILVINA MARCELA -	DE AGRICULTURA, GANADERÍA Y PESCA	DE PRESUPUESTO Y HACIENDA			
OV	54	2025	CA	AUDITORIA GENERAL DE LA NACION: COMUNICA RESOLUCION N° 52/25 MEDIANTE LA CUAL SE DA POR CUMPLIDA LA INTERVENCION CORRESPONDIENTE A LA CUENTA DE INVERSION DEL EJERCICIO FISCAL 2020, RESPECTO DEL INFORME REFERIDO AL REGISTRO Y EXPOSICION DE RECURSOS, EN EL AMBITO DEL MIN. DE ECONOMIA (EX MIN. DE HAC. DE LA NACION).	24/04/2025 -	03/04/2025 -		BICAMERAL PERMANENTE PARLAMENTARIA MIXTA REVISORA DE CUENTAS				
S	54	2025	PL	GARCIA LARRABURU: PROYECTO DE LEY QUE INCORPORA A LA FIBROMIALGIA DENTRO DE LAS PRESTACIONES COMPRENDIDAS EN EL PROGRAMA MEDICO OBLIGATORIO (PMO).	3 24/04/2025 -	05/03/2025 -	GARCÍA LARRABURU, SILVINA MARCELA -	DE SALUD	DE TRABAJO Y PREVISIÓN SOCIAL			
OV	53	2025	CA	AUDITORIA GENERAL DE LA NACION: COMUNICA RESOLUCION N° 51/25 MEDIANTE LA CUAL SE DA POR CUMPLIDA LA INTERVENCION CORRESPONDIENTE A LA CUENTA DE INVERSION DEL EJERCICIO FISCAL 2020, RESPECTO DEL INFORME REFERIDO A LOS ESTADOS PRESUPUESTARIOS Y CONTABLES, EN EL AMBITO DEL MIN. DE ECONOMIA (EX MIN. DE HAC. DE LA NACION).	24/04/2025 -	03/04/2025 -		BICAMERAL PERMANENTE PARLAMENTARIA MIXTA REVISORA DE CUENTAS				
S	53	2025	PL	GARCIA LARRABURU: PROYECTO DE LEY QUE CREA EL REGISTRO NACIONAL DE DEUDORES ALIMENTARIOS MOROSOS (RENDAM).	3 24/04/2025 -	05/03/2025 -	GARCÍA LARRABURU, SILVINA MARCELA -	DE LEGISLACIÓN GENERAL	DE POBLACIÓN Y DESARROLLO  HUMANO			
OV	52	2025	CA	AUDITORIA GENERAL DE LA NACION: COMUNICA RESOLUCION N° 50/25 MEDIANTE LA CUAL SE DA POR CUMPLIDA LA INTERVENCION CORRESPONDIENTE A LA CUENTA DE INVERSION DEL EJERCICIO FISCAL 2020, RESPECTO DEL INFORME REFERIDO A LOS ESTADOS CONTABLES DE LA ADMINISTRACION CENTRAL.	24/04/2025 -	03/04/2025 -		BICAMERAL PERMANENTE PARLAMENTARIA MIXTA REVISORA DE CUENTAS				
S	52	2025	PL	GARCIA LARRABURU: PROYECTO DE LEY QUE INCORPORA A LA DERMATITIS ATÓPICA DENTRO DE LAS PRESTACIONES COMPRENDIDAS EN EL PROGRAMA MÉDICO OBLIGATORIO (PMO).	3 24/04/2025 -	05/03/2025 -	GARCÍA LARRABURU, SILVINA MARCELA -	DE SALUD	DE TRABAJO Y PREVISIÓN SOCIAL			
OV	51	2025	CA	AUDITORIA GENERAL DE LA NACION: COMUNICA RESOLUCION N° 49/25 MEDIANTE LA CUAL SE DA POR CUMPLIDA LA INTERVENCION CORRESPONDIENTE A LA CUENTA DE INVERSION DEL EJERCICIO FISCAL 2020, RESPECTO DEL INFORME REFERIDO AL ANALISIS DE LA GESTION CONSOLIDADA DEL SECTOR PUBLICO NACIONAL, EN EL AMBITO DEL MIN. DE ECONOMIA (EX MIN. DE HACIENDA DE LA NACION).	24/04/2025 -	03/04/2025 -		BICAMERAL PERMANENTE PARLAMENTARIA MIXTA REVISORA DE CUENTAS				
S	51	2025	PL	GARCIA LARRABURU: PROYECTO DE LEY QUE INSTITUYE EL DÍA NACIONAL DE LA DERMATITIS ATÓPICA, EL 14 DE SEPTIEMBRE DE CADA AÑO.	3 24/04/2025 -	05/03/2025 -	GARCÍA LARRABURU, SILVINA MARCELA -	DE SALUD	DE EDUCACIÓN Y CULTURA			
OV	50	2025	CA	AUDITORIA GENERAL DE LA NACION: COMUNICA RESOLUCION N° 48/25 MEDIANTE LA CUAL SE DA POR CUMPLIDA LA INTERVENCION CORRESPONDIENTE A LA CUENTA DE INVERSION DEL EJERCICIO FISCAL 2020, RESPECTO DEL INFORME REFERIDO A PROYECTOS DE INVERSION, EN EL AMBITO DEL MIN. DE ECONOMIA (EX MIN. DE HACIENDA DE LA NACION).	24/04/2025 -	03/04/2025 -		BICAMERAL PERMANENTE PARLAMENTARIA MIXTA REVISORA DE CUENTAS				
S	50	2025	PL	GARCIA LARRABURU: PROYECTO DE LEY QUE CREA EL PROGRAMA DE DESARROLLO Y PROMOCIÓN DE LA VITIVINICULTURA PATAGÓNICA.	3 24/04/2025 -	05/03/2025 -	GARCÍA LARRABURU, SILVINA MARCELA -	DE AGRICULTURA, GANADERÍA Y PESCA	DE PRESUPUESTO Y HACIENDA			
OV	49	2025	CA	AUDITORIA GENERAL DE LA NACION: COMUNICA RESOLUCION N° 47/25 MEDIANTE LA CUAL SE DA POR CUMPLIDA LA INTERVENCION CORRESPONDIENTE A LA CUENTA DE INVERSION DEL EJERCICIO FISCAL 2020, RESPECTO DEL INFORME REFERIDO AL RELEVAMIENTO Y ANALISIS DE LAS NORMAS PRESUPUESTARIAS, EN EL AMBITO DEL MIN. DE ECONOMIA (EX MIN. DE HACIENDA DE LA NACION).	24/04/2025 -	03/04/2025 -		BICAMERAL PERMANENTE PARLAMENTARIA MIXTA REVISORA DE CUENTAS				
S	49	2025	PL	"GARCIA LARRABURU: PROYECTO DE LEY QUE CREA LA ""EMPRESA NACIONAL DE BIOTECNOLOGIA, CIENCIA Y TECNOLOGIA APLICADA A LA SALUD ARGENTINA -BIO-SALUD AR""."	3 24/04/2025 -	05/03/2025 -	GARCÍA LARRABURU, SILVINA MARCELA -	DE LEGISLACIÓN GENERAL	DE CIENCIA Y TECNOLOGÍA	DE PRESUPUESTO Y HACIENDA		
OV	48	2025	CA	AUDITORIA GENERAL DE LA NACION: COMUNICA RESOLUCION N° 46/25 MEDIANTE LA CUAL SE DA POR CUMPLIDA LA INTERVENCION CORRESPONDIENTE A LA CUENTA DE INVERSION DEL EJERCICIO FISCAL 2020, RESPECTO DEL INFORME REFERIDO AL RELEVAMIENTO DE LA RESOLUCION DE CIERRE DE CUENTAS, EN EL AMBITO DEL MIN. DE ECONOMIA (EX MIN. DE HACIENDA DE LA NACION).	24/04/2025 -	03/04/2025 -		BICAMERAL PERMANENTE PARLAMENTARIA MIXTA REVISORA DE CUENTAS				
S	48	2025	PL	GARCIA LARRABURU: PROYECTO DE LEY QUE INCORPORA EL ART. 10 BIS A LA LEY 23.996, TITULO III, T.O EN 1998 Y S/M - IMPUESTOS SOBRE LOS COMBUSTIBLES LIQUIDOS Y GAS NATURAL-, EXIMIENDO DEL IMPUESTO AL GAS NATURAL COMPRIMIDO (GNC) A DISTINTAS PROVINCIAS Y LOCALIDADES DEL AREA DE INFLUENCIA.	3 24/04/2025 -	05/03/2025 -	GARCÍA LARRABURU, SILVINA MARCELA -	DE PRESUPUESTO Y HACIENDA				
OV	47	2025	CA	AUDITORIA GENERAL DE LA NACION: COMUNICA RESOLUCION N° 45/25 MEDIANTE LA CUAL SE DA POR CUMPLIDA LA INTERVENCION CORRESPONDIENTE A LA CUENTA DE INVERSION DEL EJERCICIO FISCAL 2020, RESPECTO DEL INFORME REFERIDO A OBLIGACIONES A CARGO DEL TESORO - SAF 356, EN EL AMBITO DEL MIN. DE ECONOMIA (EX MIN. DE HACIENDA DE LA NACION).	24/04/2025 -	03/04/2025 -		BICAMERAL PERMANENTE PARLAMENTARIA MIXTA REVISORA DE CUENTAS				
S	47	2025	PL	GARCIA LARRABURU: PROYECTO DE LEY QUE CREA EL PROGRAMA DE EDUCACION EN EL USO DE REDES SOCIALES PARA NIÑOS Y ADOLESCENTES.	3 24/04/2025 -	05/03/2025 -	GARCÍA LARRABURU, SILVINA MARCELA -	DE EDUCACIÓN Y CULTURA	DE SISTEMAS, MEDIOS DE COMUNICACIÓN Y LIBERTAD DE EXPRESIÓN	DE PRESUPUESTO Y HACIENDA		
OV	46	2025	CA	AUDITORIA GENERAL DE LA NACION: COMUNICA RESOLUCION N° 44/25 MEDIANTE LA CUAL SE DA POR CUMPLIDA LA INTERVENCION CORRESPONDIENTE A LA CUENTA DE INVERSION DEL EJERCICIO FISCAL 2020, RESPECTO DEL INFORME MACROECONOMICO EN EL AMBITO DEL MIN. DE ECONOMIA (EX MIN. DE HACIENDA DE LA NACION).	24/04/2025 -	03/04/2025 -		BICAMERAL PERMANENTE PARLAMENTARIA MIXTA REVISORA DE CUENTAS				
S	46	2025	PL	GARCIA LARRABURU: PROYECTO DE LEY QUE CREA LA FIGURA DEL DEFENSOR DE LAS PERSONAS MAYORES.	3 24/04/2025 -	05/03/2025 -	GARCÍA LARRABURU, SILVINA MARCELA -	DE ASUNTOS CONSTITUCIONALES	DE PRESUPUESTO Y HACIENDA			
OV	45	2025	CA	AUDITORIA GENERAL DE LA NACION: COMUNICA RESOLUCION N° 43/25 MEDIANTE LA CUAL SE DA POR CUMPLIDA LA INTERVENCION CORRESPONDIENTE A LA CUENTA DE INVERSION DEL EJERCICIO FISCAL 2020, RESPECTO DEL INFORME REFERIDO AL CUMPLIMIENTO DE OBJETIVOS Y METAS, EN EL AMBITO DEL MIN. DE ECONOMIA (EX MIN. DE HACIENDA DE LA NACION).	24/04/2025 -	03/04/2025 -		BICAMERAL PERMANENTE PARLAMENTARIA MIXTA REVISORA DE CUENTAS				
S	45	2025	PL	GARCIA LARRABURU: PROYECTO DE LEY DE INDEMNIZACIÓN A EX AGENTES DE LA EMPRESA NACIONAL DE CORREOS Y TELÉGRAFOS (ENCOTEL - ENCOTESA).	3 24/04/2025 -	05/03/2025 -	GARCÍA LARRABURU, SILVINA MARCELA -	DE TRABAJO Y PREVISIÓN SOCIAL	DE PRESUPUESTO Y HACIENDA			
OV	44	2025	CA	AUDITORIA GENERAL DE LA NACION: COMUNICA RESOLUCION N° 42/25 MEDIANTE LA CUAL SE DA POR CUMPLIDA LA INTERVENCION CORRESPONDIENTE A LA CUENTA DE INVERSION DEL EJERCICIO FISCAL 2020, RESPECTO DEL INFORME REFERIDO A CONTRIBUCIONES Y REMANENTES EN EL AMBITO DEL MIN. DE ECONOMIA (EX. MIN. DE HACIENDA DE LA NACION).	24/04/2025 -	03/04/2025 -		BICAMERAL PERMANENTE PARLAMENTARIA MIXTA REVISORA DE CUENTAS				
S	44	2025	PL	GARCIA LARRABURU: PROYECTO DE LEY QUE INDEMNIZA A EX AGENTES DE LA EMPRESA PÚBLICA DE SERVICIOS ELÉCTRICOS DEL GRAN BUENOS AIRES (SEGBA).	3 24/04/2025 -	05/03/2025 -	GARCÍA LARRABURU, SILVINA MARCELA -	DE TRABAJO Y PREVISIÓN SOCIAL	DE PRESUPUESTO Y HACIENDA			
OV	43	2025	CA	AUDITORIA GENERAL DE LA NACION: COMUNICA RESOLUCION N° 41/25 MEDIANTE LA CUAL SE DA POR CUMPLIDA LA INTERVENCION CORRESPONDIENTE A LA CUENTA DE INVERSION DEL EJERCICIO FISCAL 2020, RESPECTO DEL EXAMEN ESPECIAL DE ANALISIS DE TRANSFERENCIAS EN EL AMBITO DEL MIN. DE ECONOMIA (EX MIN. DE HACIENDA DE LA NACION).	24/04/2025 -	03/04/2025 -		BICAMERAL PERMANENTE PARLAMENTARIA MIXTA REVISORA DE CUENTAS				
S	43	2025	PL	GARCIA LARRABURU: PROYECTO DE LEY QUE DEROGA EL TITULO II DE LA LEY 26.571 -DE DEMOCRATIZACION DE LA REPRESENTACION POLITICA, LA TRANSPARENCIA Y LA EQUIDAD ELECTORAL- RESPECTO DE LAS ELECCIONES PRIMARIAS ABIERTAS, SIMULTANEAS Y OBLIGATORIAS.	3 24/04/2025 -	05/03/2025 -	GARCÍA LARRABURU, SILVINA MARCELA -	DE ASUNTOS CONSTITUCIONALES				
OV	42	2025	CA	AUDITORIA GENERAL DE LA NACION: COMUNICA RESOLUCION N° 40/25 MEDIANTE LA CUAL SE DA POR CUMPLIDA LA INTERVENCION CORRESPONDIENTE A LA CUENTA DE INVERSION DEL EJERCICIO FISCAL 2020, RESPECTO DEL INFORME DE LA SEC. DE ENERGIA.	24/04/2025 -	03/04/2025 -		BICAMERAL PERMANENTE PARLAMENTARIA MIXTA REVISORA DE CUENTAS				
S	42	2025	PL	GARCIA LARRABURU: PROYECTO DE LEY QUE DECLARA CAPITAL NACIONAL DEL CURANTO A LA CIUDAD DE SAN CARLOS DE BARILOCHE, PROV. DE RIO NEGRO.	3 24/04/2025 -	05/03/2025 -	GARCÍA LARRABURU, SILVINA MARCELA -	DE EDUCACIÓN Y CULTURA				
OV	41	2025	CA	AUDITORIA GENERAL DE LA NACION: COMUNICA RESOLUCION N° 39/25 MEDIANTE LA CUAL SE DA POR CUMPLIDA LA INTERVENCION CORRESPONDIENTE A LA CUENTA DE INVERSION DEL EJERCICIO FISCAL 2020, RESPECTO DEL INFORME DE CUMPLIMIENTO DE METAS FISICAS E INDICADORES.	24/04/2025 -	03/04/2025 -		BICAMERAL PERMANENTE PARLAMENTARIA MIXTA REVISORA DE CUENTAS				
S	41	2025	PL	GARCIA LARRABURU: PROYECTO DE LEY QUE INCORPORA COMO INC. Z DEL ART. 20 DE LA LEY 20.628 (T.O. DCTO. 649/97) Y S/M -IMPUESTOS A LAS GANANCIAS-, RESPECTO DE EXIMIR DEL MISMO A LAS SUMAS PERCIBIDAS EN CONCEPTO DE ADICIONALES POR ZONA DESFAVORABLE EN LA REGION PATAGONICA.	2 24/04/2025 -	05/03/2025 -	GARCÍA LARRABURU, SILVINA MARCELA -	DE PRESUPUESTO Y HACIENDA				
OV	40	2025	CA	AUDITORIA GENERAL DE LA NACION: COMUNICA RESOLUCION N° 38/25 MEDIANTE LA CUAL SE DA POR CUMPLIDA LA INTERVENCION CORRESPONDIENTE A LA CUENTA DE INVERSION DEL EJERCICIO FISCAL 2020, RESPECTO DEL INFORME DEL MIN. DE RELACIONES EXTERIORES, COMERCIO INTERNACIONAL Y CULTO.	24/04/2025 -	03/04/2025 -		BICAMERAL PERMANENTE PARLAMENTARIA MIXTA REVISORA DE CUENTAS				
S	40	2025	PL	GARCIA LARRABURU: PROYECTO DE LEY QUE CREA EL PROGRAMA NACIONAL DE PROMOCIÓN Y DESARROLLO DE POLOS AGROALIMENTARIOS.	2 24/04/2025 -	05/03/2025 -	GARCÍA LARRABURU, SILVINA MARCELA -	DE AGRICULTURA, GANADERÍA Y PESCA	DE INDUSTRIA Y COMERCIO	DE PRESUPUESTO Y HACIENDA		
OV	39	2025	CA	AUDITORIA GENERAL DE LA NACION: COMUNICA RESOLUCION N° 37/25 MEDIANTE LA CUAL SE DA POR CUMPLIDA LA INTERVENCION CORRESPONDIENTE A LA CUENTA DE INVERSION DEL EJERCICIO FISCAL 2020, RESPECTO DEL INFORME DEL MIN. DE SALUD.	24/04/2025 -	03/04/2025 -		BICAMERAL PERMANENTE PARLAMENTARIA MIXTA REVISORA DE CUENTAS				
S	39	2025	PL	GARCIA LARRABURU: PROYECTO DE LEY QUE REGULA LA ACTIVIDAD PROFESIONAL DE GUÍA DE MONTAÑA, EJERCIDA DE FORMA AUTÓNOMA O EN RELACIÓN DE DEPENDENCIA, EN TODO EL TERRITORIO NACIONAL.	2 24/04/2025 -	05/03/2025 -	GARCÍA LARRABURU, SILVINA MARCELA -	DE LEGISLACIÓN GENERAL	DE TRABAJO Y PREVISIÓN SOCIAL	DE TURISMO		
OV	38	2025	CA	AUDITORIA GENERAL DE LA NACION: COMUNICA RESOLUCION N° 36/25 MEDIANTE LA CUAL SE DA POR CUMPLIDA LA INTERVENCION CORRESPONDIENTE A LA CUENTA DE INVERSION DEL EJERCICIO FISCAL 2020, RESPECTO DEL INFORME DEL EX MIN. DE AMBIENTE Y DESARROLLO SOSTENIBLE.	24/04/2025 -	03/04/2025 -		BICAMERAL PERMANENTE PARLAMENTARIA MIXTA REVISORA DE CUENTAS				
S	38	2025	PL	GARCIA LARRABURU: PROYECTO DE LEY QUE DECLARA TRABAJO INSALUBRE A LA ACTIVIDAD LABORAL REALIZADA POR AERONAVEGANTES CON FUNCION AERONAUTICA.	2 24/04/2025 -	05/03/2025 -	GARCÍA LARRABURU, SILVINA MARCELA -	DE TRABAJO Y PREVISIÓN SOCIAL				
OV	37	2025	CA	AUDITORIA GENERAL DE LA NACION: COMUNICA RESOLUCION N° 35/25 QUE APRUEBA EL MEMORANDO SOBRE EL SISTEMA DE CONTROL INTERNO, CORRESPONDIENTE AL EJERCICIO FINALIZADO EL 31/12/2024, DEL BANCO DE LA NACION ARGENTINA Y ADJUNTA SOBRE RESERVADO.	24/04/2025 -	03/04/2025 -		BICAMERAL PERMANENTE PARLAMENTARIA MIXTA REVISORA DE CUENTAS				
S	37	2025	PL	GARCIA LARRABURU: PROYECTO DE LEY QUE PROHIBE LOS BASURALES A CIELO ABIERTO.	2 24/04/2025 -	05/03/2025 -	GARCÍA LARRABURU, SILVINA MARCELA -	DE AMBIENTE Y DESARROLLO SUSTENTABLE	DE JUSTICIA Y ASUNTOS PENALES			
OV	36	2025	CA	AUDITORIA GENERAL DE LA NACION: COMUNICA RESOLUCION N° 34/25 QUE APRUEBA EL INFORME RESPECTO DE LOS ESTADOS FINANCIEROS CONSOLIDADOS Y SEPARADOS DEL BANCO DE LA NACION ARGENTINA, EJERCICIO FINALIZADO EL 31/12/2024.	24/04/2025 -	03/04/2025 -		BICAMERAL PERMANENTE PARLAMENTARIA MIXTA REVISORA DE CUENTAS				
S	36	2025	PL	GARCIA LARRABURU: PROYECTO DE LEY SOBRE PROCEDIMIENTO PARA LA DECLARACION DE FIESTAS NACIONALES Y CAPITALES NACIONALES.	2 24/04/2025 -	05/03/2025 -	GARCÍA LARRABURU, SILVINA MARCELA -	DE EDUCACIÓN Y CULTURA	DE LEGISLACIÓN GENERAL			
S	35	2025	PL	GARCIA LARRABURU: PROYECTO DE LEY SOBRE EJERCICIO DE FACILITADORES EN CONSTELACIONES FAMILIARES Y SISTEMATICAS.	2 24/04/2025 -	05/03/2025 -	GARCÍA LARRABURU, SILVINA MARCELA -	DE POBLACIÓN Y DESARROLLO  HUMANO	DE SALUD			
S	34	2025	PL	GARCIA LARRABURU: PROYECTO DE LEY QUE DECLARA CAPITAL NACIONAL DE LA SEMILLA DE ALFALFA A LA LOC. DE CORONEL BELISLE, PROV. DE RIO NEGRO.	2 24/04/2025 -	05/03/2025 -	GARCÍA LARRABURU, SILVINA MARCELA -	DE AGRICULTURA, GANADERÍA Y PESCA	DE EDUCACIÓN Y CULTURA			
S	33	2025	PL	"GARCIA LARRABURU: PROYECTO DE LEY QUE DECLARA ""FIESTA NACIONAL DEL CORDERO PATAGONICO"", A REALIZARSE EN LA LOC. DE SIERRA COLORADA, PROV. DE RIO NEGRO, EN EL MES DE DICIEMBRE."	2 24/04/2025 -	05/03/2025 -	GARCÍA LARRABURU, SILVINA MARCELA -	DE AGRICULTURA, GANADERÍA Y PESCA	DE EDUCACIÓN Y CULTURA			
S	32	2025	PL	GARCIA LARRABURU: PROYECTO DE LEY QUE CREA EL PROGRAMA DE PROMOCION Y FORTALECIMIENTO DE ARTISTAS CON DISCAPACIDAD.	2 24/04/2025 -	05/03/2025 -	GARCÍA LARRABURU, SILVINA MARCELA -	DE POBLACIÓN Y DESARROLLO  HUMANO	DE PRESUPUESTO Y HACIENDA			
S	31	2025	PL	GARCIA LARRABURU: PROYECTO DE LEY QUE INSTITUYE EL REGIMEN DE PROMOCION EN LA ELABORACION, DISTRIBUCION Y COMERCIALIZACION, DE BEBIDAS ESPIRITUOSAS ARTESANALES.	2 24/04/2025 -	05/03/2025 -	GARCÍA LARRABURU, SILVINA MARCELA -	DE INDUSTRIA Y COMERCIO	DE PRESUPUESTO Y HACIENDA	DE LEGISLACIÓN GENERAL		
S	30	2025	PL	RODAS: PROYECTO DE LEY SOBRE PROTECCION DE PERSONAS EN INVESTIGACION BIOMEDICA.	2 24/04/2025 -	05/03/2025 -	RODAS, ANTONIO JOSÉ -	DE SALUD	DE CIENCIA Y TECNOLOGÍA	DE LEGISLACIÓN GENERAL		
S	29	2025	PL	RODAS: PROYECTO DE LEY SOBRE GESTION, PROMOCION Y FOMENTO DEL RECICLADO DEL VIDRIO.	2 24/04/2025 -	05/03/2025 -	RODAS, ANTONIO JOSÉ -	DE AMBIENTE Y DESARROLLO SUSTENTABLE	DE PRESUPUESTO Y HACIENDA			
S	28	2025	PL	RODAS: PROYECTO DE LEY SOBRE IMPRESCRIPTIBILIDAD DE LOS DELITOS SEXUALES EN MENORES.	2 24/04/2025 -	05/03/2025 -	RODAS, ANTONIO JOSÉ -	DE JUSTICIA Y ASUNTOS PENALES				
S	27	2025	PL	RODAS: PROYECTO DE LEY QUE INCORPORA EL ART. 159 BIS, A SU SIMILAR 11.179 -CODIGO PENAL DE LA NACION- SOBRE MOBBING LABORAL.	2 24/04/2025 -	05/03/2025 -	RODAS, ANTONIO JOSÉ -	DE JUSTICIA Y ASUNTOS PENALES				
S	26	2025	PL	RODAS: PROYECTO DE LEY SOBRE SOCIEDADES DE BENEFICIO E INTERES COMUN.	2 24/04/2025 -	05/03/2025 -	RODAS, ANTONIO JOSÉ -	DE LEGISLACIÓN GENERAL				
OV	25	2025	CA	"AUDITORIA GENERAL DE LA NACION: COMUNICA RESOLUCION N° 23/25 QUE APRUEBA EL INFORME REFERIDO A ""SISTEMAS DE INFORMACION RELATIVOS A LA PREVENCION Y CONTROL DE SINIESTROS VIALES Y A LA ELABORACION DE ESTADISTICAS"" -  SEGUIMIENTO DEL INFORME QUE FUERA APROBADO MEDIANTE RES. Nº 108/2020 -AGN, REALIZADO EN EL AMBITO DE LA AG. NAC. DE SEG. VIAL - PERIODO AUDITADO: 01/10/2020 AL 31/07/2023."	24/04/2025 -	03/04/2025 -		BICAMERAL PERMANENTE PARLAMENTARIA MIXTA REVISORA DE CUENTAS				
S	25	2025	PL	RODAS: PROYECTO DE LEY QUE TRANSFIERE A TITULO GRATUITO A FAVOR DE LA FEDERACION ARGENTINA DE MUNICIPIOS, UN INMUEBLE PROPIEDAD DEL ESTADO NACIONAL, UBICADO EN LA CALLE CERRITO N° 832/834/836, PLANTA BAJA, CABA.	2 24/04/2025 -	05/03/2025 -	RODAS, ANTONIO JOSÉ -	DE ASUNTOS ADMINISTRATIVOS Y MUNICIPALES				
CD	24	2025	PL	PROYECTO DE LEY EN REVISION QUE DECLARA LA NULIDAD ABSOLUTA E INSANABLE DE LA CLAUSULA SUSPENSIVA DEL DECRETO DEL PEN N°681/25, RESPECTO DEL FINANCIAMIENTO DE LA EMERGENCIA EN MATERIA DE DISCAPACIDAD.	92 18/03/2026 -	16/10/2025 -		DE ASUNTOS CONSTITUCIONALES	DE POBLACIÓN Y DESARROLLO  HUMANO	DE PRESUPUESTO Y HACIENDA		
OV	24	2025	CA	AUDITORIA GENERAL DE LA NACION: COMUNICA RESOLUCION N° 22/25 QUE APRUEBA EL EXAMEN LLEVADO A CABO EN EL AMBITO DE LA SEC. DE TRANSPORTE DEL MINISTERIO DE ECONOMIA SOBRE LA GESTION DEL EX MIN. DE TRANSPORTE EN CUANTO A LA GESTION DE LAS COMPRAS Y CONTRATACIONES PARA EL PERIODO 2018-2022.	24/04/2025 -	03/04/2025 -		BICAMERAL PERMANENTE PARLAMENTARIA MIXTA REVISORA DE CUENTAS				
S	24	2025	PL	RODAS: PROYECTO DE LEY SOBRE DESARROLLO Y PROMOCION DE LA MARINA MERCANTE NACIONAL.	2 24/04/2025 -	05/03/2025 -	RODAS, ANTONIO JOSÉ -	DE INFRAESTRUCTURA, VIVIENDA Y TRANSPORTE	DE LEGISLACIÓN GENERAL	DE PRESUPUESTO Y HACIENDA		
CD	23	2025	PL	PROYECTO DE LEY EN REVISION QUE CREA EL PROGRAMA NACIONAL DE LUCHA CONTRA LA ENFERMEDAD DE ALZHEIMER Y OTRAS DEMENCIAS - PLEA -.	92 18/03/2026 -	16/10/2025 -		DE SALUD	DE PRESUPUESTO Y HACIENDA			
OV	23	2025	CA	AUDITORIA GENERAL DE LA NACION: COMUNICA RESOLUCION N° 21/25 QUE APRUEBA EL EXAMEN ESPECIAL SOBRE EL RELEVAMIENTO Y ANALISIS DE LOS CRITERIOS DE SELECCIÓN DE LOS CONSULTORES Y FIRMAS CONSULTORAS EN LA CONTRATACION DE SERV. DE CONSULTORIA, BAJO EL MARCO NORMATIVO DE LOS CONVENIOS DE PRESTAMOS CON ORG. INTERNACIONALES DE CREDITO Y VERIFICACION Y ANALISIS DE LOS MONTOS INVOLUCRADOS EN EL PERIODO 2016 - 2023 EN EL AMBITO DE LA JEF. DE GAB. DE MIN. Y DEL MIN. DE ECONOMIA - PERIODO AUDITADO: 01/01/2016 AL 31/12/2023.	24/04/2025 -	03/04/2025 -		BICAMERAL PERMANENTE PARLAMENTARIA MIXTA REVISORA DE CUENTAS				
S	23	2025	PL	RODAS: PROYECTO DE LEY SOBRE PRESUPUESTOS MINIMOS SOBRE SEGURIDAD DE PRESAS Y EMBALSES.	2 24/04/2025 -	05/03/2025 -	RODAS, ANTONIO JOSÉ -	DE AMBIENTE Y DESARROLLO SUSTENTABLE	DE INFRAESTRUCTURA, VIVIENDA Y TRANSPORTE	DE LEGISLACIÓN GENERAL		
CD	22	2025	PL	PROYECTO DE LEY EN REVISION QUE DECLARA LA EMERGENCIA Y FINANCIAMIENTO DEL SISTEMA NACIONAL DE CIENCIA, TECNOLOGIA E INNOVACION.	92 18/03/2026 -	16/10/2025 -		DE PRESUPUESTO Y HACIENDA	DE CIENCIA Y TECNOLOGÍA			
OV	22	2025	CA	"AUDITORIA GENERAL DE LA NACION: COMUNICA RESOLUCION N° 20/25 QUE APRUEBA EL INFORME REALIZADO EN EL AMBITO DE LA SEC. DE ENERGIA, ENARSA Y ENARGAS REFERIDA A ""GESTION DEL PRECIO DEL GAS Y SU IMPACTO EN LOS SEG. DE TRANSP. Y DISTRIB. (LEY 24.076) Y PLANIFICACION Y EJECUCION DE LAS ACTIVIDADES DE EXPORTACION E IMPORTACION DE GAS NATURAL CON MIRAS AL LOGRO DEL OBJETIVO DE AUTOABASTECIMIENTO HIDROCARBURIFERO"" - PERIODO AUDITADO 01/01/2016 AL 31/12/2022."	24/04/2025 -	03/04/2025 -		BICAMERAL PERMANENTE PARLAMENTARIA MIXTA REVISORA DE CUENTAS				
S	22	2025	PL	RODAS: PROYECTO DE LEY QUE REGULA EL EJERCICIO PROFESIONAL DE TRABAJADORES DE LA PSICOLOGÍA SOCIAL.	2 24/04/2025 -	05/03/2025 -	RODAS, ANTONIO JOSÉ -	DE LEGISLACIÓN GENERAL	DE SALUD	DE TRABAJO Y PREVISIÓN SOCIAL		
CD	21	2025	PL	"PROYECTO DE LEY EN REVISION QUE DECLARA HEROE NACIONAL AL BRIGADIER ESTANISLAO LOPEZ ""PATRIARCA DEL FEDERALISMO ARGENTINO"" EN RECONOCIMIENTO A SU ACCIONAR EN DEFENSA DE LOS IDEALES FEDERALES Y REPUBLICANOS."	92 18/03/2026 -	16/10/2025 -		DE DEFENSA NACIONAL	DE EDUCACIÓN Y CULTURA			
OV	21	2025	CA	AUDITORIA GENERAL DE LA NACION: COMUNICA RESOLUCION N° 19/25 QUE APRUEBA EL INFORME REFERIDO AL PROGRAMA DE REPARACION HISTORICA: CASOS CON PROCESOS JUDICIALES Y SIN JUICIO - EJERCICIO 2018 A JULIO 2019, EN EL AMBITO DE LA ADM. NAC. DE LA SEGURIDAD SOCIAL.	24/04/2025 -	03/04/2025 -		BICAMERAL PERMANENTE PARLAMENTARIA MIXTA REVISORA DE CUENTAS				
S	21	2025	PL	"RODAS: PROYECTO DE LEY QUE INSTITUYE A LA SEGUNDA SEMANA DE MARZO DE CADA AÑO COMO, ""SEMANA NACIONAL DE SENSIBILIZACION SOBRE LA SAL""."	1 24/04/2025 -	05/03/2025 -	RODAS, ANTONIO JOSÉ -	DE SALUD	DE EDUCACIÓN Y CULTURA			
OV	20	2025	CA	AUDITORIA GENERAL DE LA NACION: COMUNICA RESOLUCION Nº 18/25, QUE APRUEBA EL EXAMEN ESPECIAL SOBRE LA EJECUCION PRESUPUESTARIA CORRESPONDIENTE AL PRIMER SEMESTRE DE 2024, EN EL AMBITO DE LA SECRETARIA DE HACIENDA DEL MINISTERIO DE ECONOMIA.	24/04/2025 -	20/03/2025 -		BICAMERAL PERMANENTE PARLAMENTARIA MIXTA REVISORA DE CUENTAS				
S	20	2025	PL	RODAS: PROYECTO DE LEY SOBRE EFICIENTIZACION DEL USO DEL AGUA - CISTERNAS DE DOBLE DESCARGA.	1 24/04/2025 -	05/03/2025 -	RODAS, ANTONIO JOSÉ -	DE INFRAESTRUCTURA, VIVIENDA Y TRANSPORTE	DE PRESUPUESTO Y HACIENDA			
S	19	2025	PL	RODAS: PROYECTO DE LEY SOBRE DELITOS CONTRA EL AMBIENTE.	1 24/04/2025 -	05/03/2025 -	RODAS, ANTONIO JOSÉ -	DE JUSTICIA Y ASUNTOS PENALES	DE AMBIENTE Y DESARROLLO SUSTENTABLE			
S	18	2025	PL	RODAS: PROYECTO DE LEY QUE CREA EL PLAN DE INVERSIÓN AGROINDUSTRIAL RECONVERSIÓN DE LA MATRIZ DE ALMACENAMIENTO DE GRANOS.	1 24/04/2025 -	05/03/2025 -	RODAS, ANTONIO JOSÉ -	DE AGRICULTURA, GANADERÍA Y PESCA	DE ECONOMÍA NACIONAL E INVERSIÓN	DE PRESUPUESTO Y HACIENDA		
S	17	2025	PL	RODAS: PROYECTO DE LEY DE REGIMEN LEGAL DE ADOPCION Y FIGURAS DE CUIDADO FAMILIAR ALTERNATIVO.	1 24/04/2025 -	05/03/2025 -	RODAS, ANTONIO JOSÉ -	DE LEGISLACIÓN GENERAL	DE POBLACIÓN Y DESARROLLO  HUMANO	DE PRESUPUESTO Y HACIENDA		
OV	16	2025	CA	AUDITORIA GENERAL DE LA NACION: COMUNICA DISPOSICION N° 51/25, VINCULADA CON EL FONDO ESPECIAL DE RESERVA DE LA AGN.	24/04/2025 -	14/03/2025 -		BICAMERAL PERMANENTE PARLAMENTARIA MIXTA REVISORA DE CUENTAS				
S	16	2025	PL	RODAS: PROYECTO DE LEY SOBRE PRIORIDAD SANITARIA DE ATENCION, CONTROL Y PREVENCION DE LA ENFERMEDAD DIABETICA Y PROBLEMATICAS AFINES.	1 24/04/2025 -	05/03/2025 -	RODAS, ANTONIO JOSÉ -	DE SALUD	DE PRESUPUESTO Y HACIENDA			
CD	15	2025	PL	PROYECTO DE LEY EN REVISION QUE MODIFICA SU SIMILAR 27.430 (REGIMEN PENAL TRIBUTARIO) SOBRE ACTUALIZACION DE MONTOS POR EL DELITO DE EVASION TRIBUTARIA.	75 04/09/2025 -	27/08/2025 -		DE JUSTICIA Y ASUNTOS PENALES				
OV	15	2025	CA	"AUDITORIA GENERAL DE LA NACION: COMUNICA RESOLUCION N° 17/25 QUE APRUEBA EL INFORME DE AUDITORIA, LA SINTESIS EJECUTIVA Y LA FICHA DE PRENSA, REALIZADO EN EL AMBITO DEL ORGANISMO REGULADOR DEL SISTEMA NACIONAL DE AEROPUERTOS (ORSNA) REFERIDA AL ""CONTRATO DE CONCESION DE AEROPUERTOS ARGENTINA 2000 (DCTO. 1009/20 PEN PRORROGA) - CONTROL SOBRE LOS PROCEDIMIENTOS EFECTUADOS Y GESTION DE LA RENOVACION DE LA CONCESION"", PERIODO AUDITADO DESDE EL 01/01/20 AL 30/06/21."	24/04/2025 -	14/03/2025 -		BICAMERAL PERMANENTE PARLAMENTARIA MIXTA REVISORA DE CUENTAS				
S	15	2025	PL	RODAS: PROYECTO DE LEY DE TELEMEDICINA Y TELESALUD COMO PRESTACION DE SERVICIOS DE SALUD.	1 24/04/2025 -	05/03/2025 -	RODAS, ANTONIO JOSÉ -	DE SALUD	DE SISTEMAS, MEDIOS DE COMUNICACIÓN Y LIBERTAD DE EXPRESIÓN	DE PRESUPUESTO Y HACIENDA		
CD	14	2025	PL	PROYECTO DE LEY EN REVISION QUE ESTABLECE COMO HORA OFICIAL EN TODO EL TERRITORIO DEL PAIS LA DEL HUSO HORARIO DE CUATRO HORAS AL OESTE DEL MERIDIANO DE GREENWICH. DEROGACION DE LA LEY 26.350, DE HORA OFICIAL	75 04/09/2025 -	27/08/2025 -		DE LEGISLACIÓN GENERAL				
OV	14	2025	CA	AUDITORIA GENERAL DE LA NACION: COMUNICA RESOLUCION N° 16/25 QUE APRUEBA EL INFORME DE AUDITORIA, EL INFORME EJECUTIVO Y LA FICHA DE PRENSA, EN EL AMBITO DEL EX MINISTERIO DE EDUCACION, CON EL OBJETO DE REALIZAR UNA AUDITORIA DE GESTION SOBRE EL PLAN NACIONAL 3000 JARDINES DE INFANTES, PARA EL PERIODO 2/06/16 AL 31/12/19.	24/04/2025 -	14/03/2025 -		BICAMERAL PERMANENTE PARLAMENTARIA MIXTA REVISORA DE CUENTAS				
S	14	2025	PR	LOPEZ Y OTROS: PROYECTO DE RESOLUCION QUE CREA UNA COMISION UNICAMERAL ESPECIAL DE SEGUIMIENTO, MONITOREO Y CONTROL DE LOS PROCEDIMIENTOS, CRITERIOS Y DECISIONES RELACIONADAS CON LA ENAJENACION DE INMUEBLES DE PROPIEDAD DEL ESTADO NACIONAL.	1 24/04/2025 -	05/03/2025 -	MAYANS, JOSÉ MIGUEL ÁNGEL - LÓPEZ, MARÍA FLORENCIA - REJAL, JESÚS FERNANDO - DI TULLIO, JULIANA - DURÉ, MARÍA EUGENIA - LEAVY, SERGIO NAPOLEÓN - DE PEDRO, EDUARDO ENRIQUE - PILATTI VERGARA, MARÍA INÉS - PARRILLI, OSCAR ISIDRO - SALINO, FERNANDO ALDO - CORPACCI, LUCÍA BENIGNA - LINARES, CARLOS ALBERTO -	DE ASUNTOS CONSTITUCIONALES	DE PRESUPUESTO Y HACIENDA			
OV	13	2025	CA	AUDITORIA GENERAL DE LA NACION: COMUNICA RESOLUCION Nº 15/25, QUE APRUEBA EL INFORME DE AUDITORIA DE SEGUIMIENTO DE LA RESOLUCION N° 172/2017-AGN REFERIDA A LA GESTION DE LOS PROCEDIMIENTOS ESTABLECIDOS PARA LA ADQUISICION POR PARTE DE EXTRANJEROS DE TIERRAS RURALES - PERIODO AUDITADO: 2017-2019.	24/04/2025 -	14/03/2025 -		BICAMERAL PERMANENTE PARLAMENTARIA MIXTA REVISORA DE CUENTAS				
S	13	2025	PL	SAPAG: REPRODUCE EL PROYECTO DE LEY DE FORTALECIMIENTO DE LA ACCESIBILIDAD WEB. (REF.S. 172/23).	1 24/04/2025 -	05/03/2025 -	SAPAG, SILVIA ESTELA  -	DE SISTEMAS, MEDIOS DE COMUNICACIÓN Y LIBERTAD DE EXPRESIÓN	DE POBLACIÓN Y DESARROLLO  HUMANO			
OV	12	2025	CA	AUDITORIA GENERAL DE LA NACION: COMUNICA RESOLUCION Nº 14/25, QUE APRUEBA EL MEMORANDUM SOBRE LA EVALUACION DE CONTROL INTERNO CORRESPONDIENTE AL EJERCICIO FINALIZADO EL 31/12/2024 DEL BANCO DE INVERSION Y COMERCIO EXTERIOR S.A. (BICE S.A.) Y ADJUNTA SOBRE RESERVADO.	24/04/2025 -	14/03/2025 -		BICAMERAL PERMANENTE PARLAMENTARIA MIXTA REVISORA DE CUENTAS				
S	12	2025	PL	SAPAG: REPRODUCE EL PROYECTO DE LEY QUE CREA EL REGIMEN DE DERECHOS DE PERSONAS TITULARES DE BECAS DE INVESTIGACION CIENTIFICA Y TECNOLOGICA DE LA REP. ARGENTINA. (REF.S. 173/23).	1 24/04/2025 -	05/03/2025 -	SAPAG, SILVIA ESTELA  -	DE CIENCIA Y TECNOLOGÍA	DE PRESUPUESTO Y HACIENDA			
OV	11	2025	CA	AUDITORIA GENERAL DE LA NACION: COMUNICA RESOLUCION N° 13/25 QUE APRUEBA EL INFORME SOBRE LOS ESTADOS FINANCIEROS CONSOLIDADOS Y SEPARADOS DEL BANCO DE INVERSION Y COMERCIO EXTERIOR S.A. AL 31/12/24 - PERIODO AUDITADO DEL 01/01/24 AL 31/12/24.	24/04/2025 -	14/03/2025 -		BICAMERAL PERMANENTE PARLAMENTARIA MIXTA REVISORA DE CUENTAS				
S	11	2025	PL	SAPAG: REPRODUCE EL PROYECTO DE LEY SOBRE DNI DIGITAL. (REF.S. 174/23).	1 24/04/2025 -	05/03/2025 -	SAPAG, SILVIA ESTELA  -	DE LEGISLACIÓN GENERAL				
S	10	2025	PL	SAPAG: REPRODUCE EL PROYECTO DE LEY DE HISTORIA CLINICA AMBIENTAL. (REF. S. 177/23).	1 24/04/2025 -	05/03/2025 -	SAPAG, SILVIA ESTELA  -	DE SALUD	DE SALUD			
S	9	2025	PL	SAPAG: REPRODUCE EL PROYECTO DE LEY DE FORTALECIMIENTO DE LA SOBERANIA NACIONAL. (REF. S. 190/23).	1 24/04/2025 -	05/03/2025 -	SAPAG, SILVIA ESTELA  -	DE AGRICULTURA, GANADERÍA Y PESCA	DE LEGISLACIÓN GENERAL			
S	8	2025	PL	SAPAG: REPRODUCE EL PROYECTO DE LEY DE RED NACIONAL DE LECHE HUMANA (RNLH). (REF. S. 398/23).	1 24/04/2025 -	05/03/2025 -	SAPAG, SILVIA ESTELA  -	DE SALUD	DE JUSTICIA Y ASUNTOS PENALES			
S	7	2025	PL	SAPAG: REPRODUCE EL PROYECTO DE LEY SOBRE REGULACION DE LA COMERCIALIZACION DE SUCEDANEOS DE LA LECHE HUMANA. (REF. S. 1677/23).	1 24/04/2025 -	05/03/2025 -	SAPAG, SILVIA ESTELA  -	DE SALUD	DE INDUSTRIA Y COMERCIO			
S	6	2025	PL	SAPAG: REPRODUCE EL PROYECTO DE LEY DE UTILIZACION DE MEDICAMENTOS POR SU NOMBRE GENERICO (REF. S. 1678/23).	1 24/04/2025 -	05/03/2025 -	SAPAG, SILVIA ESTELA  -	DE SALUD	DE INDUSTRIA Y COMERCIO			
S	5	2025	PL	SAPAG: REPRODUCE EL PROYECTO DE LEY SOBRE COMISIONES DE TARJETAS DE CREDITO Y DEBITO (REF. S. 1679/23).	1 24/04/2025 -	05/03/2025 -	SAPAG, SILVIA ESTELA  -	DE ECONOMÍA NACIONAL E INVERSIÓN	DE LEGISLACIÓN GENERAL			
S	4	2025	PL	SAPAG: REPRODUCE EL PROYECTO DE LEY DE AMPLIACION DE OFERTA DE VIVIENDAS DE ALQUILER (REF. S. 1863/23).	1 24/04/2025 -	05/03/2025 -	SAPAG, SILVIA ESTELA  -	DE LEGISLACIÓN GENERAL	DE PRESUPUESTO Y HACIENDA			
CD	3	2025	PL	PROYECTO DE LEY EN REVISION QUE DECLARA ZONA DE EMERGENCIA Y EN SITUACIÓN DE CATÁSTROFE, POR EL TÉRMINO DE CIENTO OCHENTA (180) DÍAS, A LAS PROVINCIAS DE BUENOS AIRES Y SANTA FE.	49 21/08/2025 -	05/06/2025 -		DE PRESUPUESTO Y HACIENDA				
S	3	2025	PL	SAPAG: REPRODUCE EL PROYECTO DE LEY QUE REGULA LAS COMISIONES DE LAS BILLETERAS VIRTUALES (REF. S. 2098/23).	1 24/04/2025 -	05/03/2025 -	SAPAG, SILVIA ESTELA  -	DE LEGISLACIÓN GENERAL	DE ECONOMÍA NACIONAL E INVERSIÓN			
S	2	2025	PL	SAPAG: PROYECTO DE LEY SOBRE FORTALECIMIENTO DEL INSTITUTO NACIONAL DE ESTADISTICAS Y CENSOS (INDEC).	1 24/04/2025 -	05/03/2025 -	SAPAG, SILVIA ESTELA  -	DE ASUNTOS CONSTITUCIONALES	DE POBLACIÓN Y DESARROLLO  HUMANO			
CD	1	2025	PL	PROYECTO DE LEY EN REVISION QUE DECLARA LA EMERGENCIA AMBIENTAL, ECONOMICA Y HABITACIONAL, POR EL TERMINO DE NOVENTA (90) DIAS, PRORROGABLES POR IGUAL PLAZO EN LA CDAD. DE BAHIA BLANCA, PROV. DE BUENOS AIRES Y A TODA LA REGION AFECTADA, POR EL TEMPORAL OCURRIDO EL 7 DE MARZO DE 2025.	14 24/04/2025 -	14/03/2025 -		DE PRESUPUESTO Y HACIENDA				
S	913	2026	PL	MOISES Y ANDRADA: PROYECTO DE LEY SOBRE DERECHO A LA PRESTACION DE AYUDA PARA MORIR DIGNAMENTE.		27/05/2026 -	MOISES, MARÍA CAROLINA - ANDRADA, GUILLERMO EDUARDO -	DE LEGISLACIÓN GENERAL	DE SALUD	DE TRABAJO Y PREVISIÓN SOCIAL	DE JUSTICIA Y ASUNTOS PENALES	
S	912	2026	PL	"DI TULLIO Y DE PEDRO: PROYECTO DE LEY QUE TRANSFIERE A TÍTULO GRATUITO A FAVOR DE LA PROVINCIA DE BUENOS AIRES EL INMUEBLE DENOMINADO ""UNIDAD TURÍSTICA CHAPADMALAL""."		26/05/2026 -	DI TULLIO, JULIANA - DE PEDRO, EDUARDO ENRIQUE -	DE ASUNTOS ADMINISTRATIVOS Y MUNICIPALES				
S	911	2026	PD	MENDOZA: PROYECTO DE DECLARACIÓN QUE ADHIERE AL 50º ANIVERSARIO DE LA MUNICIPALIZACION DE LA LOCALIDAD DE GRANEROS, CABECERA DEL DEPARTAMENTO HOMONIMO, PROV. DE TUCUMAN, EL 19 DE MAYO DE 2026.		26/05/2026 -	MENDOZA, SANDRA MARIELA -	DE ASUNTOS ADMINISTRATIVOS Y MUNICIPALES				
S	910	2026	PL	CAPITANICH: PROYECTO DE LEY QUE ESTABLECE UN MARCO JURIDICO PARA LA DEFENSA, REGULACION Y SALVAGUARDA DE LA SOBERANIA COGNITIVA E IDENTIDAD DIGITAL SOBERANA.		26/05/2026 -	CAPITANICH, JORGE MILTON -	DE LEGISLACIÓN GENERAL	DE SISTEMAS, MEDIOS DE COMUNICACIÓN Y LIBERTAD DE EXPRESIÓN	DE DEFENSA NACIONAL		
S	909	2026	PL	CARAMBIA: PROYECTO DE LEY QUE INCORPORA INCISO C) AL ART. 75 DE LA LEY 25.565 (PRESUPUESTO GENERAL DE LA ADMINISTRACION NACIONAL), Y EL ART. 3 BIS A LA LEY 27.637 (RÉGIMEN DE ZONA FRÍA), QUE ESTABLECE UNA BONIFICACION ADICIONAL POR ZONA POLAR, EN LAS PROV. DE SANTA CRUZ Y TIERRA DEL FUEGO Y A.I.A.	38/2026	26/05/2026 -	CARAMBIA, JOSÉ MARÍA -	DE MINERÍA, ENERGÍA Y COMBUSTIBLES	DE PRESUPUESTO Y HACIENDA			
S	908	2026	PL	BAHL Y OTROS: PROYECTO DE LEY QUE CREA EL SISTEMA NACIONAL DE PREVENCION Y ACTUACION ANTE LA ANAFILAXIA - LEY MATIAS COLAPRETE, DESTINADO A LA PREVENCION, DETECCION TEMPRANA, SEGUIMIENTO Y REGISTRO DE LOS CASOS.	38/2026	26/05/2026 -	BAHL, ADÁN HUMBERTO - LINARES, CARLOS ALBERTO - MARKS, ANA INÉS - LÓPEZ, MARÍA FLORENCIA - FERNÁNDEZ SAGASTI, ANABEL - SORIA, MARTIN IGNACIO - LÓPEZ, CÁNDIDA CRISTINA - CAPITANICH, JORGE MILTON -	DE SALUD	DE LEGISLACIÓN GENERAL	DE PRESUPUESTO Y HACIENDA		
PE	192	2026	AC	"MENSAJE N° 186/26, QUE SOLICITA EL RETIRO DEL MENSAJE Nº 42/26 POR EL CUAL SE SOLICITA ACUERDO PARA DESIGNAR JUEZA DE CAMARA DEL TRIBUNAL ORAL EN LO CRIMINAL FEDERAL N° 3 DE LA PLATA, PROVINCIA DE BUENOS AIRES, A LA DRA. MARIA VERONICA MICHELLI. 
(REF. P.E. 31/26)"	20/2026	27/05/2026 -		DE ACUERDOS				
PE	191	2026	AC	MENSAJE N° 185/26 QUE SOLICITA ACUERDO PARA DESIGNAR JUEZ DEL JUZGADO NACIONAL EN LO CRIMINAL Y CORRECCIONAL N° 27 DE LA CAPITAL FEDERAL, AL DR. MIGUEL ANGEL ASTURIAS	20/2026	27/05/2026 -		DE ACUERDOS				
PE	190	2026	AC	MENSAJE N° 184/26 QUE SOLICITA ACUERDO PARA DESIGNAR JUEZ DE CAMARA DEL TRIBUNAL ORAL EN LO CRIMINAL Y CORRECCIONAL N° 9 DE LA CAPITAL FEDERAL, AL DR. MARIANO ADOLFO KLUMPP	20/2026	27/05/2026 -		DE ACUERDOS				
PE	189	2026	AC	MENSAJE N° 183/26 QUE SOLICITA ACUERDO PARA DESIGNAR JUEZ DEL JUZGADO NACIONAL EN LO CRIMINAL Y CORRECCIONAL N° 42 DE LA CAPITAL FEDERAL, AL DR. DIEGO ANDRES VILLANUEVA.	20/2026	27/05/2026 -		DE ACUERDOS				
PE	188	2026	AC	MENSAJE N° 182/26 QUE SOLICITA ACUERDO PARA DESIGNAR JUEZA DEL JUZGADO FEDERAL DE PRIMERA INSTANCIA DE LA SEGURIDAD SOCIAL N° 5 DE LA CAPITAL FEDERAL, A LA DRA. MARIA GABRIELA JANEIRO.	20/2026	27/05/2026 -		DE ACUERDOS				
OV	179	2026	CV	CONCEJO DELIBERANTE DE TORNQUIST, PROV. DE BS.AS.:  EXPRESA PREOCUPACION POR POSIBLE ELIMINACION O REDUCCION DEL SUBSIDIO AL GAS POR ZONA FRIA.		27/05/2026 -						
OV	178	2026	CV	CONCEJO DELIBERANTE DE FLORENCIO VARELA, PROV. DE BS.AS.:  RECHAZA LA RES. 1107/2026 DEL INSSJP - QUE MODIFICA EL NOMECLADOR DE MEDICOS DE CABECERA.		27/05/2026 -						
OV	177	2026	CV	CONCEJO DELIBERANTE DE FLORENCIO VARELA, PROV. DE BS.AS.:  RECHAZA LAS POLITICAS DE AJUSTE, RECORTE PRESUPUESTARIO Y DESPIDOS EN EL SERVICIO METEOROLOGICO NACIONAL.		27/05/2026 -						
OV	176	2026	CV	CONCEJO DELIBERANTE DE FLORENCIO VARELA, PROV. DE BS.AS.:  EXPRESA PREOCUPACION ANTE LA DISMINUCION EN LAS COBERTURAS DE VACUNACION DE NIÑOS, NIÑAS Y ADOLESCENTES EN EL TERRITORIO NACIONAL.		27/05/2026 -						
OV	175	2026	CV	CONCEJO DELIBERANTE DE FLORENCIO VARELA, PROV. DE BS.AS.: RECHAZA LA NO IMPLEMENTACION DE LA LEY DE FINANCIAMIENTO UNIVERSITARIO.		27/05/2026 -						
OV	174	2026	CV	CONCEJO DELIBERANTE DE FLORENCIO VARELA, PROV. DE BS.AS.: RECHAZA EL PROYECTO DE LEY CONTRA EL FRAUDE DE PENSIONES POR INVALIDEZ.		27/05/2026 -						
OV	173	2026	CV	CONCEJO DELIBERANTE DE FLORENCIO VARELA, PROV. DE BS.AS.: RECHAZA CUALQUIER MODIFICACION A LA LEY 26.657 - SALUD MENTAL-.		27/05/2026 -						
OV	172	2026	CV	CONCEJO DELIBERANTE DE CORONEL PRINGLES, PROV. DE BS. AS.: EXPRESA PREOCUPACIÓN POR LA MODIFICACIÓN DE LA LEY 27.637 -RÉGIMEN ZONA FRÍA-.		26/05/2026 -						
OV	171	2026	CV	CONCEJO DELIBERANTE DE 9 DE JULIO, PROV. DE BS. AS.: EXPRESA PREOCUPACIÓN Y RECHAZA LAS VERSIONES QUE INDICAN UN CIERRE, TRASLADO O REDUCCIÓN DE LA ESTACIÓN LOCAL DEL SERVICIO METEOROLÓGICO NACIONAL.		26/05/2026 -						
OV	170	2026	CV	PODER LEGISLATIVO DE LA PROV. DEL CHACO: CONMEMORA EL ANIVERSARIO DEL INICIO DEL JUICIO A LAS JUNTAS MILITARES, EL 22 DE ABRIL DE 2026.		26/05/2026 -						
OV	169	2026	CV	PODER LEGISLATIVO DE LA PROV. DEL CHACO: ADHIERE AL 49° ANIVERSARIO DE LA PRIMERA RONDA DE LAS MADRES DE PLAZA DE MAYO, EL 30 DE ABRIL DE 2026, Y RECONOCE A LA ASOCIACIÓN MADRES DE PLAZA DE MAYO.		26/05/2026 -						
OV	168	2026	CV	PODER LEGISLATIVO DE LA PROV. DEL CHACO: DECLARA DE INTERÉS LEGISLATIVO, EDUCATIVO Y CULTURAL EL FONDO DOCUMENTAL DEL JUICIO POR LA VERDAD POR LA MASACRE DE NAPALPÍ.		26/05/2026 -						
S	906	2026	PC	ROYÓN: PROYECTO DE COMUNICACIÓN QUE SOLICITA PRIORIZAR LA INSTALACIÓN DE PUNTOS S.O.S. SOBRE LA RUTA NACIONAL N° 51, TRAMO CAMPO QUIJANO - SAN ANTONIO DE LOS COBRES, PROVINCIA DE SALTA.	38/2026	22/05/2026 -	ROYON, FLAVIA GABRIELA -	DE INFRAESTRUCTURA, VIVIENDA Y TRANSPORTE				
S	905	2026	PC	ROYON: PROYECTO DE COMUNICACION QUE SOLICITA INFORME RESPECTO DE LOS ALCANCES, FUNDAMENTOS, EFECTOS FISCALES Y CRITERIOS DE REASIGNACION PRESUPUESTARIA CONTENIDOS EN LA DECISION ADMINISTRATIVA N° 20/2026	38/2026	22/05/2026 -	ROYON, FLAVIA GABRIELA -	DE PRESUPUESTO Y HACIENDA				
S	904	2026	PC	ROYON: PROYECTO DE COMUNICACION QUE SOLICITA INFORME SOBRE DIVERSOS PUNTOS RELACIONADOS CON EL IMPACTO DE LA DECISION ADMINISTRATIVA N° 20/2026 EN LA PROVINCIA DE SALTA.	38/2026	22/05/2026 -	ROYON, FLAVIA GABRIELA -	DE PRESUPUESTO Y HACIENDA				
S	903	2026	PD	"RECALDE: PROYECTO DE DECLARACION QUE DECLARA SU INTERES LA SERIE DOCUMENTAL ""1976: ECOS DE LA MEMORIA"" CON LA PRODUCCION DE LA UNSAM, EL CIICTI Y LA FUNDACION OCTUBRE."	38/2026	22/05/2026 -	RECALDE, MARIANO -	DE EDUCACIÓN Y CULTURA				
S	902	2026	PD	RECALDE: PROYECTO DE DECLARACIÓN QUE EXPRESA PESAR POR EL FALLECIMIENTO DE ENRIQUE ARIAS GIBERT, ABOGADO LABORALISTA, DOCENTE UNIVERSITARIO, DOCTOR EN CS. JURIDICAS Y EX JUEZ DE LA CAMARA NACIONAL DE APELACIONES DEL TRABAJO.	38/2026	22/05/2026 -	RECALDE, MARIANO -	DE EDUCACIÓN Y CULTURA				
S	900	2026	PD	"MORENO: PROYECTO DE DECLARACION QUE DECLARA DE INTERÉS EL ""III CONGRESO INTERNACIONAL DE TRABAJO SOCIAL FORENSE: TSF, CULTURAS DIGITALES Y EMANCIPACIÓN"", ORGANIZADO POR LA UNIVERSIDAD CATÓLICA DE SALTA (UCASAL), EN LA CDAD. HOMÓNIMA, DEL 23 AL 25 DE SEPTIEMBRE DE 2026."	38/2026	21/05/2026 -	MORENO, ELIA ESTHER DEL CARMEN -	DE EDUCACIÓN Y CULTURA				
S	899	2026	PC	"LOPEZ C. Y SORIA: PROYECTO DE COMUNICACIÓN QUE SOLICITA INFORME SOBRE LA CARTA DE INTENSION EN EL MARCO DEL LANZAMIENTO DEL ""PROTECTING GLOBAL COMMONS PROGRAM""."	38/2026	21/05/2026 -	LÓPEZ, CÁNDIDA CRISTINA - SORIA, MARTIN IGNACIO -	DE RELACIONES EXTERIORES Y CULTO				
S	898	2026	PL	ABDALA: REPRODUCE PROYECTO DE LEY QUE DECLARA MONUMENTO HISTORICO NACIONAL AL EDIFICIO SEDE DE LA CASA DE SAN LUIS, EN LA CALLE AZCUENAGA 1083/87 DE LA C.A.B.A., EN LOS TERMINOS DE LA LEY 12.665. (REF. S- 1033/24)	38/2026	21/05/2026 -	ABDALA, BARTOLOMÉ ESTEBAN -	DE EDUCACIÓN Y CULTURA				
S	897	2026	PD	CARAMBIA Y JUEZ: PROYECTO DE DECLARACIÓN QUE EXPRESA BENEPLACITO POR LA CLASIFICACION DE LOS ATLETAS ANNA SGARIGLIA Y MIRKO DEFAZIO DE LA CDAD. DE EL CALAFATE, PROV. DE SANTA CRUZ, AL CAMPEONATO MUNDIAL JUVENIL DE ESCALADA DEPORTIVA EN LA CDAD. DE ARCO, ITALIA, DEL 18 AL 25 DE JULIO DE 2026.	38/2026	21/05/2026 -	CARAMBIA, JOSÉ MARÍA - JUEZ, LUIS ALFREDO -	DE DEPORTE				
S	896	2026	PL	DE PEDRO Y OTROS: PROYECTO DE LEY QUE CREA EL PROGRAMA NACIONAL DE PROMOCIÓN DE HABILIDADES SOCIOEMOCIONALES.	38/2026	21/05/2026 -	DE PEDRO, EDUARDO ENRIQUE - GONZÁLEZ, MARÍA TERESA MARGARITA - LÓPEZ, CÁNDIDA CRISTINA - KIRCHNER, ALICIA MARGARITA ANTONIA - CAPITANICH, JORGE MILTON - LEWANDOWSKI, MARCELO NÉSTOR - RECALDE, MARIANO - NEDER, JOSÉ EMILIO -	DE EDUCACIÓN Y CULTURA	DE POBLACIÓN Y DESARROLLO  HUMANO	DE PRESUPUESTO Y HACIENDA		
S	895	2026	PD	ABAD: PROYECTO DE DECLARACIÓN QUE EXPRESA BENEPLACITO POR EL 80° ANIVERSARIO DE LA CREACION DEL CONSEJO PROFESIONAL DE CIENCIAS ECONOMICAS DE LA PROV. DE BUENOS AIRES, EL 15 DE JUNIO DE 2026.	38/2026	21/05/2026 -	ABAD, MAXIMILIANO -	DE EDUCACIÓN Y CULTURA				
S	893	2026	PL	CAPITANICH: PROYECTO DE LEY QUE ESTABLECE PRESUPUESTOS MÍNIMOS PARA LA INCORPORACIÓN E IMPLEMENTACIÓN DE ACCIONES DE SUSTENTABILIDAD Y LA GESTIÓN INTEGRAL DE LOS RESIDUOS DE APARATOS ELÉCTRICOS Y ELECTRÓNICOS (RAEE).	38/2026	20/05/2026 -	CAPITANICH, JORGE MILTON -	DE AMBIENTE Y DESARROLLO SUSTENTABLE	DE PRESUPUESTO Y HACIENDA			
S	892	2026	PD	"ABDALA: PROYECTO DE DECLARACION QUE ADHIERE AL DÍA DEL GRANADERO PUNTANO EN DEDICACIÓN AL ""HÉROE DE CHANCAY"" CON MOTIVO DEL 231º ANIVERSARIO DEL NACIMIENTO DEL CORONEL JUAN PASCUAL PRINGLES."	38/2026	20/05/2026 -	ABDALA, BARTOLOMÉ ESTEBAN -	DE EDUCACIÓN Y CULTURA				
S	891	2026	PD	AVILA: PROYECTO DE DECLARACION QUE ADHIERE A LA CONMEMORACION DEL ANIVERSARIO DE LA FUNDACION DE LA CDAD. DE SAN MIGUEL DE TUCUMAN, PROV. DE TUCUMAN, EL 31 DE MAYO DE 2026.	38/2026	20/05/2026 -	AVILA, BEATRIZ LUISA -	DE ASUNTOS ADMINISTRATIVOS Y MUNICIPALES				
S	890	2026	PC	"MORENO-: PROYECTO DE COMUNICACION QUE SOLICITA INFORME SOBRE DIVERSOS PUNTOS RELACIONADOS A LA SITUACION FINANCIERA, PRESUPUESTARIA, ADMINISTRATIVA, AMBIENTAL Y CONTRACTUAL DE LA ""PLANTA DE TRATAMIENTO Y RED CLOACAL"" EN LA LOC. DE AÑATUYA, PROV. DE SANTIAGO DEL ESTERO."	38/2026	20/05/2026 -	MORENO, ELIA ESTHER DEL CARMEN -	DE INFRAESTRUCTURA, VIVIENDA Y TRANSPORTE				
S	889	2026	PD	"MENDOZA: PROYECTO DE DECLARACIÓN QUE DECLARA DE INTERÉS LA SERIE AUDIOVISUAL ""TAFI VIEJO: VERDOR SIN TIEMPO"", PRODUCIDA EN LA PROV. DE TUCUMÁN."	37/2026	20/05/2026 -	MENDOZA, SANDRA MARIELA -	DE EDUCACIÓN Y CULTURA				
S	888	2026	PL	UÑAC: PROYECTO DE LEY QUE ESTABLECE UNA TARIFA DIFERENCIAL DE ENERGIA ELECTRICA, GAS Y AGUA PARA LOS CLUBES DE BARRIO Y DE PUEBLO - LEY 27.098.	37/2026	20/05/2026 -	UÑAC, SERGIO MAURICIO -	DE PRESUPUESTO Y HACIENDA	DE MINERÍA, ENERGÍA Y COMBUSTIBLES			
S	887	2026	PL	AVILA: PROYECTO DE LEY QUE DISPONE LA RESTITUCION AL GOBIERNO DE LA PROV. DE TUCUMAN, DEL BASTON DE CAÑA DE LA INDIA DEL CONGRESISTA DR. JOSE IGNACIO DE THAMES	37/2026	20/05/2026 -	AVILA, BEATRIZ LUISA -	DE EDUCACIÓN Y CULTURA				
S	886	2026	PL	AVILA: PROYECTO DE LEY QUE MODIFICA EL ART. 8° DE SU SIMILAR 24.240 - DEFENSA DEL CONSUMIDOR- RESPECTO DE LOS EFECTOS DE LA PUBLICIDAD.	37/2026	20/05/2026 -	AVILA, BEATRIZ LUISA -	DE DERECHOS Y GARANTÍAS				
S	885	2026	PL	AVILA: PROYECTO DE LEY QUE DISPONE LA ENTREGA AL GOBIERNO DE LA PROVINCIA DE TUCUMAN, DEL ESTANDARTE Y BANDERAS REALISTAS TOMADAS EN LA BATALLA DE TUCUMAN.	37/2026	20/05/2026 -	AVILA, BEATRIZ LUISA -	DE EDUCACIÓN Y CULTURA				
S	884	2026	PL	AVILA: PROYECTO DE LEY QUE MODIFICA SU SIMILAR 26.396 -TRASTORNO ALIMENTARIO-, SOBRE EL REGIMEN DE SANCIONES.	37/2026	20/05/2026 -	AVILA, BEATRIZ LUISA -	DE SALUD	DE JUSTICIA Y ASUNTOS PENALES			
S	883	2026	PL	AVILA: PROYECTO DE LEY QUE MODIFICA EL ART. 46 DE SU SIMILAR 17.418 -SEGUROS-, RESPECTO AL PLAZO PARA LA COMUNICACIÓN DEL SINIESTRO.	37/2026	20/05/2026 -	AVILA, BEATRIZ LUISA -	DE LEGISLACIÓN GENERAL				
S	881	2026	PD	"ARCE Y ROJAS DECUT: PROYECTO DE DECLARACION QUE DECLARA DE INTERES EL QUINCUAGESIMO QUINTO ANIVERSARIO DEL PROGRAMA ""FORMULA TUERCA Y TODOS LOS DEPORTES"", EMITIDO POR LT4 RADIODIFUSORA MISIONES, PROV. HOMONIMA, EL 1° DE JULIO DE 2026."	37/2026	20/05/2026 -	ARCE, CARLOS OMAR - ROJAS DECUT, SONIA ELIZABETH -	DE SISTEMAS, MEDIOS DE COMUNICACIÓN Y LIBERTAD DE EXPRESIÓN				
S	880	2026	PD	"SCHNEIDER: PROYECTO DE DECLARACION QUE EXPRESA BENEPLACITO POR LA CONMEMORACION DEL ""116° ANIVERSARIO DE LA LOC. DE VILLA ANGELA"", PROV. DEL CHACO, EL 24 DE MAYO DE 2026."	37/2026	20/05/2026 -	SCHNEIDER, SILVANA LORENA -	DE ASUNTOS ADMINISTRATIVOS Y MUNICIPALES				
S	879	2026	PD	"SCHNEIDER: PROYECTO DE DECLARACION QUE EXPRESA BENEPLACITO POR LA CONMEMORACION DEL ""121° ANIVERSARIO DE LA LOC. DE COLONIA ELISA"", PROV. DEL CHACO, EL 29 DE MAYO DE 2026."	37/2026	20/05/2026 -	SCHNEIDER, SILVANA LORENA -	DE ASUNTOS ADMINISTRATIVOS Y MUNICIPALES				
S	878	2026	PD	SCHNEIDER: PROYECTO DE DECLARACION QUE EXPRESA BENEPLACITO POR LA CONMEMORACION DEL 114° ANIVERSARIO DE LA LOC. DE GENERAL PINEDO, PROV. DEL CHACO, EL 25 DE MAYO DE 2026.	37/2026	20/05/2026 -	SCHNEIDER, SILVANA LORENA -	DE ASUNTOS ADMINISTRATIVOS Y MUNICIPALES				
S	877	2026	PD	MENDOZA: PROYECTO DE DECLARACIÓN QUE ADHIERE A LA CONMEMORACIÓN DE UN NUEVO ANIVERSARIO DE LA REVOLUCION DE MAYO, EL 25 DE MAYO DE 2026.	37/2026	20/05/2026 -	MENDOZA, SANDRA MARIELA -	DE EDUCACIÓN Y CULTURA				
S	875	2026	PC	KIRCHNER: PROYECTO DE COMUNICACION QUE SOLICITA INFORME SOBRE LA REASIGNACIÓN DE PARTIDAS PRESUPUESTARIAS DISPUESTAS POR LA DECISIÓN ADMINISTRATIVA 20/2026 A LA ADMINISTRACIÓN NACIONAL DE LA SEGURIDAD SOCIAL (ANSES) Y OTRAS CUESTIONES CONEXAS.	37/2026	19/05/2026 -	KIRCHNER, ALICIA MARGARITA ANTONIA -	DE PRESUPUESTO Y HACIENDA				
S	874	2026	PC	KIRCHNER: PROYECTO DE COMUNICACION QUE SOLICITA INFORME SOBRE LOS FUNDAMENTOS TÉCNICOS, JURÍDICOS, PRESUPUESTARIOS Y OPERATIVOS DEL DECRETO DE NECESIDAD Y URGENCIA N° 274/26 Y OTRAS CUESTIONES CONEXAS.	37/2026	19/05/2026 -	KIRCHNER, ALICIA MARGARITA ANTONIA -	DE PRESUPUESTO Y HACIENDA				
S	873	2026	PL	KIRCHNER Y MARKS: PROYECTO DE LEY DE CREACIÓN DEL CONSEJO FEDERAL DE DESARROLLO SOCIAL (COFEDESO).	37/2026	19/05/2026 -	KIRCHNER, ALICIA MARGARITA ANTONIA - MARKS, ANA INÉS -	DE POBLACIÓN Y DESARROLLO  HUMANO	DE PRESUPUESTO Y HACIENDA			
S	872	2026	PC	MOISES Y OTROS: PROYECTO DE COMUNICACIÓN QUE SOLICITA INFORME SOBRE DIVERSOS PUNTOS RELACIONADOS A LO DISPUESTO POR LA DECISIÓN ADMINISTRATIVA 20/26, REFERIDA A REDUCCIÓN DE CRÉDITOS EN PROGRAMAS DEPENDIENTES DEL MINISTERIO DE SALUD.	37/2026	19/05/2026 -	MOISES, MARÍA CAROLINA - MENDOZA, SANDRA MARIELA - ANDRADA, GUILLERMO EDUARDO -	DE PRESUPUESTO Y HACIENDA				
S	871	2026	PL	HUALA: PROYECTO DE LEY QUE ESTABLECE LA OBLIGATORIEDAD Y LOS PLAZOS DE RESPUESTA PARA LOS PEDIDOS DE INFORMES DIRIGIDOS AL PODER EJECUTIVO NACIONAL O INSTITUCIONES PÚBLICAS.	37/2026	19/05/2026 -	HUALA, MARÍA VICTORIA -	DE ASUNTOS CONSTITUCIONALES	DE LEGISLACIÓN GENERAL			
S	870	2026	PC	CAPITANICH: PROYECTO DE COMUNICACION QUE SOLICITA INFORME SOBRE DIVERSOS PUNTOS RELACIONADOS A LA ADQUISICIÓN DE UNA AERONAVE DESTINADA A LA FUERZA AEREA ARGENTINA, REALIZADA MEDIANTE LICITACION PUBLICA DURANTE EL AÑO 2025.	37/2026	19/05/2026 -	CAPITANICH, JORGE MILTON -	DE DEFENSA NACIONAL				
S	868	2026	PC	CAPITANICH: PROYECTO DE COMUNICACION QUE SOLICITA LA RECOMPOSICIÓN SALARIAL INTEGRAL DE TODO EL PERSONAL DE LAS FUERZAS ARMADAS Y DE LAS FUERZAS DE SEGURIDAD FEDERALES.	37/2026	18/05/2026 -	CAPITANICH, JORGE MILTON -	DE PRESUPUESTO Y HACIENDA				
S	867	2026	PL	MARKS Y OTROS: PROYECTO DE LEY QUE DECLARA LA EMERGENCIA SANITARIA, PRESTACIONAL, ADMINISTRATIVA Y FINANCIERA DEL PROGRAMA FEDERAL INCLUIR SALUD EN TODO EL TERRITORIO NACIONAL POR EL PLAZO DE DOCE (12) MESES, PRORROGABLE POR IGUAL TERMINO.	37/2026	18/05/2026 -	MARKS, ANA INÉS - KIRCHNER, ALICIA MARGARITA ANTONIA - SORIA, MARTIN IGNACIO - LINARES, CARLOS ALBERTO - GIMÉNEZ NAVARRO, MARÍA CELESTE - GONZÁLEZ, MARÍA TERESA MARGARITA - RECALDE, MARIANO - UÑAC, SERGIO MAURICIO -	DE SALUD	DE POBLACIÓN Y DESARROLLO  HUMANO	DE PRESUPUESTO Y HACIENDA		
S	866	2026	PL	ZAMORA: PROYECTO DE LEY QUE CREA LA CAMARA FEDERAL DE APELACIONES CON ASIENTO EN LA CDAD. DE SANTIAGO DEL ESTERO, PROV. HOMONIMA.	36/2026	18/05/2026 -	ZAMORA, GERARDO -	DE JUSTICIA Y ASUNTOS PENALES	DE PRESUPUESTO Y HACIENDA			
S	865	2026	PL	ROJAS DECUT Y ARCE: PROYECTO DE LEY QUE ESTABLECE LOS PRESUPUESTOS MINIMOS DE PROTECCION AMBIENTAL APLICABLE AL DESARROLLO DE LOS MERCADOS DE CARBONO EN LA REP. ARGENTINA Y SU INTEGRACION AL MERCADO DE CAPITALES NACIONAL.	36/2026	18/05/2026 -	ROJAS DECUT, SONIA ELIZABETH - ARCE, CARLOS OMAR -	DE LEGISLACIÓN GENERAL	DE AMBIENTE Y DESARROLLO SUSTENTABLE	DE PRESUPUESTO Y HACIENDA		
S	861	2026	PD	"SCHNEIDER: PROYECTO DE DECLARACIÓN QUE EXPRESA BENEPLÁCITO POR LA REALIZACIÓN DE LA ""XXVIII FIESTA PROVINCIAL DEL CERDO"" EN LA LOC. DE CHARATA, PROV. DEL CHACO, EL 17 DE MAYO."	36/2026	15/05/2026 -	SCHNEIDER, SILVANA LORENA -	DE AGRICULTURA, GANADERÍA Y PESCA				
S	860	2026	PD	"SCHNEIDER: PROYECTO DE DECLARACIÓN QUE EXPRESA BENEPLÁCITO POR LA REALIZACIÓN DE LA SEGUNDA EDICIÓN DEL EVENTO ""INNOVACIÓN PYME 2026"" EN LA CDAD. DE RESISTENCIA, PROV. DEL CHACO, EL 21 DE MAYO."	36/2026	15/05/2026 -	SCHNEIDER, SILVANA LORENA -	DE ECONOMÍAS REGIONALES, ECONOMÍA SOCIAL, MICRO, PEQUEÑA Y MEDIANA EMPRESA				
S	859	2026	PL	SCHNEIDER: PROYECTO DE LEY QUE INSTITUYE EL 12 DE MAYO DE CADA AÑO COMO EL DIA NACIONAL DEL SINDROME DE GOULD.	36/2026	15/05/2026 -	SCHNEIDER, SILVANA LORENA -	DE SALUD	DE EDUCACIÓN Y CULTURA			
S	858	2026	PC	MOISES Y OTROS: PROYECTO DE COMUNICACIÓN QUE SOLICITA INFORME Y GARANTICE EL ABASTECIMIENTO DE GAS NATURAL PARA LAS INDUSTRIAS DEL NOA DURANTE EL PERIODO INVERNAL 2026.	36/2026	15/05/2026 -	MOISES, MARÍA CAROLINA - ROYON, FLAVIA GABRIELA - LÓPEZ, CÁNDIDA CRISTINA - ANDRADA, GUILLERMO EDUARDO - SALINO, FERNANDO ALDO - AVILA, BEATRIZ LUISA - GOERLING LARA, ENRIQUE MARTÍN - MENDOZA, SANDRA MARIELA - REJAL, JESÚS FERNANDO - LEWANDOWSKI, MARCELO NÉSTOR -	DE MINERÍA, ENERGÍA Y COMBUSTIBLES				
S	857	2026	PD	MOISES Y OTROS: PROYECTO DE DECLARACIÓN QUE EXPRESA PREOCUPACION POR LA SITUACION ENERGETICA QUE ATRAVIESAN LAS INDUSTRIAS DEL NOA ANTE RESTRICCIONES DE TRANSPORTE Y ABASTECIMIENTO DE GAS NATURAL PREVISTAS PARA EL INVIERNO 2026.	36/2026	15/05/2026 -	MOISES, MARÍA CAROLINA - MENDOZA, SANDRA MARIELA - AVILA, BEATRIZ LUISA - LÓPEZ, CÁNDIDA CRISTINA - GOERLING LARA, ENRIQUE MARTÍN - ANDRADA, GUILLERMO EDUARDO - REJAL, JESÚS FERNANDO - LEWANDOWSKI, MARCELO NÉSTOR - SALINO, FERNANDO ALDO - ROYON, FLAVIA GABRIELA -	DE MINERÍA, ENERGÍA Y COMBUSTIBLES				
S	809	2026	PL	BULLRICH Y OTROS: PROYECTO DE LEY QUE ESTABLECE MARCO REGULATORIO DE BIOCOMBUSTIBLES EN EL TERRITORIO NACIONAL.	36/2026	14/05/2026 -	BULLRICH, PATRICIA - CERVI, MARIO PABLO - COTO, AGUSTÍN PEDRO - OLIVERA LUCERO, BRUNO ANTONIO - FULLONE, ENZO PAOLO - ATAUCHE, EZEQUIEL - GODOY, JUAN CRUZ - ALVAREZ RIVERO, CARMEN -	DE MINERÍA, ENERGÍA Y COMBUSTIBLES	DE PRESUPUESTO Y HACIENDA			
S	808	2026	PL	ROYÓN: PROYECTO DE LEY SOBRE MARCO REGULATORIO DEL MERCADO VOLUNTARIO DE CARBONO.	36/2026	14/05/2026 -	ROYON, FLAVIA GABRIELA -	DE LEGISLACIÓN GENERAL	DE AMBIENTE Y DESARROLLO SUSTENTABLE	DE PRESUPUESTO Y HACIENDA		
S	807	2026	PD	CAPITANICH: PROYECTO DE DECLARACIÓN QUE REPUDIA LA DETENCIÓN DEL PERIODISTA DE TV LOCAL  FERNANDO OJEDA, EL 13 DE MAYO DE 2026, EN LA LOCALIDAD DE MARGARITA BELÉN, PROV. DEL CHACO	36/2026	14/05/2026 -	CAPITANICH, JORGE MILTON -	DE SISTEMAS, MEDIOS DE COMUNICACIÓN Y LIBERTAD DE EXPRESIÓN				
S	748	2026	PR	CAPITANICH: PROYECTO DE RESOLUCION QUE DISPONE INSTALAR EN LOS SALONES DE USO PÚBLICO DEL H. SENADO DE LA NACIÓN, SISTEMAS EQUIPADOS CON PROTESIS AUDITIVAS PARA HIPOACÚSICOS.	36/2026	14/05/2026 -	CAPITANICH, JORGE MILTON -	DE ASUNTOS ADMINISTRATIVOS Y MUNICIPALES	DE PRESUPUESTO Y HACIENDA			
S	747	2026	PL	CAPITANICH: PROYECTO DE LEY QUE MODIFICA SU SIMILAR - 27.149 -LEY ORGÁNICA DEL MINISTERIO PÚBLICO FISCAL-, RESPECTO DE MODIFICAR EL PLAZO DE DURACIÓN EN EL CARGO DEL PROCURADOR GENERAL DE LA NACIÓN Y DEL PROCEDIMIENTO PARA SU REMOCIÓN.	36/2026	14/05/2026 -	CAPITANICH, JORGE MILTON -	DE ASUNTOS CONSTITUCIONALES	DE JUSTICIA Y ASUNTOS PENALES			
S	746	2026	PL	FERNANDEZ SAGASTI: PROYECTO DE LEY QUE DEROGA EL DCTO. N° 306/26 QUE MODIFICÓ EL DCTO. REGLAMENTARIO N° 395/75 DE LA LEY NACIONAL DE ARMAS Y EXPLOSIVOS N° 20.429	36/2026	14/05/2026 -	FERNÁNDEZ SAGASTI, ANABEL -	DE SEGURIDAD INTERIOR Y NARCOTRÁFICO	DE ASUNTOS CONSTITUCIONALES			
S	735	2026	PD	OLIVERA LUCERO: PROYECTO DE DECLARACIÓN QUE DECLARA DE INTERÉS LA FERIA INTERNACIONAL DE ARTESANIAS DE SAN JUAN 2026, EN LA LOC. DE CHIMBAS, PROV. DE SAN JUAN, ENTRE EL 30 DE ABRIL Y EL 11 DE MAYO	36/2026	14/05/2026 -	OLIVERA LUCERO, BRUNO ANTONIO -	DE EDUCACIÓN Y CULTURA				
S	733	2026	PC	ROYON: PROYECTO DE COMUNICACIÓN QUE SOLICITA INFORME SOBRE DISTINTOS ASPECTOS DE LA RECAUDACION, DISTRIBUCION Y EJECUCION DE RECURSOS DESTINADOS AL SISTEMA DE INFRAESTRUCTURA DE TRANSPORTE CONFORME A LAS PREVISIONES DE LAS LEYES 23.966 Y 27.798 DEL P.G.A.N. - EJERCICIO 2026.	36/2026	14/05/2026 -	ROYON, FLAVIA GABRIELA -	DE INFRAESTRUCTURA, VIVIENDA Y TRANSPORTE				
S	732	2026	PL	ROYON: PROYECTO DE LEY QUE DECLARA LA EMERGENCIA VIAL EN EL TERRITORIO DE LA PROVINCIA DE SALTA, POR EL PLAZO DE VEINTICUATRO (24) MESES.	36/2026	14/05/2026 -	ROYON, FLAVIA GABRIELA -	DE INFRAESTRUCTURA, VIVIENDA Y TRANSPORTE	DE PRESUPUESTO Y HACIENDA			
S	729	2026	PD	"CERVI Y OTROS: PROYECTO DE DECLARACION QUE DECLARA DE INTERES LA REALIZACION DE LA XIV EDICION DE LA ""CRUZADA HOMENAJE"" A LOS CAIDOS EN EL CUMPLIMIENTO DEL DEBER DE LA POLICIA DE LA PROV. DEL NEUQUEN, DEL 18 DE OCTUBRE AL 2 DE NOVIEMBRE DE 2026."	35/2026	14/05/2026 -	CERVI, MARIO PABLO - ARRASCAETA, IVANNA MARCELA - OROZCO, MARÍA EMILIA - OLIVERA LUCERO, BRUNO ANTONIO - JUEZ, LUIS ALFREDO - ABDALA, BARTOLOMÉ ESTEBAN - PAGOTTO, JUAN CARLOS - BULLRICH, PATRICIA - GUZMÁN CORAITA, GONZALO -	DE SEGURIDAD INTERIOR Y NARCOTRÁFICO				
S	728	2026	PD	OLIVERA LUCERO: PROYECTO DE DECLARACIÓN QUE DECLARA DE INTERÉS LA REALIZACIÓN DE LA 11° EXPO SAN JUAN MINERA INTERNACIONAL 2026, EN LA CDAD. DE SAN JUAN, PROV. HOMONIMA, ENTRE EL 6 Y EL 8 DE MAYO.	35/2026	14/05/2026 -	OLIVERA LUCERO, BRUNO ANTONIO -	DE MINERÍA, ENERGÍA Y COMBUSTIBLES				
S	727	2026	PL	CAPITANICH Y MENDOZA: PROYECTO DE LEY QUE CREA EL FONDO SOBERANO DE ESTABILIZACIÓN Y DESARROLLO (FOSED).	35/2026	14/05/2026 -	CAPITANICH, JORGE MILTON - MENDOZA, SANDRA MARIELA -	DE PRESUPUESTO Y HACIENDA	DE ECONOMÍA NACIONAL E INVERSIÓN	DE ASUNTOS CONSTITUCIONALES		
S	726	2026	PL	FULLONE: PROYECTO DE LEY QUE ESTABLECE UN REGIMEN EXCEPCIONAL PARA LA REGULACION DE LA OBRA PUBLICA NACIONAL.	35/2026	14/05/2026 -	FULLONE, ENZO PAOLO - CERVI, MARIO PABLO - GUZMÁN CORAITA, GONZALO - ALMEIDA, ROMINA MARÍA - BULLRICH, PATRICIA - BENEGAS LYNCH, JOAQUÍN ALBERTO - MONTE DE OCA, MARÍA BELÉN - GODOY, JUAN CRUZ - COTO, AGUSTÍN PEDRO - JURI, MARIANA - MONTEVERDE, AGUSTÍN ANÍBAL -	DE INFRAESTRUCTURA, VIVIENDA Y TRANSPORTE				
S	724	2026	PD	REJAL: PROYECTO DE DECLARACION QUE DECLARA DE INTERES LOS RESULTADOS DE ESTUDIOS DE FACTIBILIDAD PARA LA PRODUCCION DE ENERGIA GEOTERMICA REALIZADOS POR INVESTIGADORES DEL CONICET EN EL VOLCAN INCAPILLO (CORONA DEL INCA) DE LOS ANDES CENTRALES, PROVINCIA DE LA RIOJA.	35/2026	13/05/2026 -	REJAL, JESÚS FERNANDO -	DE CIENCIA Y TECNOLOGÍA				
S	723	2026	PD	ARCE Y ROJAS DECUT: PROYECTO DE DECLARACIÓN QUE DECLARA DE INTERES EL XVI CONGRESO ARGENTINO DE GRADUADOS EN NUTRICION A REALIZARSE EN LA CDAD. DE POSADAS, PROV. DE MISIONES, DEL 14 AL 16 DE MAYO DE 2026.	35/2026	13/05/2026 -	ARCE, CARLOS OMAR - ROJAS DECUT, SONIA ELIZABETH -	DE SALUD				
S	722	2026	PL	CAPITANICH: PROYECTO DE LEY DE FORTALECIMIENTO DEL CONTROL ESTATAL DE ARMAS DE FUEGO Y PREVENCIÓN DE LA VIOLENCIA ARMADA.	35/2026	13/05/2026 -	CAPITANICH, JORGE MILTON -	DE SEGURIDAD INTERIOR Y NARCOTRÁFICO	BANCA DE LA MUJER			
S	720	2026	PD	"SCHNEIDER: PROYECTO DE DECLARACIÓN QUE EXPRESA BENEPLÁCITO POR LA CONMEMORACIÓN DEL ""105° ANIVERSARIO DE NAPENAY"", LOC. DE LA PROV. DEL CHACO, EL 15 DE MAYO DE 2026."	35/2026	13/05/2026 -	SCHNEIDER, SILVANA LORENA -	DE ASUNTOS ADMINISTRATIVOS Y MUNICIPALES				
S	719	2026	PL	REJAL Y SALINO: PROYECTO DE LEY QUE DECLARA LA EMERGENCIA DE LAS DEUDAS CONTRAÍDAS POR PERSONAS HUMANAS QUE SE ENCUENTREN EN ESTADO DE MOROSIDAD.	35/2026	13/05/2026 -	REJAL, JESÚS FERNANDO - SALINO, FERNANDO ALDO -	DE PRESUPUESTO Y HACIENDA	DE ECONOMÍA NACIONAL E INVERSIÓN			
S	718	2026	PL	CAPITANICH: PROYECTO DE LEY QUE ESTABLECE UN MARCO REGULATORIO PARA LA EMISIÓN Y DESARROLLO DE ACTIVOS FINANCIEROS AMBIENTALES (AFA).	35/2026	12/05/2026 -	CAPITANICH, JORGE MILTON -	DE LEGISLACIÓN GENERAL	DE AMBIENTE Y DESARROLLO SUSTENTABLE	DE PRESUPUESTO Y HACIENDA		
S	717	2026	PL	CAPITANICH: PROYECTO DE LEY QUE CREA EL ÍNDICE NACIONAL DE POBREZA MULTIDIMENSIONAL (INPM).	35/2026	12/05/2026 -	CAPITANICH, JORGE MILTON -	DE POBLACIÓN Y DESARROLLO  HUMANO	DE LEGISLACIÓN GENERAL	DE PRESUPUESTO Y HACIENDA		
S	716	2026	PL	CARAMBIA Y GADANO: PROYECTO DE LEY QUE FOMENTA EL DESARROLLO DE INFRAESTRUCTURA PARA LA GENERACION DE ENERGIA EOLICA Y FOTOVOLTAICA.	35/2026	12/05/2026 -	CARAMBIA, JOSÉ MARÍA - GADANO, NATALIA ELENA -	DE MINERÍA, ENERGÍA Y COMBUSTIBLES	DE PRESUPUESTO Y HACIENDA			
S	715	2026	PL	LOPEZ FLORENCIA: PROYECTO DE LEY QUE REGULA LA MISION Y ORGANIZACIÓN DEL SISTEMA NACIONAL DE BOMBEROS VOLUNTARIOS EN TODO EL TERRITORIO NACIONAL Y SU VINCULACION CON EL ESTADO NACIONAL.	35/2026	12/05/2026 -	LÓPEZ, MARÍA FLORENCIA -	DE LEGISLACIÓN GENERAL	DE TRABAJO Y PREVISIÓN SOCIAL	DE SEGURIDAD INTERIOR Y NARCOTRÁFICO	DE PRESUPUESTO Y HACIENDA	
S	714	2026	PL	"LOPEZ FLORENCIA: PROYECTO DE LEY QUE INSTITUYE EL 3 DE AGOSTO DE CADA AÑO COMO EL ""DIA NACIONAL DE LA RESILIENCIA""."	35/2026	12/05/2026 -	LÓPEZ, MARÍA FLORENCIA -	DE POBLACIÓN Y DESARROLLO  HUMANO	DE EDUCACIÓN Y CULTURA			
S	713	2026	PD	MENDOZA: PROYECTO DE DECLARACIÓN QUE EXPRESA BENEPLACITO AL CONMEMORARSE UN NUEVO ANIVERSARIO DE LA FUNDACION DE LA LOCALIDAD DE AMAICHA DEL VALLE, DEPTO. DE TAFI DEL VALLE, PROV. DE TUCUMAN, EL 30 DE ABRIL DE CADA AÑO.	35/2026	12/05/2026 -	MENDOZA, SANDRA MARIELA -	DE ASUNTOS ADMINISTRATIVOS Y MUNICIPALES				
S	712	2026	PD	MENDOZA: PROYECTO DE DECLARACIÓN QUE EXPRESA BENEPLACITO AL CONMEMORARSE UN NUEVO ANIVERSARIO DE LA FUNDACION DE LA CIUDAD DE TAFI VIEJO, PROV. DE TUCUMAN, EL 3 DE MAYO DE CADA AÑO.	35/2026	12/05/2026 -	MENDOZA, SANDRA MARIELA -	DE ASUNTOS ADMINISTRATIVOS Y MUNICIPALES				
S	711	2026	PD	MENDOZA: PROYECTO DE DECLARACIÓN QUE EXPRESA BENEPLACITO POR LA REALIZACIÓN DE LA II EDICION DE EXPO NOA, EN LA CDAD. DE FAMAILLÁ, PROV. DE TUCUMAN, DEL 21 AL 25 DE MAYO DE 2026.	35/2026	12/05/2026 -	MENDOZA, SANDRA MARIELA -	DE AGRICULTURA, GANADERÍA Y PESCA				
S	710	2026	PL	MENDOZA: PROYECTO DE LEY QUE DECLARA PATRIMONIO CULTURAL INMATERIAL DE LA NACIÓN, EN LOS TERMINOS DE LA LEY 26.118, A LA FERIA DE SIMOCA, QUE SE REALIZA LOS  SÁBADOS EN LA CDAD. HOMONIMA, PROV. DE TUCUMAN.	35/2026	12/05/2026 -	MENDOZA, SANDRA MARIELA -	DE EDUCACIÓN Y CULTURA				
S	709	2026	PD	"FERNANDEZ SAGASTI: PROYECTO DE DECLARACIÓN QUE EXPRESA BENEPLACITO POR EL SUBCAMPEONATO LOGRADO POR ALUMNOS DE LA PROV. DE MENDOZA, EN EL MUNDIAL DE ROBOTICA ""FIRST TECH CHALLENGE 2026"", ENTRE EL 15 Y 18 DE ABRIL DE 2026."	35/2026	12/05/2026 -	FERNÁNDEZ SAGASTI, ANABEL -	DE EDUCACIÓN Y CULTURA				
S	708	2026	PL	CORPACCI Y OTROS: PROYECTO DE LEY QUE DECLARA LA EMERGENCIA NACIONAL EN SALUD MENTAL, EN TODO EL TERRITORIO DE LA REP. ARGENTINA, POR EL TÉRMINO DE DOS (2) AÑOS.	34/2026	11/05/2026 -	CORPACCI, LUCÍA BENIGNA - FERNÁNDEZ SAGASTI, ANABEL - LINARES, CARLOS ALBERTO - MARKS, ANA INÉS - SALINO, FERNANDO ALDO - REJAL, JESÚS FERNANDO - SORIA, MARTIN IGNACIO - MOISES, MARÍA CAROLINA - GONZÁLEZ, MARÍA TERESA MARGARITA - MENDOZA, SANDRA MARIELA - ANDRADA, GUILLERMO EDUARDO - KIRCHNER, ALICIA MARGARITA ANTONIA - UÑAC, SERGIO MAURICIO -	DE SALUD	DE PRESUPUESTO Y HACIENDA			
S	707	2026	PD	CAPITANICH: PROYECTO DE DECLARACIÓN QUE DECLARA DE INTERES EL DESARROLLO POR PARTE DEL INSTITUTO NACIONAL DE TECNOLOGÍA AGROPECUARIA (INTA) LA ESTACIÓN EXPERIMENTAL DE PRESIDENCIA ROQUE SAENZ PEÑA, PROV. DEL CHACO.	34/2026	11/05/2026 -	CAPITANICH, JORGE MILTON -	DE AGRICULTURA, GANADERÍA Y PESCA				
S	706	2026	PL	CAPITANICH: PROYECTO DE LEY DE INTEGRACIÓN OBLIGATORIA DEL PUERTO DE BARRANQUERAS A LA VIA NAVEGABLE TRONCAL.	34/2026	11/05/2026 -	CAPITANICH, JORGE MILTON -	DE INFRAESTRUCTURA, VIVIENDA Y TRANSPORTE	DE PRESUPUESTO Y HACIENDA			
S	705	2026	PL	CAPITANICH: PROYECTO DE LEY DE REGIMEN DE AUTONOMIA, INVIOLABILIDAD E INTANGIBILIDAD DE LOS PUERTOS PROVINCIALES.	34/2026	11/05/2026 -	CAPITANICH, JORGE MILTON -	DE INFRAESTRUCTURA, VIVIENDA Y TRANSPORTE	DE ASUNTOS CONSTITUCIONALES			
S	704	2026	PL	CAPITANICH: PROYECTO DE LEY DE INTEGRACION LOGISTICA FEDERAL Y GARANTIA DE NAVEGABILIDAD DE LOS PUERTOS PUBLICOS DEL SISTEMA TRONCAL DE NAVEGACION.	34/2026	11/05/2026 -	CAPITANICH, JORGE MILTON -	DE INFRAESTRUCTURA, VIVIENDA Y TRANSPORTE	DE PRESUPUESTO Y HACIENDA			
S	702	2026	PL	VISCHI Y OTROS: PROYECTO DE LEY QUE CREA EL REGIMEN DE INCENTIVO PARA INVERSIONES RELEVANTES (RIIR).	34/2026	08/05/2026 -	VISCHI, EDUARDO ALEJANDRO - VALENZUELA, MERCEDES GABRIELA - GALARETTO, EDUARDO HORACIO - KRONEBERGER, DANIEL RICARDO - JURI, MARIANA -	DE LEGISLACIÓN GENERAL	DE PRESUPUESTO Y HACIENDA	DE ECONOMÍAS REGIONALES, ECONOMÍA SOCIAL, MICRO, PEQUEÑA Y MEDIANA EMPRESA		
S	701	2026	PL	CAPITANICH Y OTROS: PROYECTO DE LEY QUE DECLARA LA EMERGENCIA INSTITUCIONAL DE ENTES AUTARQUICOS DESCENTRALIZADOS.	34/2026	08/05/2026 -	CAPITANICH, JORGE MILTON - BAHL, ADÁN HUMBERTO - GONZÁLEZ, MARÍA TERESA MARGARITA - KIRCHNER, ALICIA MARGARITA ANTONIA -	DE AGRICULTURA, GANADERÍA Y PESCA	DE TRABAJO Y PREVISIÓN SOCIAL	DE PRESUPUESTO Y HACIENDA		
S	699	2026	PR	VALENZUELA: PROYECTO DE RESOLUCION QUE DISPONE LA ILUMINACION DE LA FACHADA DEL PALACIO DEL HONORABLE CONGRESO DE LA NACION DE COLOR AZUL EN CONMEMORACION AL DIA NACIONAL DE LAS PERSONAS SORDAS, TODOS LOS 19 DE SEPTIEMBRE DE CADA AÑO.	34/2026	07/05/2026 -	VALENZUELA, MERCEDES GABRIELA -	DE POBLACIÓN Y DESARROLLO  HUMANO				
S	698	2026	PD	"SCHNEIDER: PROYECTO DE DECLARACIÓN QUE EXPRESA BENEPLÁCITO POR LA CONMEMORACIÓN DEL ""144° ANIVERSARIO DE LA LOCALIDAD DE LAS PALMAS"", PROV. DEL CHACO, EL 10 DE MAYO DE 2026."	34/2026	07/05/2026 -	SCHNEIDER, SILVANA LORENA -	DE ASUNTOS ADMINISTRATIVOS Y MUNICIPALES				
S	697	2026	PD	"SCHNEIDER: PROYECTO DE DECLARACIÓN QUE EXPRESA BENEPLÁCITO POR LA CONMEMORACIÓN DEL ""136° ANIVERSARIO DE LA LOCALIDAD MARGARITA BELEN"", PROV. DEL CHACO, EL 9 DE MAYO DE 2026."	34/2026	07/05/2026 -	SCHNEIDER, SILVANA LORENA -	DE ASUNTOS ADMINISTRATIVOS Y MUNICIPALES				
S	696	2026	PL	TERENZI: PROYECTO DE LEY QUE MODIFICA SU SIMILAR 26.571- DEMOCRATIZACIÓN DE LA REPRESENTACIÓN POLÍTICA, LA TRANSPARENCIA Y LA EQUIDAD ELECTORAL-, RESPECTO DE LA OBLIGATORIEDAD DE LA PARTICIPACIÓN POLÍTICA Y CIUDADANA EN LAS P.A.S.O.	34/2026	07/05/2026 -	TERENZI, EDITH ELIZABETH -	DE ASUNTOS CONSTITUCIONALES				
S	695	2026	PL	TERENZI: PROYECTO DE LEY QUE MODIFICA SU SIMILAR 27.623 - TRANSFERENCIA DE INMUEBLES A FAVOR DE LA MUNICIPALIDAD DE PUERTO MADRYN-, RESPECTO DEL DESTINO DEL INMUEBLE TRANSFERIDO, Y DE LOS PARTICIPES EN EL PROCEDIMIENTO DE SUBASTA O LICITACION PUBLICA.	34/2026	07/05/2026 -	TERENZI, EDITH ELIZABETH -	DE ASUNTOS ADMINISTRATIVOS Y MUNICIPALES				
S	694	2026	PL	TERENZI: PROYECTO DE LEY QUE MODIFICA SU SIMILAR 26.061- PROTECCIÓN INTEGRAL DE LOS DERECHOS DE LAS NIÑAS, NIÑOS Y ADOLESCENTES-, RESPECTO DE LOS REQUISITOS PARA LA DESIGNACIÓN Y ELECCIÓN DEL DEFENSOR Y DEFENSORES ADJUNTOS, Y LA INTEGRACIÓN DE LA COMISIÓN BICAMERAL DE PROTECCIÓN DE LOS DEREC	34/2026	07/05/2026 -	TERENZI, EDITH ELIZABETH -	DE POBLACIÓN Y DESARROLLO  HUMANO	DE LEGISLACIÓN GENERAL			
S	693	2026	PD	HUALA: PROYECTO DE DECLARACIÓN QUE EXPRESA BENEPLACITO POR EL 105° ANIVERSARIO DEL CLUB ATLETICO PAMPERO DE LA LOC. DE GUATRACHE, PROV. DE LA PAMPA, EL 26 DE JUNIO DE 2026.	34/2026	07/05/2026 -	HUALA, MARÍA VICTORIA -	DE DEPORTE				
S	692	2026	PL	JURI Y SUAREZ: PROYECTO DE LEY SOBRE FICHA LIMPIA.	34/2026	07/05/2026 -	JURI, MARIANA - SUÁREZ, RODOLFO ALEJANDRO -	DE ASUNTOS CONSTITUCIONALES				
S	691	2026	PD	CORROZA: PROYECTO DE DECLARACIÓN QUE ADHIERE AL 116° ANIVERSARIO DE LA LOC. DE EL CHOLAR, DPTO. ÑORQUÍN, PROV. DEL NEUQUÉN, EL 9 DE MAYO DE 2026.	34/2026	07/05/2026 -	CORROZA, JULIETA -	DE ASUNTOS ADMINISTRATIVOS Y MUNICIPALES				
S	690	2026	PD	CORROZA: PROYECTO DE DECLARACIÓN QUE ADHIERE AL 27° ANIVERSARIO DE LA LOC. DE COYUCO-COCHICO, DPTO. ÑORQUÍN, PROV. DEL NEUQUÉN, EL 7 DE MAYO DE 2026.	34/2026	07/05/2026 -	CORROZA, JULIETA -	DE ASUNTOS ADMINISTRATIVOS Y MUNICIPALES				
S	689	2026	PD	CORROZA: PROYECTO DE DECLARACIÓN QUE ADHIERE AL 94° ANIVERSARIO DE LA LOC. DE VILLA LA ANGOSTURA, DPTO. LOS LAGOS, PROV. DEL NEUQUÉN, EL 15 DE MAYO DE 2026.	34/2026	07/05/2026 -	CORROZA, JULIETA -	DE ASUNTOS ADMINISTRATIVOS Y MUNICIPALES				
S	688	2026	PD	CORROZA: PROYECTO DE DECLARACIÓN QUE ADHIERE AL 35° ANIVERSARIO DE LA LOC. DE QUILI MALAL, DPTO. PICUNCHES, PROV. DEL NEUQUÉN, EL 2 DE MAYO DE 2026.	34/2026	07/05/2026 -	CORROZA, JULIETA -	DE ASUNTOS ADMINISTRATIVOS Y MUNICIPALES				
S	687	2026	PC	ZAMORA: PROYECTO DE COMUNICACION QUE SOLICITA LA APERTURA DE UNA DELEGACION DE LA DIRECCION NACIONAL DE MIGRACIONES EN LA CDAD. CAPITAL DE LA PROV. DE SANTIAGO DEL ESTERO, UNA OFICINA MIGRATORIA EN LA CDAD. DE LA BANDA Y UN CENTRO DE DOCUMENTACION RAPIDA.	33/2026	07/05/2026 -	ZAMORA, GERARDO -	DE POBLACIÓN Y DESARROLLO  HUMANO				
S	686	2026	PL	"BENSUSAN: PROYECTO DE LEY QUE DECLARA FIESTA NACIONAL A LA FIESTA PROVINCIAL ""PIC NIC DEL REENCUENTRO"", QUE SE CELEBRA EN LA LOC. DE REALICO, PROV. DE LA PAMPA, EL PRIMER DOMINGO DEL MES DE NOVIEMBRE DE CADA AÑO."	33/2026	07/05/2026 -	BENSUSÁN, DANIEL PABLO -	DE EDUCACIÓN Y CULTURA	DE TURISMO			
S	685	2026	PD	"BENSUSAN: PROYECTO DE DECLARACIÓN QUE DECLARA DE INTERES LA REALIZACION DE LA 6° FIESTA PROVINCIAL ""PIC NIC DEL REENCUENTRO"", EN LA LOC. DE REALICO, PROV. DE LA PAMPA, EL PRIMER DOMINGO DEL MES DE NOVIEMBRE."	33/2026	07/05/2026 -	BENSUSÁN, DANIEL PABLO -	DE EDUCACIÓN Y CULTURA				
S	684	2026	PL	SORIA Y OTROS: PROYECTO DE LEY QUE RESTABLECE LA AGENCIA NACIONAL DE MATERIALES CONTROLADOS (ANMAC) Y ESTABLECE MEDIDAS DE PREVENCIÓN DE LA VIOLENCIA ARMADA EN ÁMBITOS EDUCATIVOS.	33/2026	07/05/2026 -	SORIA, MARTIN IGNACIO - LÓPEZ, CÁNDIDA CRISTINA - BAHL, ADÁN HUMBERTO - LINARES, CARLOS ALBERTO - KIRCHNER, ALICIA MARGARITA ANTONIA - GONZÁLEZ, MARÍA TERESA MARGARITA - UÑAC, SERGIO MAURICIO -	DE SEGURIDAD INTERIOR Y NARCOTRÁFICO	DE EDUCACIÓN Y CULTURA	DE PRESUPUESTO Y HACIENDA		
S	683	2026	PC	FERNANDEZ SAGASTI: PROYECTO DE COMUNICACION QUE SOLICITA INFORME SOBRE DIVERSOS PUNTOS RELACIONADOS A LA VINCULACION CONTRACTUAL, TÉCNICA Y OPERATIVA CON LA EMPRESA PALANTIR TECHNOLOGIES INC.	33/2026	06/05/2026 -	FERNÁNDEZ SAGASTI, ANABEL -	DE SEGURIDAD INTERIOR Y NARCOTRÁFICO				
S	682	2026	PL	MARKS: REPRODUCE PROYECTO DE LEY DE REGULACIÓN DE LA INTELIGENCIA ARTIFICIAL (REF. S. 2573/24).	33/2026	06/05/2026 -	MARKS, ANA INÉS -	DE LEGISLACIÓN GENERAL	DE CIENCIA Y TECNOLOGÍA	DE PRESUPUESTO Y HACIENDA		
S	681	2026	PL	MARKS: PROYECTO DE LEY QUE ESTABLECE EL PROCEDIMIENTO ADMINISTRATIVO PARA LOS CONSUMIDORES ENDEUDADOS Y EL PROCESO JUDICIAL PARA LOS CONSUMIDORES SOBREENDEUDADOS RESPECTO A OBLIGACIONES ORIGINADAS EN OPERACIONES FINANCIERAS O DE CRÉDITO PARA CONSUMO NACIONAL.	33/2026	06/05/2026 -	MARKS, ANA INÉS -	DE DERECHOS Y GARANTÍAS	DE LEGISLACIÓN GENERAL	DE JUSTICIA Y ASUNTOS PENALES		
S	680	2026	PD	KIRCHNER: PROYECTO DE DECLARACIÓN QUE EXPRESA PREOCUPACIÓN Y REPUDIA EL CIERRE DEL INSTITUTO DE ONCOLOGIA ANGEL ROFFO, DEPENDIENTE DE LA UNIVERSIDAD DE BUENOS AIRES.	33/2026	06/05/2026 -	KIRCHNER, ALICIA MARGARITA ANTONIA -	DE SALUD				
S	679	2026	PD	CAPITANICH: PROYECTO DE DECLARACIÓN QUE DECLARA DE INTERES EL 58° SIMPOSIO MEDICO INFORMATIVO SOBRE LUPUS, A REALIZARSE EL 8 DE MAYO DE 2026.	33/2026	06/05/2026 -	CAPITANICH, JORGE MILTON -	DE SALUD				
S	678	2026	PC	LEWANDOWSKI: PROYECTO DE COMUNICACIÓN QUE SOLICITA INFORME SOBRE DIVERSOS PUNTOS RELACIONADOS A LA PARALIZACIÓN PARCIAL DE LA OBRA DE LA PLANTA POTABILIZADORA DE LA CDAD. DE GRANADERO BAIGORRIA, PROV. DE SANTA FE.	33/2026	06/05/2026 -	LEWANDOWSKI, MARCELO NÉSTOR -	DE INFRAESTRUCTURA, VIVIENDA Y TRANSPORTE				
S	677	2026	PL	ZAMORA: PROYECTO DE LEY SOBRE LA COBERTURA MÉDICA DE PROTECTORES SOLARES.	33/2026	06/05/2026 -	ZAMORA, GERARDO -	DE SALUD	DE TRABAJO Y PREVISIÓN SOCIAL			
S	676	2026	PL	ZAMORA: PROYECTO DE LEY QUE MODIFICA SU SIMILAR 26.657 -SALUD MENTAL- RELATIVO A LAS DEFINICIONES Y A LA INTERNACIÓN DE PERSONAS CON DEFICIENCIAS MENTALES, TOXICOMANOS Y ALCOHÓLICOS CRÓNICOS, TANTO EN HOSPITALES PÚBLICOS O PRIVADOS.	33/2026	06/05/2026 -	ZAMORA, GERARDO -	DE SALUD				
S	675	2026	PC	BAHL: PROYECTO DE COMUNICACIÓN QUE SOLICITA INFORME SOBRE DIVERSOS PUNTOS RELACIONADOS CON LA RESOLUCIÓN 549/2026, QUE APRUEBA LOS REQUISITOS PARA EL REGISTRO, LA COMERCIALIZACIÓN Y FISCALIZACIÓN DE LOS PRODUCTOS DE TABACO Y NICOTINA.	33/2026	06/05/2026 -	BAHL, ADÁN HUMBERTO -	DE SALUD				
S	674	2026	PC	ROYON: PROYECTO DE COMUNICACIÓN QUE SOLICITA UN RELEVAMIENTO TECNICO INTEGRAL, INSPECCION ESTRUCTURAL Y EJECUCION DE TAREAS DE MANTENIMIENTO DE LOS PUENTES CARRETEROS SOBRE EL RIO BERMEJO Y PILCOMAYO, EN LOS DEPARTAMENTOS DE ORAN, SAN MARTIN Y RIVADAVIA, PROV. DE SALTA.	33/2026	06/05/2026 -	ROYON, FLAVIA GABRIELA -	DE INFRAESTRUCTURA, VIVIENDA Y TRANSPORTE				
S	672	2026	PD	"MARKS Y SORIA: PROYECTO DE DECLARACIÓN QUE EXPRESA BENEPLACITO POR EL TRIUNFO DEL CORTOMETRAJE ""INVISIBLE"", DIRIGIDO POR YÉSICA CORTI Y PRODUCIDO POR BARBARA SOTO PRICOLO, EN EL CONCURSO ""HISTORIAS QUE MERECEN SER CONTADAS""."	33/2026	06/05/2026 -	MARKS, ANA INÉS - SORIA, MARTIN IGNACIO -	DE EDUCACIÓN Y CULTURA				
S	670	2026	PD	MENDOZA: PROYECTO DE DECLARACIÓN QUE EXPRESA BENEPLACITO POR EL 70° ANIVERSARIO DE LA MUNICIPALIZACION DE SIMOCA, PROV. DE TUCUMAN, EL 5 DE MAYO DE 2026.	33/2026	06/05/2026 -	MENDOZA, SANDRA MARIELA -	DE ASUNTOS ADMINISTRATIVOS Y MUNICIPALES				
S	668	2026	PL	CAPITANICH Y GONZALEZ : PROYECTO DE LEY DE INTEGRIDAD, TRANSPARENCIA Y CONTROL DE LA DEUDA PÚBLICA CONSOLIDADA.	33/2026	05/05/2026 -	CAPITANICH, JORGE MILTON - GONZÁLEZ, MARÍA TERESA MARGARITA -	DE PRESUPUESTO Y HACIENDA	DE ASUNTOS CONSTITUCIONALES	DE ECONOMÍA NACIONAL E INVERSIÓN		
S	667	2026	PL	"AVILA: PROYECTO DE LEY QUE INSTITUYE EL 26 DE AGOSTO DE CADA AÑO COMO ""DIA NACIONAL CONTRA EL DENGUE""."	33/2026	05/05/2026 -	AVILA, BEATRIZ LUISA -	DE SALUD	DE EDUCACIÓN Y CULTURA			
S	666	2026	PL	"AVILA: PROYECTO DE LEY QUE INCORPORA EL INC. ""E"" AL ART. 7 DE SU SIMILAR 27.130 - PREVENCION DEL SUICIDIO- RESPECTO DE REDUCIR LA TASA DE SUICIDIOS EN LOS ESCENARIOS PENITENCIARIOS."	33/2026	05/05/2026 -	AVILA, BEATRIZ LUISA -	DE SALUD	DE JUSTICIA Y ASUNTOS PENALES			
S	665	2026	PL	AVILA: PROYECTO DE LEY QUE MODIFICA LOS ARTÍCULOS 6 Y 11 DE SU SIMILAR 27.155 -EJERCICIO PROFESIONAL DE LOS GUARDAVIDAS-, RESPECTO DE REGULAR SU ACTIVIDAD.	33/2026	05/05/2026 -	AVILA, BEATRIZ LUISA -	DE TRABAJO Y PREVISIÓN SOCIAL				
S	664	2026	PD	"NEDER: PROYECTO DE DECLARACIÓN QUE EXPRESA BENEPLÁCITO POR LA CONMEMORACIÓN DEL ""DÍA DE LA AFIRMACIÓN DE LOS DERECHOS ARGENTINOS SOBRE LAS ISLAS MALVINAS, ISLAS DEL ATLÁNTICO SUR Y SECTOR ANTÁRTICO"", EL 10 DE JUNIO DE 2026."	32/2026	05/05/2026 -	NEDER, JOSÉ EMILIO -	DE RELACIONES EXTERIORES Y CULTO				
S	663	2026	PC	NEDER: PROYECTO DE COMUNICACIÓN QUE SOLICITA INFORME SOBRE DIVERSOS PUNTOS RELACIONADOS A LA IMPLEMENTACIÓN DE LA RESOLUCIÓN N° 66/2026 DE LA SECRETARÍA DE ENERGÍA, SOBRE EL PROCESO DE RECONFIGURACIÓN DEL SISTEMA DE TRANSPORTE DE GAS NATURAL.	32/2026	05/05/2026 -	NEDER, JOSÉ EMILIO -	DE MINERÍA, ENERGÍA Y COMBUSTIBLES				
S	662	2026	PC	NEDER: PROYECTO DE COMUNICACIÓN QUE SOLICITA EL RESTABLECIMIENTO DE CONDICIONES DE ACCESO AL CONSUMO SUBSIDIADO EN LAS PROVINCIAS DEL NOA Y NEA, PARA REVERTIR LA REDUCCION PREVISTA EN EL REGIMEN DE SUBSIDIOS ENERGETICOS FOCALIZADOS (SEF), Y OTRAS CUESTIONES CONEXAS.	32/2026	05/05/2026 -	NEDER, JOSÉ EMILIO -	DE MINERÍA, ENERGÍA Y COMBUSTIBLES				
S	661	2026	PC	NEDER: PROYECTO DE COMUNICACIÓN QUE SOLICITA INFORME SOBRE LAS SUPUESTAS REUNIONES RESERVADAS CON LAS FUERZAS ARMADAS ARGENTINAS DURANTE EL AÑO 2025, POR PARTE DE LA EMBAJADA DEL REINO UNIDO EN LA REPUBLICA ARGENTINA, Y OTRAS CUESTIONES CONEXAS.	32/2026	05/05/2026 -	NEDER, JOSÉ EMILIO -	DE DEFENSA NACIONAL				
S	660	2026	PD	"NEDER: PROYECTO DE DECLARACIÓN QUE CONMEMORA EL CUADRAGÉSIMO CUARTO ANIVERSARIO DE LA GUERRA DE MALVINAS, A LOS CAÍDOS, Y A LOS SOBREVIVIENTES DE LA TRIPULACION DEL CRUCERO ARA ""GENERAL BELGRANO"" (C-4)."	32/2026	05/05/2026 -	NEDER, JOSÉ EMILIO -	DE RELACIONES EXTERIORES Y CULTO				
S	659	2026	PD	NEDER: PROYECTO DE DECLARACIÓN QUE EXPRESA BENEPLÁCITO POR LA ELECCIÓN DEL CARDENAL ROBERT FRANCIS PREVOST MARTINEZ, COMO EL 267° SUMO PONTÍFICE DE LA IGLESIA CATÓLICA APOSTOLICA ROMANA, EL 8 DE MAYO DE 2025.	32/2026	05/05/2026 -	NEDER, JOSÉ EMILIO -	DE RELACIONES EXTERIORES Y CULTO				
S	658	2026	PC	KIRCHNER: PROYECTO DE COMUNICACION QUE SOLICITA INFORME SOBRE DIVERSOS PUNTOS RELACIONADOS A LAS PENSIONES NO CONTRIBUTIVAS POR INVALIDEZ.	32/2026	05/05/2026 -	KIRCHNER, ALICIA MARGARITA ANTONIA -	DE TRABAJO Y PREVISIÓN SOCIAL				
S	657	2026	PD	ABDALA: PROYECTO DE DECLARACION QUE DECLARA DE INTERES EL 150° ANIVERSARIO DE LA CREACION DE LA ESCUELA NORMAL JUAN PASCUAL PRINGLES, EN LA CDAD. DE SAN LUIS, PROV. HOMONIMA.	32/2026	05/05/2026 -	ABDALA, BARTOLOMÉ ESTEBAN -	DE EDUCACIÓN Y CULTURA				
S	655	2026	PC	RECALDE: PROYECTO DE COMUNICACIÓN QUE SOLICITA INFORME SOBRE DIVERSOS PUNTOS RELATIVOS A LA VISITA A LA REPUBLICA ARGENTINA DEL EMPRESARIO PETER THIEL Y LA REUNION MANTENIDA CON EL PRESIDENTE DE LA NACION, JAVIER MILEI, EL 23 DE ABRIL DE 2026.	32/2026	04/05/2026 -	RECALDE, MARIANO -	DE RELACIONES EXTERIORES Y CULTO				
S	654	2026	PD	LINARES: PROYECTO DE DECLARACIÓN QUE DECLARA DE INTERÉS EL MODELO DE NEGOCIOS PESQUERO CON PERSPECTIVA DE GÉNERO, IMPULSADO POR AYELEN LECUMBARRY, EN LA CDAD. DE RAWSON, PROV. DEL CHUBUT.	32/2026	04/05/2026 -	LINARES, CARLOS ALBERTO -	BANCA DE LA MUJER				
S	653	2026	PC	LINARES: PROYECTO DE COMUNICACIÓN QUE SOLICITA INFORME SOBRE EL PROYECTO DE DECRETO RELATIVO A LA ACTUALIZACION DEL REGLAMENTO DE LOS SERVICIOS DE PRACTICAJE Y PILOTAJE PARA LOS RÍOS, PUERTOS, PASOS Y CANALES DE LA REPÚBLICA ARGENTINA, Y OTRAS CUESTIONES CONEXAS.	32/2026	04/05/2026 -	LINARES, CARLOS ALBERTO -	DE INFRAESTRUCTURA, VIVIENDA Y TRANSPORTE				
S	652	2026	PC	CAPITANICH: PROYECTO DE COMUNICACIÓN QUE SOLICITA INFORME SOBRE LOS GASTOS REALIZADOS CON TARJETAS CORPORATIVAS EN LA EMPRESA NUCLEOELECTRICA ARGENTINA S.A. (NA-SA) ENTRE EL 1 DE MARZO DE 2025 Y EL 12 DE FEBRERO DE 2026.	32/2026	04/05/2026 -	CAPITANICH, JORGE MILTON -	DE MINERÍA, ENERGÍA Y COMBUSTIBLES				
S	651	2026	PD	COTO: PROYECTO DE DECLARACION QUE ADHIERE A LA CONMEMORACION DEL 44° ANIVERSARIO DEL HUNDIMIENTO DEL CRUCERO ARA GENERAL BELGRANO, EL 2 DE MAYO DE 2026.	32/2026	04/05/2026 -	COTO, AGUSTÍN PEDRO -	DE DEFENSA NACIONAL				
S	650	2026	PD	KRONEBERGER: PROYECTO DE DECLARACIÓN QUE EXPRESA PREOCUPACIÓN POR LA ALTERACIÓN DEL CAUCE DEL RIO TORDILLO, EN MALARGÜE, PROV. DE MENDOZA, QUE ABASTECE DE AGUA POTABLE A GRAN PARTE DE LA PROV. DE LA PAMPA.	32/2026	30/04/2026 -	KRONEBERGER, DANIEL RICARDO -	DE INFRAESTRUCTURA, VIVIENDA Y TRANSPORTE				
S	649	2026	PC	KRONEBERGER: PROYECTO DE COMUNICACIÓN QUE SOLICITA INFORME SOBRE DIVERSOS PUNTOS RELACIONADOS AL PUENTE DE LA RUTA NACIONAL N° 22, UBICADO SOBRE EL RÍO COLORADO Y CONECTA LA LOC. HOMÓNIMA EN LA PROV. DE RÍO NEGRO CON LA LOC. DE LA ADELA (PROV. DE LA PAMPA).	32/2026	30/04/2026 -	KRONEBERGER, DANIEL RICARDO -	DE INFRAESTRUCTURA, VIVIENDA Y TRANSPORTE				
S	648	2026	PC	KRONEBERGER: PROYECTO DE COMUNICACIÓN QUE SOLICITA INFORME SOBRE DIVERSOS ASPECTOS VINCULADOS AL FUNCIONAMIENTO, ORGANIZACIÓN Y EVENTUALES MODIFICACIONES DEL SERVICIO METEOROLOGICO NACIONAL (SMN).	32/2026	30/04/2026 -	KRONEBERGER, DANIEL RICARDO -	DE DEFENSA NACIONAL				
S	647	2026	PC	TERENZI: REPRODUCE PROYECTO DE COMUNICACIÓN QUE SOLICITA LA REGLAMENTACIÓN DE LA LEY 27.732, -PROGRAMA DE PREVENCIÓN, DIAGNÓSTICO Y TRATAMIENTO INTEGRAL DE LA PUBERTAD PRECOZ- (REF. S. 2516/24).	32/2026	30/04/2026 -	TERENZI, EDITH ELIZABETH -	DE ASUNTOS CONSTITUCIONALES				
S	646	2026	PL	"TERENZI Y OTROS: PROYECTO DE LEY QUE CREA EL PROGRAMA ""LA HORA SILENCIOSA""."	32/2026	30/04/2026 -	TERENZI, EDITH ELIZABETH - ROYON, FLAVIA GABRIELA - FAMA, FLAVIO SERGIO - CARAMBIA, JOSÉ MARÍA - GALARETTO, EDUARDO HORACIO - GOERLING LARA, ENRIQUE MARTÍN - AVILA, BEATRIZ LUISA - ABAD, MAXIMILIANO - VALENZUELA, MERCEDES GABRIELA - ANDRADA, GUILLERMO EDUARDO - HUALA, MARÍA VICTORIA - ROJAS DECUT, SONIA ELIZABETH - ESPÍNOLA, CARLOS MAURICIO - COTO, AGUSTÍN PEDRO - CRISTINA, ANDREA MARCELA - VIGO, ALEJANDRA MARÍA - ABDALA, BARTOLOMÉ ESTEBAN - KRONEBERGER, DANIEL RICARDO -	DE POBLACIÓN Y DESARROLLO  HUMANO	DE PRESUPUESTO Y HACIENDA			
S	645	2026	PL	TERENZI Y OTROS: PROYECTO DE LEY QUE DISPONE LA OBLIGATORIEDAD DE COMERCIOS DEL RUBRO GASTRONOMICO A INCLUIR CARTAS ADAPTADAS CON PICTOGRAMAS.	31/2026	30/04/2026 -	TERENZI, EDITH ELIZABETH - GOERLING LARA, ENRIQUE MARTÍN - AVILA, BEATRIZ LUISA - CARAMBIA, JOSÉ MARÍA - HUALA, MARÍA VICTORIA - VALENZUELA, MERCEDES GABRIELA - ESPÍNOLA, CARLOS MAURICIO - ANDRADA, GUILLERMO EDUARDO - CRISTINA, ANDREA MARCELA - VIGO, ALEJANDRA MARÍA - FAMA, FLAVIO SERGIO - KRONEBERGER, DANIEL RICARDO - ABAD, MAXIMILIANO - COTO, AGUSTÍN PEDRO - ABDALA, BARTOLOMÉ ESTEBAN - ROJAS DECUT, SONIA ELIZABETH - ROYON, FLAVIA GABRIELA - GALARETTO, EDUARDO HORACIO -	DE POBLACIÓN Y DESARROLLO  HUMANO	DE INDUSTRIA Y COMERCIO			
S	644	2026	PL	"TERENZI Y OTROS:  PROYECTO DE LEY QUE CREA EL PROGRAMA ""FUNCIONES DISTENDIDAS PARA UNA CULTURA CON INCLUSION""."	31/2026	30/04/2026 -	TERENZI, EDITH ELIZABETH - GOERLING LARA, ENRIQUE MARTÍN - ROYON, FLAVIA GABRIELA - AVILA, BEATRIZ LUISA - ANDRADA, GUILLERMO EDUARDO - HUALA, MARÍA VICTORIA - VALENZUELA, MERCEDES GABRIELA - ESPÍNOLA, CARLOS MAURICIO - VIGO, ALEJANDRA MARÍA - CRISTINA, ANDREA MARCELA - FAMA, FLAVIO SERGIO - ABAD, MAXIMILIANO - KRONEBERGER, DANIEL RICARDO - CARAMBIA, JOSÉ MARÍA - ROJAS DECUT, SONIA ELIZABETH - GALARETTO, EDUARDO HORACIO - ABDALA, BARTOLOMÉ ESTEBAN -	DE POBLACIÓN Y DESARROLLO  HUMANO	DE PRESUPUESTO Y HACIENDA			
S	643	2026	PD	ABDALA: PROYECTO DE DECLARACION QUE EXPRESA BENEPLACITO POR EL 119° ANIVERSARIO DE LA FUNDACION DE LA LOC. DE FRAGA, PROV. DE SAN LUIS, EL 5 DE MAYO DE 2026.	31/2026	30/04/2026 -	ABDALA, BARTOLOMÉ ESTEBAN -	DE ASUNTOS ADMINISTRATIVOS Y MUNICIPALES				
S	642	2026	PD	ABDALA: PROYECTO DE DECLARACION QUE DECLARA DE INTERES LAS FESTIVIDADES RELIGIOSAS A CELEBRARSE EN LAS LOCALIDADES DE VILLA DE RENCA Y DE VILLA DE LA QUEBRADA, PROV. DE SAN LUIS, ENTRE EL 1 Y 3 DE MAYO DE 2026.	31/2026	30/04/2026 -	ABDALA, BARTOLOMÉ ESTEBAN -	DE EDUCACIÓN Y CULTURA				
S	641	2026	PL	RECALDE: REPRODUCE PROYECTO DE LEY QUE APRUEBA EL CODIGO DEL TRABAJO Y SU APENDICE (REF. S. 958/23)	31/2026	30/04/2026 -	RECALDE, MARIANO -	DE LEGISLACIÓN GENERAL	DE TRABAJO Y PREVISIÓN SOCIAL			
S	640	2026	PL	"RECALDE: REPRODUCE PROYECTO DE LEY QUE MODIFICA SU SIMILAR 11.544 (JORNADA LEGAL DE TRABAJO) RESPECTO DE MODIFICAR EL RÉGIMEN. 
(REF. S. 957/23)"	31/2026	30/04/2026 -	RECALDE, MARIANO -	DE TRABAJO Y PREVISIÓN SOCIAL				
S	639	2026	PL	RECALDE: REPRODUCE PROYECTO DE LEY QUE MODIFICA SU SIMILAR 24.642 - ASOCIACIONES SINDICALES DE TRABAJADORES -, RESPECTO DEL PROCEDIMIENTO DE COBRO AL QUE ESTARÁN SUJETOS LOS CRÉDITOS ORIGINADOS EN LA OBLIGACIÓN DEL EMPLEADOR DE ACTUAR COMO AGENTE DE RETENCIÓN DE LAS CUOTAS Y CONTRIBUCIONES QUE D	31/2026	30/04/2026 -	RECALDE, MARIANO -	DE TRABAJO Y PREVISIÓN SOCIAL				
S	638	2026	PL	RECALDE: REPRODUCE PROYECTO DE LEY QUE MODIFICA SU SIMILAR 27.115 - INSTITUYE EL DÍA DEL ABOGADO LABORALISTA- RESPECTO DE RECONOCER LA PRESENCIA Y EL TRABAJO DE LAS MUJERES LABORALISTAS. (REF. S. 1438/20)	31/2026	30/04/2026 -	RECALDE, MARIANO -	DE DERECHOS Y GARANTÍAS	BANCA DE LA MUJER			
S	637	2026	PL	RECALDE: REPRODUCE PROYECTO DE LEY QUE SUSTITUYE EL ART. 157 DE SU SIMILAR 20.744 (T.O. 1976) Y S/M - CONTRATO DE TRABAJO- RESPECTO A LA OMISION DEL OTORGAMIENTO DE VACACIONES. (REF. S. 1228/21)	31/2026	30/04/2026 -	RECALDE, MARIANO -	DE TRABAJO Y PREVISIÓN SOCIAL				
S	636	2026	PL	RECALDE: REPRODUCE PROYECTO DE LEY QUE APRUEBA EL CONVENIO SOBRE LAS CUARENTA HORAS (N° 47) ADOPTADO EN LA 19° REUNION DE LA CONFERENCIA INTERNACIONAL DEL TRABAJO (REF. S.1042/23)	31/2026	30/04/2026 -	RECALDE, MARIANO -	DE RELACIONES EXTERIORES Y CULTO	DE TRABAJO Y PREVISIÓN SOCIAL			
S	635	2026	PD	"LINARES: PROYECTO DE DECLARACIÓN QUE DECLARA DE INTERÉS EL ""PRIMER ENCUENTRO NACIONAL DE MUJERES MARÍTIMAS"" EN LA CDAD. DE PUERTO MADRYN, PROV. DEL CHUBUT, EL 25 DE NOVIEMBRE DE 2026."	31/2026	30/04/2026 -	LINARES, CARLOS ALBERTO -	BANCA DE LA MUJER				
S	634	2026	PL	LEWANDOWSKI: PROYECTO DE LEY QUE DECLARA ESTADO DE EMERGENCIA Y/O DESASTRE AGROPECUARIO NACIONAL, POR EL TERMINO DE 90 DIAS A PARTIR DEL 1° DE MAYO DE 2026, A LAS EXPLOTACIONES AGROPECUARIAS, GANADERAS Y APICOLAS AFECTADAS POR INUNDACIONES EN DIVERSOS DEPARTAMENTOS DE LA PROV. DE SANTA FE	31/2026	30/04/2026 -	LEWANDOWSKI, MARCELO NÉSTOR -	DE AGRICULTURA, GANADERÍA Y PESCA	DE PRESUPUESTO Y HACIENDA			
S	633	2026	PL	CARAMBIA Y JUEZ: PROYECTO DE LEY QUE CREA EL RÉGIMEN FEDERAL DE PROMOCIÓN Y ARRAIGO DE PROFESIONALES DE LA SALUD.	31/2026	30/04/2026 -	CARAMBIA, JOSÉ MARÍA - JUEZ, LUIS ALFREDO -	DE LEGISLACIÓN GENERAL	DE SALUD	DE PRESUPUESTO Y HACIENDA		
S	632	2026	PD	"SCHNEIDER: PROYECTO DE DECLARACIÓN QUE EXPRESA BENEPLACITO POR EL ""126° ANIVERSARIO DE LA FUNDACION DE LA LOC. DE MISION NUEVA POMPEYA"", PROV. DEL CHACO, EL 4 DE MAYO DE 2026."	31/2026	30/04/2026 -	SCHNEIDER, SILVANA LORENA -	DE ASUNTOS ADMINISTRATIVOS Y MUNICIPALES				
S	631	2026	PL	ROYON: PROYECTO DE LEY QUE ESTABLECE EL MARCO NORMATIVO DE ADAPTACIÓN DEL ACUERDO INTERINO DE COMERCIO ENTRE EL MERCADO COMÚN DEL SUR Y LA UNIÓN EUROPEA.	31/2026	30/04/2026 -	ROYON, FLAVIA GABRIELA -	DE RELACIONES EXTERIORES Y CULTO	DE ECONOMÍAS REGIONALES, ECONOMÍA SOCIAL, MICRO, PEQUEÑA Y MEDIANA EMPRESA	DE PRESUPUESTO Y HACIENDA		
S	629	2026	PD	BEDIA: PROYECTO DE DECLARACIÓN QUE EXPRESA BENEPLACITO POR LA REALIZACION DEL FESTIVAL NACIONAL DE LA PACHAMAMA QUE SE LLEVA A CABO ANUALMENTE EN EL MES DE AGOSTO, EN LA PROV. DE JUJUY.	31/2026	30/04/2026 -	BEDIA, VILMA FACUNDA -	DE TURISMO				
S	628	2026	PL	CAPITANICH: PROYECTO DE LEY SOBRE EL ABORDAJE INTEGRAL DE LA SALUD MENTAL EN ESTABLECIMIENTOS EDUCATIVOS.	31/2026	30/04/2026 -	CAPITANICH, JORGE MILTON -	DE EDUCACIÓN Y CULTURA	DE SALUD	DE PRESUPUESTO Y HACIENDA		
S	627	2026	PL	"CAPITANICH: PROYECTO DE LEY QUE INSTITUYE EL 26 DE SEPTIEMBRE DE CADA AÑO COMO EL ""DIA NACIONAL DE CONCIENTIZACION DEL LUPUS""."	31/2026	30/04/2026 -	CAPITANICH, JORGE MILTON -	DE SALUD	DE EDUCACIÓN Y CULTURA			
S	624	2026	PL	JURI Y OTROS: PROYECTO DE LEY DE EXTINCION DEL DOMINIO.	31/2026	30/04/2026 -	JURI, MARIANA - SUÁREZ, RODOLFO ALEJANDRO - VALENZUELA, MERCEDES GABRIELA - VISCHI, EDUARDO ALEJANDRO -	DE LEGISLACIÓN GENERAL	DE JUSTICIA Y ASUNTOS PENALES	DE SEGURIDAD INTERIOR Y NARCOTRÁFICO		
S	622	2026	PL	MOISES Y OTROS: PROYECTO DE LEY QUE INCORPORA EL INC. 32 BIS A SU SIMILAR 27.275 -INFORMACION PUBLICA-, RESPECTO DE CONTAR CON UNA SALA DE PRENSA INSTITUCIONAL EN LA SEDE PRINCIPAL DEL ORGANISMO.	31/2026	29/04/2026 -	MOISES, MARÍA CAROLINA - MENDOZA, SANDRA MARIELA - ANDRADA, GUILLERMO EDUARDO - UÑAC, SERGIO MAURICIO -	DE ASUNTOS CONSTITUCIONALES	DE SISTEMAS, MEDIOS DE COMUNICACIÓN Y LIBERTAD DE EXPRESIÓN			
S	621	2026	PC	SCHNEIDER: PROYECTO DE COMUNICACIÓN QUE SOLICITA INFORME SOBRE LA COBERTURA DEL SISTEMA DE OBRAS SOCIALES PARA EL REGIMEN DE MONOTRIBUTO Y OTRAS CUESTIONES CONEXAS.	30/2026	29/04/2026 -	SCHNEIDER, SILVANA LORENA -	DE TRABAJO Y PREVISIÓN SOCIAL				
S	620	2026	PD	GUZMAN CORAITA Y OROZCO: PROYECTO DE DECLARACION QUE DECLARA DE INTERES LA CONMEMORACION DEL 40° ANIVERSARIO DE LA CONSTITUCION DE LA PROVINCIA DE SALTA, EL 2 DE JUNIO DE 2026.	30/2026	29/04/2026 -	GUZMÁN CORAITA, GONZALO - OROZCO, MARÍA EMILIA -	DE EDUCACIÓN Y CULTURA				
S	619	2026	PL	ABAD: PROYECTO DE LEY QUE CREA UN REGIMEN ESPECIAL DE EXENCIÓN IMPOSITIVA PARA LA IMPORTACIÓN DE MATERIAL DEPORTIVO DE ALTO RENDIMIENTO.	30/2026	29/04/2026 -	ABAD, MAXIMILIANO -	DE PRESUPUESTO Y HACIENDA	DE DEPORTE			
S	618	2026	PL	UÑAC: PROYECTO DE LEY QUE INCORPORA EL INCISO H) AL ART. 92 DE SU SIMILAR 26.206- EDUCACIÓN NACIONAL-, RESPECTO DE LA OBLIGATORIEDAD DE LA EDUCACIÓN VIAL EN LOS DISTINTOS NIVELES EDUCATIVOS.	30/2026	29/04/2026 -	UÑAC, SERGIO MAURICIO -	DE EDUCACIÓN Y CULTURA				
S	617	2026	PD	"FULLONE: PROYECTO DE DECLARACIÓN QUE DECLARA DE INTERÉS LA TRAYECTORIA ARTÍSTICA DE LA AGRUPACIÓN FOLKLORICA ""EL ANTIGUO BARILOCHE"" POR SU LABOR EN LA PROMOCIÓN, PRESERVACIÓN Y DIFUSIÓN DE LAS TRADICIONES FOLKLORICAS ARGENTINAS."	30/2026	29/04/2026 -	FULLONE, ENZO PAOLO -	DE EDUCACIÓN Y CULTURA				
S	616	2026	PD	FULLONE: PROYECTO DE DECLARACIÓN QUE DECLARA DE INTERÉS LA EDICIÓN 38° DE LA FIESTA PROVINCIAL DEL TERNERO, A REALIZARSE EN LA LOC. DE CHOELE CHOEL, PROV. DE RIO NEGRO, DEL 14 AL 17 DE MAYO DE 2026.	30/2026	29/04/2026 -	FULLONE, ENZO PAOLO -	DE AGRICULTURA, GANADERÍA Y PESCA				
S	615	2026	PD	"LEWANDOWSKI: PROYECTO DE DECLARACIÓN QUE DECLARA DE INTERÉS EL ""PROGRAMA INTERCOMUNAL DE BANDAS CIVILES COMUNITARIAS"" POR SU APORTE A LA EDUCACIÓN ARTÍSTICA, LA INCLUSION SOCIAL Y LA INTEGRACIÓN INTERCOMUNAL EN LA PROV DE SANTA FE."	30/2026	29/04/2026 -	LEWANDOWSKI, MARCELO NÉSTOR -	DE EDUCACIÓN Y CULTURA				
S	614	2026	PL	KIRCHNER Y LINARES: PROYECTO DE LEY DE PROMOCIÓN DEL HIDROGENO DE ORIGEN RENOVABLE Y DE BAJAS EMISIONES DE CARBONO Y OTROS GASES DE EFECTO INVERNADERO.	30/2026	28/04/2026 -	KIRCHNER, ALICIA MARGARITA ANTONIA - LINARES, CARLOS ALBERTO -	DE MINERÍA, ENERGÍA Y COMBUSTIBLES	DE JUSTICIA Y ASUNTOS PENALES	DE PRESUPUESTO Y HACIENDA		
S	613	2026	PD	TERENZI: PROYECTO DE DECLARACIÓN QUE EXPRESA BENEPLÁCITO POR EL 75° ANIVERSARIO DE LA CREACIÓN DEL INSTITUTO ANTÁRTICO ARGENTINO, EL 17 DE ABRIL DE 2026.	30/2026	28/04/2026 -	TERENZI, EDITH ELIZABETH -	DE EDUCACIÓN Y CULTURA				
S	612	2026	PD	"VALENZUELA: PROYECTO DE DECLARACION QUE DECLARA DE INTERÉS LA MUESTRA CULTURAL E HISTORICA ""CORRIENTES EN CASA ROSADA"", A INAUGURARSE EN EL MUSEO DE LA CASA ROSADA,  EN CABA, EL 13 DE MAYO DE 2026."	30/2026	28/04/2026 -	VALENZUELA, MERCEDES GABRIELA -	DE EDUCACIÓN Y CULTURA				
S	611	2026	PL	CAPITANICH Y OTROS: PROYECTO DE LEY QUE DECLARA LA EMERGENCIA TARIFARIA, IMPOSITIVA, PRODUCTIVA Y LABORAL, DE LAS MICRO, PEQUEÑAS Y MEDIANAS EMPRESAS (MIPYMES), EN TODO EL TERRITORIO DE LA REPUBLICA ARGENTINA, POR EL TERMINO DE TRESCIENTOS SESENTA Y CINCO (365) DIAS.	30/2026	28/04/2026 -	CAPITANICH, JORGE MILTON - SORIA, MARTIN IGNACIO - LÓPEZ, MARÍA FLORENCIA - LÓPEZ, CÁNDIDA CRISTINA - KIRCHNER, ALICIA MARGARITA ANTONIA - MAYANS, JOSÉ MIGUEL ÁNGEL - SALINO, FERNANDO ALDO - LEWANDOWSKI, MARCELO NÉSTOR - BAHL, ADÁN HUMBERTO - GIMÉNEZ NAVARRO, MARÍA CELESTE -	DE PRESUPUESTO Y HACIENDA	DE ECONOMÍAS REGIONALES, ECONOMÍA SOCIAL, MICRO, PEQUEÑA Y MEDIANA EMPRESA			
S	610	2026	PL	CAPITANICH Y OTROS: PROYECTO DE LEY QUE CREA EL RÉGIMEN FEDERAL DE TARIFA DIFERENCIADA DE ENERGÍA ELÉCTRICA PARA EL NORTE GRANDE ARGENTINO.	30/2026	28/04/2026 -	CAPITANICH, JORGE MILTON - CORPACCI, LUCÍA BENIGNA - SORIA, MARTIN IGNACIO - LÓPEZ, MARÍA FLORENCIA - LÓPEZ, CÁNDIDA CRISTINA - LINARES, CARLOS ALBERTO - KIRCHNER, ALICIA MARGARITA ANTONIA - ZAMORA, GERARDO - MAYANS, JOSÉ MIGUEL ÁNGEL - MANZUR, JUAN LUIS - REJAL, JESÚS FERNANDO - GONZÁLEZ, MARÍA TERESA MARGARITA - MORENO, ELIA ESTHER DEL CARMEN -	DE PRESUPUESTO Y HACIENDA	DE MINERÍA, ENERGÍA Y COMBUSTIBLES			
S	609	2026	PL	ROYÓN: PROYECTO DE LEY ORGÁNICA DE LA AUDITORÍA GENERAL DE LA NACIÓN.	30/2026	28/04/2026 -	ROYON, FLAVIA GABRIELA -	DE ASUNTOS CONSTITUCIONALES				
S	608	2026	PD	MENDOZA: PROYECTO DE DECLARACIÓN QUE RECONOCE A LA UNIVERSIDAD NACIONAL DE TUCUMAN (UNT), AL CONMEMORARSE UN NUEVO ANIVERSARIO DE SU FUNDACION, EL 25 DE MAYO DE 2026.	30/2026	28/04/2026 -	MENDOZA, SANDRA MARIELA -	DE EDUCACIÓN Y CULTURA				
S	607	2026	PD	MENDOZA: PROYECTO DE DECLARACIÓN QUE EXPRESA BENEPLACITO Y ADHIERE A LA CELEBRACION DEL ANIVERSARIO DE LA FUNDACION DE LA CDAD. DE SAN MIGUEL DE TUCUMAN, PROV. DE TUCUMAN, EL 31 DE MAYO DE 2026.	30/2026	28/04/2026 -	MENDOZA, SANDRA MARIELA -	DE ASUNTOS ADMINISTRATIVOS Y MUNICIPALES				
S	606	2026	PD	MENDOZA: PROYECTO DE DECLARACIÓN QUE DECLARA DE INTERES LA REALIZACION DEL 22° MAYO DE LAS LETRAS, EN LA CDAD. DE  SAN MIGUEL DE TUCUMAN, PROV. DE TUCUMAN, DEL 12 AL 23 DE MAYO DE 2026	30/2026	28/04/2026 -	MENDOZA, SANDRA MARIELA -	DE EDUCACIÓN Y CULTURA				
S	605	2026	PD	MENDOZA: PROYECTO DE DECLARACIÓN QUE EXPRESA BENEPLACITO POR EL ANIVERSARIO DE LA CIUDAD DE SIMOCA, PROV. DE TUCUMAN, EL 5 DE MAYO DE 2026.	30/2026	28/04/2026 -	MENDOZA, SANDRA MARIELA -	DE ASUNTOS ADMINISTRATIVOS Y MUNICIPALES				
S	604	2026	PD	MENDOZA: PROYECTO DE DECLARACIÓN QUE DECLARA DE INTERÉS LA PARTICIPACIÓN DE LA PROVINCIA DE TUCUMÁN, EN LA 50° FERIA INTERNACIONAL DEL LIBRO DE BUENOS AIRES, A REALIZARSE DEL 23 DE ABRIL AL 11 DE MAYO DE 2026.	30/2026	28/04/2026 -	MENDOZA, SANDRA MARIELA -	DE EDUCACIÓN Y CULTURA				
S	603	2026	PD	MENDOZA: PROYECTO DE DECLARACION QUE ADHIERE AL 50º ANIVERSARIO DE LA MUNICIPALIZACION DEL DEPARTAMENTO DE BURRUYACÚ, PROV. DE TUCUMAN, EL 19 DE ABRIL DE 2026.	30/2026	28/04/2026 -	MENDOZA, SANDRA MARIELA -	DE ASUNTOS ADMINISTRATIVOS Y MUNICIPALES				
S	602	2026	PC	ROYON: PROYECTO DE COMUNICACIÓN QUE SOLICITA INFORME SOBRE DIVERSOS PUNTOS RELACIONADOS A LA DISTRIBUCION Y EJECUCION DE LOS RECURSOS PROVENIENTES DEL IMPUESTO ESTABLECIDO POR LA LEY 23.966 -COMBUSTIBLES LIQUIDOS Y GAS NATURAL-.	30/2026	28/04/2026 -	ROYON, FLAVIA GABRIELA -	DE PRESUPUESTO Y HACIENDA				
S	601	2026	PL	ROYON: PROYECTO DE LEY QUE MODIFICA SU SIMILAR 25.326 - PROTECCION DE DATOS PERSONALES-, RESPECTO DE OTORGAR MAYOR CONTROL Y SEGURIDAD PARA LOS CIUDADANOS EN PLATAFORMAS DE INTERNET.	29/2026	28/04/2026 -	ROYON, FLAVIA GABRIELA -	DE ASUNTOS CONSTITUCIONALES	DE SISTEMAS, MEDIOS DE COMUNICACIÓN Y LIBERTAD DE EXPRESIÓN			
S	600	2026	PD	"LOPEZ, FLORENCIA: PROYECTO DE DECLARACIÓN QUE DECLARA DE INTERES LA ""7° EDICIÓN DEL CONGRESO INDUSTRIAL DEL CONSENSO NACIONAL DEL TRABAJO Y LA PRODUCCIÓN"" Y LA ""EXPO DE INDUSTRIAS Y SERVICIOS 2026 - IV EDICIÓN NACIONAL E INTERNACIONAL."", A DESARROLLARSE EN EL PREDIO FERIAL DE LA RURAL, CABA, DE"	29/2026	28/04/2026 -	LÓPEZ, MARÍA FLORENCIA -	DE INDUSTRIA Y COMERCIO				
S	599	2026	PD	LOPEZ, FLORENCIA: PROYECTO DE DECLARACIÓN QUE EXPRESA BENEPLÁCITO POR EL 60° ANIVERSARIO DE LA ONG CILSA (CENTRO DE INTEGRACIÓN LIBRE Y SOLIDARIO DE ARGENTINA).	29/2026	28/04/2026 -	LÓPEZ, MARÍA FLORENCIA -	DE POBLACIÓN Y DESARROLLO  HUMANO				
S	598	2026	PC	FLORENCIA LOPEZ: PROYECTO DE COMUNICACIÓN QUE SOLICITA SE PROMUEVA EL RECONOCIMIENTO Y LA ACREDITACION DE LA ORGANIZACIÓN NO GUBERNAMENTAL CILSA, COMO ONG CON RELACIONES OFICIALES ANTE LA UNESCO.	29/2026	28/04/2026 -	LÓPEZ, MARÍA FLORENCIA -	DE RELACIONES EXTERIORES Y CULTO				
S	597	2026	PL	LOPEZ FLORENCIA: PROYECTO DE LEY QUE CREA EL CONSEJO FEDERAL DE CULTURA.	29/2026	28/04/2026 -	LÓPEZ, MARÍA FLORENCIA -	DE EDUCACIÓN Y CULTURA	DE PRESUPUESTO Y HACIENDA			
S	596	2026	PL	"DE PEDRO Y HUALA: PROYECTO DE LEY QUE ESTABLECE LA REALIZACION DE LA JORNADA ""ARGENTINA CONTRA EL BULLYING: POR UNA ESCUELA LIBRE DE ACOSO Y DISCRIMINACION"", EN TODOS LOS ESTABLECIMIENTOS EDUCATIVOS, PUBLICOS Y PRIVADOS, EN LOS NIVELES OBLIGATORIOS."	29/2026	28/04/2026 -	DE PEDRO, EDUARDO ENRIQUE - HUALA, MARÍA VICTORIA -	DE EDUCACIÓN Y CULTURA				
S	595	2026	PC	GALARETTO: PROYECTO DE COMUNICACIÓN QUE SOLICITA PROMOVER PRACTICAS SUSTENTABLES DE CARÁCTER AMBIENTAL EN LA SOCIEDAD.	29/2026	28/04/2026 -	GALARETTO, EDUARDO HORACIO -	DE AMBIENTE Y DESARROLLO SUSTENTABLE				
S	594	2026	PL	GALARETTO: PROYECTO DE LEY QUE CREA EL PROGRAMA NACIONAL DE DEPORTES PARA PERSONAS MAYORES.	29/2026	28/04/2026 -	GALARETTO, EDUARDO HORACIO -	DE DEPORTE	DE POBLACIÓN Y DESARROLLO  HUMANO	DE PRESUPUESTO Y HACIENDA		
S	593	2026	PL	UÑAC: PROYECTO DE LEY DE PRESUPUESTOS MINIMOS PARA LA PROTECCION DE LA CALIDAD DEL CIELO NOCTURNO Y PREVENCION DE LA CONTAMINACION LUMINICA	29/2026	28/04/2026 -	UÑAC, SERGIO MAURICIO -	DE AMBIENTE Y DESARROLLO SUSTENTABLE	DE LEGISLACIÓN GENERAL			
S	592	2026	PL	CAPITANICH: PROYECTO DE LEY QUE CREA EL PROGRAMA NACIONAL DE MOVILIDAD DOCENTE (PNMD)	29/2026	28/04/2026 -	CAPITANICH, JORGE MILTON -	DE EDUCACIÓN Y CULTURA	DE INFRAESTRUCTURA, VIVIENDA Y TRANSPORTE	DE PRESUPUESTO Y HACIENDA		
S	591	2026	PC	CAPITANICH: PROYECTO DE COMUNICACIÓN QUE SOLICITA INFORME SOBRE LA SITUACION OPERATIVA Y PRESUPUESTARIA DEL SERVICIO METEOROLOGICO NACIONAL (SMN)	29/2026	28/04/2026 -	CAPITANICH, JORGE MILTON -	DE DEFENSA NACIONAL				
S	590	2026	PD	CAPITANICH: PROYECTO DE DECLARACIÓN QUE RECHAZA EL DNU N°274/26 QUE MODIFICA EL RÉGIMEN DE PRESTACIÓN DEL SERVICIO METEOROLOGICO PARA LA NAVEGACIÓN AÉREA (MET)	29/2026	28/04/2026 -	CAPITANICH, JORGE MILTON -	DE DEFENSA NACIONAL				
S	589	2026	PD	"MARKS: PROYECTO DE DECLARACIÓN QUE DECLARA DE INTERÉS EL LIBRO ""EL PINTOR DE LA SUIZA ARGENTINA. HISTORIA DE UN LIBRO SOBRE LOS NAZIS DE BARILOCHE"", DEL AUTOR ESTEBAN BUCH."	29/2026	27/04/2026 -	MARKS, ANA INÉS -	DE EDUCACIÓN Y CULTURA				
S	588	2026	PD	COTO: PROYECTO DE DECLARACIÓN QUE EXPRESA BENEPLACITO POR EL 36° ANIVERSARIO DE LA PROVINCIALIZACION DEL TERRITORIO NACIONAL DE TIERRA DEL FUEGO, EL 26 DE ABRIL.	29/2026	27/04/2026 -	COTO, AGUSTÍN PEDRO -	DE EDUCACIÓN Y CULTURA				
S	587	2026	PL	BENSUSÁN Y OTROS: PROYECTO DE LEY QUE DECLARA LA EMERGENCIA PRODUCTIVA, LABORAL, FINANCIERA, FISCAL Y TARIFARIA DE LAS MICRO, PEQUEÑAS Y MEDIANAS EMPRESAS (MIPYMES) EN TODO EL TERRITORIO NACIONAL POR EL PLAZO DE TRESCIENTOS SESENTA Y CINCO (365) DIAS.	29/2026	27/04/2026 -	BENSUSÁN, DANIEL PABLO - LINARES, CARLOS ALBERTO - LÓPEZ, CÁNDIDA CRISTINA - CAPITANICH, JORGE MILTON - SORIA, MARTIN IGNACIO - UÑAC, SERGIO MAURICIO - RECALDE, MARIANO - GONZÁLEZ, MARÍA TERESA MARGARITA - KIRCHNER, ALICIA MARGARITA ANTONIA -	DE PRESUPUESTO Y HACIENDA	DE ECONOMÍAS REGIONALES, ECONOMÍA SOCIAL, MICRO, PEQUEÑA Y MEDIANA EMPRESA			
S	586	2026	PL	VISCHI: PROYECTO DE LEY QUE MODIFICA EL TITULO II DE LA LEY 26.571 -DE DEMOCRATIZACION DE LA REPRESENTACION POLITICA, LA TRANSPARENCIA Y LA EQUIDAD ELECTORAL- RESPECTO DE LAS ELECCIONES PRIMARIAS ABIERTAS, SIMULTANEAS Y OBLIGATORIAS.	29/2026	24/04/2026 -	VISCHI, EDUARDO ALEJANDRO -	DE ASUNTOS CONSTITUCIONALES				
S	585	2026	PC	KIRCNHER: PROYECTO DE COMUNICACIÓN QUE SOLICITA INFORME SOBRE DIVERSOS PUNTOS RELACIONADOS AL DECRETO N° 253/26 QUE DELEGA A DETERMINADAS PROVINCIAS LA COMPETENCIA PARA OTORGAR CONCESIONES DE OBRA PÚBLICA POR PEAJE	29/2026	24/04/2026 -	KIRCHNER, ALICIA MARGARITA ANTONIA -	DE INFRAESTRUCTURA, VIVIENDA Y TRANSPORTE				
S	584	2026	PC	KIRCHNER: PROYECTO DE COMUNICACIÓN QUE SOLICITA INFORME SOBRE EL DESARROLLO DE TAREAS EN LA ARGENTINA POR PARTE DE TROPAS EXTRANJERAS DE CONFORMIDAD CON LA LEY 25.880.	29/2026	24/04/2026 -	KIRCHNER, ALICIA MARGARITA ANTONIA -	DE DEFENSA NACIONAL				
S	583	2026	PL	"KIRCHNER: PROYECTO DE LEY QUE DECLARA FIESTA NACIONAL A LA ""FIESTA DEL PENACHO AMARILLO"", QUE SE CELEBRA ANUALMENTE EN LA LOC. DE PUERTO DESEADO, PROV. DE SANTA CRUZ."	29/2026	24/04/2026 -	KIRCHNER, ALICIA MARGARITA ANTONIA -	DE EDUCACIÓN Y CULTURA	DE PRESUPUESTO Y HACIENDA			
S	582	2026	PL	MARKS Y OTROS: PROYECTO DE LEY QUE MODIFICA SUS SIMILARES 26.741 - -YACIMIENTOS PETROLIFEROS FISCALES - Y 17.319 - HIDROCARBUROS -, SOBRE REESTABLECIMIENTO DE SUS PRINCIPIOS.	29/2026	24/04/2026 -	MARKS, ANA INÉS - LÓPEZ, CÁNDIDA CRISTINA - KIRCHNER, ALICIA MARGARITA ANTONIA - LINARES, CARLOS ALBERTO - SORIA, MARTIN IGNACIO - BAHL, ADÁN HUMBERTO - RECALDE, MARIANO - GIMÉNEZ NAVARRO, MARÍA CELESTE -	DE MINERÍA, ENERGÍA Y COMBUSTIBLES	DE ASUNTOS CONSTITUCIONALES			
S	581	2026	PL	FAMA: REPRODUCE PROYECTO DE LEY DE PARIDAD DE GÉNERO EN LA CORTE SUPREMA DE JUSTICIA Y LOS TRIBUNALES FEDERALES COLEGIADOS DE JUSTICIA DE LA NACIÓN (REF. S.1526/24).	28/2026	24/04/2026 -	FAMA, FLAVIO SERGIO -	DE ASUNTOS CONSTITUCIONALES	DE JUSTICIA Y ASUNTOS PENALES			
S	580	2026	PD	LEWANDOWSKI: PROYECTO DE DECLARACION QUE ADHIERE AL DIA MUNDIAL DE LA FIBROMIALGIA, EL 12 DE MAYO DE CADA AÑO.	28/2026	24/04/2026 -	LEWANDOWSKI, MARCELO NÉSTOR -	DE SALUD				
S	579	2026	PL	VALENZUELA Y OTRAS: PROYECTO DE LEY DE PROTECCIÓN DE DATOS PERSONALES DE NIÑAS, NIÑOS Y ADOLESCENTES EN ENTORNOS DIGITALES.	28/2026	24/04/2026 -	VALENZUELA, MERCEDES GABRIELA - SCHNEIDER, SILVANA LORENA - LOSADA, CAROLINA -	DE ASUNTOS CONSTITUCIONALES	DE POBLACIÓN Y DESARROLLO  HUMANO	DE SISTEMAS, MEDIOS DE COMUNICACIÓN Y LIBERTAD DE EXPRESIÓN		
S	578	2026	PD	KIRCHNER Y OTROS: PROYECTO DE DECLARACION QUE EXPRESA PREOCUPACION Y RECHAZA EL DETERIORO DEL EJERCICIO DE LA LIBERTAD DE EXPRESION Y LABOR PERIODISTICA EN LA REP. ARGENTINA, ANTE LAS EXPRESIONES REALIZADAS POR EL PRESIDENTE DE LA NACION.	28/2026	23/04/2026 -	KIRCHNER, ALICIA MARGARITA ANTONIA - CAPITANICH, JORGE MILTON - SORIA, MARTIN IGNACIO - LÓPEZ, CÁNDIDA CRISTINA - RECALDE, MARIANO - GONZÁLEZ, MARÍA TERESA MARGARITA - GIMÉNEZ NAVARRO, MARÍA CELESTE - UÑAC, SERGIO MAURICIO -	DE ASUNTOS CONSTITUCIONALES				
S	577	2026	PL	CAPITANICH: PROYECTO DE LEY QUE MODIFICA SU SIMILAR 25.065 - TARJETAS DE CREDITO- RESPECTO DEL PAGO DEL IMPORTE ADEUDADO Y SUS INTERESES.	28/2026	23/04/2026 -	CAPITANICH, JORGE MILTON -	DE LEGISLACIÓN GENERAL	DE ECONOMÍA NACIONAL E INVERSIÓN			
S	576	2026	PL	TERENZI: PROYECTO DE LEY QUE CREA EL PROGRAMA DE COMPENSACION POR PAGO DE ZONA DESFAVORABLE EN DIVERSAS PROVINCIAS DE LA REGION PATAGONICA.	28/2026	23/04/2026 -	TERENZI, EDITH ELIZABETH - CARAMBIA, JOSÉ MARÍA - CRISTINA, ANDREA MARCELA -	DE ECONOMÍAS REGIONALES, ECONOMÍA SOCIAL, MICRO, PEQUEÑA Y MEDIANA EMPRESA	DE PRESUPUESTO Y HACIENDA	DE TRABAJO Y PREVISIÓN SOCIAL		
S	575	2026	PD	BEDIA: PROYECTO DE DECLARACIÓN QUE EXPRESA PESAR POR EL FALLECIMIENTO DEL ACTOR LUIS BRANDONI, EL 20 DE ABRIL DE 2026.	28/2026	23/04/2026 -	BEDIA, VILMA FACUNDA -	DE EDUCACIÓN Y CULTURA				
S	574	2026	PD	"LEWANDOWSKI: PROYECTO DE DECLARACION QUE DECLARA DE INTERÉS EL ""20° ENCUENTRO ARGENTINO DE TRANSPORTE FLUVIAL (EATF)"", A REALIZARSE EN LA CDAD. DE ROSARIO, PROV. DE SANTA FE, EL 28 DE ABRIL DE 2026."	28/2026	23/04/2026 -	LEWANDOWSKI, MARCELO NÉSTOR -	DE INFRAESTRUCTURA, VIVIENDA Y TRANSPORTE				
S	573	2026	PL	ARCE Y ROJAS DECUT: PROYECTO DE LEY QUE ESTABLECE EL REGIMEN PARA LA PREVENCION, EL TRATAMIENTO Y EL CONTROL DE LA OBESIDAD EN LA REPUBLICA ARGENTINA.	28/2026	23/04/2026 -	ARCE, CARLOS OMAR - ROJAS DECUT, SONIA ELIZABETH -	DE SALUD	DE TRABAJO Y PREVISIÓN SOCIAL	DE PRESUPUESTO Y HACIENDA		
S	572	2026	PD	MARKS: PROYECTO DE DECLARACIÓN QUE ADHIERE AL 50° ANIVERSARIO DE LA FUNDACIÓN DE LA EMPRESA INVAP, EL 1° DE SEPTIEMBRE DE 2026.	28/2026	23/04/2026 -	MARKS, ANA INÉS -	DE CIENCIA Y TECNOLOGÍA				
S	571	2026	PC	"REJAL Y OTROS: PROYECTO DE COMUNICACION QUE SOLICITA INFORME 
SOBRE DIVERSOS PUNTOS RESPECTO A LA DISOLUCION DEL FONDO FIDUCIARIO PARA EL TRANSPORTE ELECTRICO FEDERAL (FFTEF)"	28/2026	23/04/2026 -	REJAL, JESÚS FERNANDO - ANDRADA, GUILLERMO EDUARDO - LÓPEZ, MARÍA FLORENCIA - SALINO, FERNANDO ALDO - LINARES, CARLOS ALBERTO - GONZÁLEZ, MARÍA TERESA MARGARITA - NEDER, JOSÉ EMILIO - MAYANS, JOSÉ MIGUEL ÁNGEL - CAPITANICH, JORGE MILTON - FERNÁNDEZ SAGASTI, ANABEL - CORPACCI, LUCÍA BENIGNA -	DE PRESUPUESTO Y HACIENDA				
S	570	2026	PL	ZAMORA: PROYECTO DE LEY DE PREVENCION DE LA LUDOPATIA INFANTIL.	28/2026	23/04/2026 -	ZAMORA, GERARDO -	DE SALUD	DE LEGISLACIÓN GENERAL	DE JUSTICIA Y ASUNTOS PENALES		
S	569	2026	PL	PAOLTRONI: PROYECTO DE LEY QUE DECLARA LA INTERVENCIÓN FEDERAL A LA PROVINCIA DE FORMOSA.	28/2026	23/04/2026 -	PAOLTRONI, FRANCISCO MANUEL -	DE ASUNTOS CONSTITUCIONALES				
S	568	2026	PL	ALVAREZ RIVERO: PROYECTO DE LEY SOBRE REEMPADRONAMIENTO PARTIDARIO Y AFILIACION DIGITAL LIBRE.	28/2026	23/04/2026 -	ALVAREZ RIVERO, CARMEN -	DE ASUNTOS CONSTITUCIONALES	DE SISTEMAS, MEDIOS DE COMUNICACIÓN Y LIBERTAD DE EXPRESIÓN			
S	567	2026	PL	AVILA Y OTROS: PROYECTO DE LEY QUE MODIFICA SU SIMILAR 26.892 - PROMOCION DE LA CONVIVENCIA Y EL ABORDAJE DE LA CONFLICTIVIDAD SOCIAL EN LAS INSTITUCIONES EDUCATIVAS-, RESPECTO DE INCORPORAR HERRAMIENTAS CONCRETAS QUE PERMITAN PREVENIR, DETECTAR E INTERVENIR DE MANERA OPORTUNA ANTE SITUACIONES DE AC	28/2026	23/04/2026 -	AVILA, BEATRIZ LUISA - JUEZ, LUIS ALFREDO - GOERLING LARA, ENRIQUE MARTÍN -	DE EDUCACIÓN Y CULTURA				
S	566	2026	PL	AVILA: PROYECTO DE LEY SOBRE REGIMEN ESPECIAL PARA DEUDORES DE CREDITOS.	28/2026	23/04/2026 -	AVILA, BEATRIZ LUISA -	DE LEGISLACIÓN GENERAL	DE ECONOMÍA NACIONAL E INVERSIÓN	DE PRESUPUESTO Y HACIENDA		
S	565	2026	PL	AVILA: PROYECTO DE LEY QUE MODIFICA SU SIMILAR 14.346 - PROTECCION ANIMAL -, RESPECTO DE AGRAVAR LAS PENAS.	28/2026	23/04/2026 -	AVILA, BEATRIZ LUISA -	DE JUSTICIA Y ASUNTOS PENALES				
S	564	2026	PL	"AVILA: PROYECTO DE LEY QUE DECLARA A LA CDAD. DE SAN MIGUEL DE TUCUMAN COMO ""CAPITAL DE LA REP. ARGENTINA"", LOS 9 DE JULIO DE CADA AÑO."	27/2026	23/04/2026 -	AVILA, BEATRIZ LUISA -	DE EDUCACIÓN Y CULTURA				
S	563	2026	PL	AVILA: PROYECTO DE LEY QUE CREA EL REGIMEN ESPECIAL INCENTIVO LABORAL DE EMPLEO DE MUJERES.	27/2026	23/04/2026 -	AVILA, BEATRIZ LUISA -	DE TRABAJO Y PREVISIÓN SOCIAL	BANCA DE LA MUJER			
S	562	2026	PL	AVILA: PROYECTO DE LEY SOBRE ORGANIZACION EN SALAS Y FORTALECIMIENTO FUNCIONAL DE LA CAMARA FEDERAL DE APELACIONES DE TUCUMÁN.	27/2026	23/04/2026 -	AVILA, BEATRIZ LUISA -	DE JUSTICIA Y ASUNTOS PENALES	DE PRESUPUESTO Y HACIENDA			
S	561	2026	PL	AVILA Y OTROS: PROYECTO DE LEY DE CREACION DEL PROGRAMA INTEGRAL DE SALUD MENTAL EN LAS ESCUELAS.	27/2026	23/04/2026 -	AVILA, BEATRIZ LUISA - JUEZ, LUIS ALFREDO - GOERLING LARA, ENRIQUE MARTÍN - FAMA, FLAVIO SERGIO -	DE EDUCACIÓN Y CULTURA	DE SALUD	DE PRESUPUESTO Y HACIENDA		
S	560	2026	PD	"MOISES: PROYECTO DE DECLARACIÓN QUE EXPRESA BENEPLACITO POR EL 70° ANIVERSARIO DE LA ESCUELA NORMAL ""GRAL. JOSE DE SAN MARTIN"", EN LA CDAD. DE SAN PEDRO DE JUJUY, PROV. DE JUJUY, EL 14 DE MAYO DE 2026."	27/2026	23/04/2026 -	MOISES, MARÍA CAROLINA -	DE EDUCACIÓN Y CULTURA				
S	559	2026	PL	BENSUSAN: PROYECTO DE LEY QUE MODIFICA SU SIMILAR 23.298 -ORGANICA DE LOS PARTIDOS POLITICOS -Y S/M, RESPECTO DE IMPLEMENTAR UN SISTEMA HIBRIDO DE SELECCIÓN DE CANDIDATOS.	27/2026	23/04/2026 -	BENSUSÁN, DANIEL PABLO -	DE ASUNTOS CONSTITUCIONALES				
S	558	2026	PD	LOPEZ C.Y OTROS: PROYECTO DE DECLARACION QUE RECHAZA EL DICTADO DEL DNU N° 252/26 QUE MODIFICA EL REGIMEN DE ADUANA EN FACTORIA (RAF) ESTABLECIDO POR EL DCTO. N° 688/02	27/2026	22/04/2026 -	LÓPEZ, CÁNDIDA CRISTINA - RECALDE, MARIANO - GONZÁLEZ, MARÍA TERESA MARGARITA -	DE PRESUPUESTO Y HACIENDA				
S	557	2026	PD	"GUZMAN CORAITA Y OTROS: PROYECTO DE DECLARACIÓN QUE ADHIERE A LA CONMEMORACIÓN DEL ""DÍA DE LA CONSTITUCIÓN NACIONAL ARGENTINA"", A CELEBRARSE EL 1° DE MAYO DE 2026."	27/2026	22/04/2026 -	GUZMÁN CORAITA, GONZALO - OROZCO, MARÍA EMILIA - JUEZ, LUIS ALFREDO - MONTEVERDE, AGUSTÍN ANÍBAL - ABDALA, BARTOLOMÉ ESTEBAN - ALMEIDA, ROMINA MARÍA -	DE EDUCACIÓN Y CULTURA				
S	556	2026	PC	LOSADA: PROYECTO DE COMUNICACION QUE SOLICITA SE INCORPORE EN LA CURRICULA ESCOLAR DE LAS JURISDICCIONES NACIONALES, PROVINCIALES, DE LA CIUDAD AUTONOMA DE BUENOS AIRES Y MUNICIPALES, LA ENSEÑANZA DE LA VIDA Y OBRA DEL BRIGADIER GENERAL ESTANISLAO LOPEZ.	27/2026	22/04/2026 -	LOSADA, CAROLINA -	DE EDUCACIÓN Y CULTURA				
S	555	2026	PD	"ROJAS DECUT Y ARCE: PROYECTO DE DECLARACIÓN QUE ADHIERE A LA CONMEMORACION DEL ""DIA INTERNACIONAL DE LAS NIÑAS EN LAS TECNOLOGIAS DE LA INFORMACION Y LA COMUNICACION"", EL CUARTO JUEVES DE ABRIL DE CADA AÑO."	27/2026	22/04/2026 -	ROJAS DECUT, SONIA ELIZABETH - ARCE, CARLOS OMAR -	BANCA DE LA MUJER				
S	554	2026	PD	ROJAS DECUT Y ARCE: PROYECTO DE DECLARACIÓN QUE DECLARA DE INTERES LA CONMEMORACION DEL PRIMER ANIVERSARIO DEL FALLECIMIENTO DEL PAPA FRANCISCO, EL 21 DE ABRIL DE 2026.	27/2026	22/04/2026 -	ROJAS DECUT, SONIA ELIZABETH - ARCE, CARLOS OMAR -	DE RELACIONES EXTERIORES Y CULTO				
S	553	2026	PD	SCHNEIDER: PROYECTO DE DECLARACION QUE EXPRESA BENEPLACITO POR LA TRAYECTORIA ARTISTICA DEL CANTAUTOR CHAQUEÑO, MARCELO ARMANDO CÓRDOBA.	27/2026	22/04/2026 -	SCHNEIDER, SILVANA LORENA -	DE EDUCACIÓN Y CULTURA				
S	552	2026	PD	SCHNEIDER: PROYECTO DE DECLARACION QUE EXPRESA BENEPLACITO POR EL 117º ANIVERSARIO DE LA LOC. DE GENERAL JOSE DE SAN MARTIN, PROV. DEL CHACO, EL 29 DE ABRIL DE 2026.	27/2026	22/04/2026 -	SCHNEIDER, SILVANA LORENA -	DE ASUNTOS ADMINISTRATIVOS Y MUNICIPALES				
S	551	2026	PL	CRISTINA: REPRODUCE PROYECTO DE LEY QUE CREA EL REGISTRO NACIONAL DE NIÑAS, NIÑOS, ADOLESCENTES Y JOVENES SIN CUIDADOS PARENTALES CON MEDIDAS EXCEPCIONALES ALOJADOS EN DISPOSITIVOS FAMILIARES, RESIDENCIALES Y CASAS DE EGRESO AUTONOMO. (REF. S.1884/24)	27/2026	22/04/2026 -	CRISTINA, ANDREA MARCELA -	DE LEGISLACIÓN GENERAL	DE POBLACIÓN Y DESARROLLO  HUMANO			
S	550	2026	PL	CRISTINA: REPRODUCE PROYECTO DE LEY QUE DECLARA EL 29 DE JUNIO DE CADA AÑO COMO DIA NACIONAL DE LA CONCIENTIZACION Y DIFUSION SOBRE LA ESCLERODERMIA. (REF. S.1068/24)	27/2026	22/04/2026 -	CRISTINA, ANDREA MARCELA -	DE SALUD				
S	549	2026	PC	SALINO: PROYECTO DE COMUNICACIÓN QUE SOLICITA INFORME SOBRE DIVERSOS PUNTOS RESPECTO A LA EVOLUCIÓN RECIENTE DE CASOS DE TUBERCULOSIS EN LA ARGENTINA Y LAS POLITICAS PÚBLICAS IMPLEMENTADAS PARA SU PREVENCIÓN Y TRATAMIENTO.	27/2026	21/04/2026 -	SALINO, FERNANDO ALDO -	DE SALUD				
S	548	2026	PC	SALINO: PROYECTO DE COMUNICACIÓN QUE SOLICITA INFORME SOBRE DIVERSOS PUNTOS RELACIONADOS CON LA EJECUCIÓN, ASIGNACIÓN Y TRANSFERENCIA DE RECURSOS SOBRE LOS COMBUSTIBLES LÍQUIDOS Y AL DIÓXIDO DE CARBONO ESTABLECIDO EN LA LEY 23.966, Y AL IMPUESTO PARA UNA ARGENTINA INCLUSIVA Y SOLIDARIA (PAIS) E	27/2026	21/04/2026 -	SALINO, FERNANDO ALDO -	DE PRESUPUESTO Y HACIENDA				
S	547	2026	PD	ABDALA Y OTROS: PROYECTO DE DECLARACIÓN QUE RINDE HOMENAJE AL PAPA FRANCISCO, AL CUMPLIRSE EL PRIMER ANIVERSARIO DE SU FALLECIMIENTO, EL 21 DE ABRIL DE 2026.	27/2026	21/04/2026 -	ABDALA, BARTOLOMÉ ESTEBAN - JUEZ, LUIS ALFREDO - AVILA, BEATRIZ LUISA - ALVAREZ RIVERO, CARMEN - NEDER, JOSÉ EMILIO -	DE RELACIONES EXTERIORES Y CULTO				
S	546	2026	PL	UÑAC: PROYECTO DE LEY QUE MODIFICA EL CÓDIGO PENAL, RESPECTO A LA IMPRESCRIPTIBILIDAD DE DELITOS CONTRA LOS MENORES DE EDAD.	27/2026	21/04/2026 -	UÑAC, SERGIO MAURICIO -	DE JUSTICIA Y ASUNTOS PENALES				
S	545	2026	PD	VALENZUELA: PROYECTO DE DECLARACIÓN QUE DECLARA DE INTERES LA XLIX EDICION DE LA FIESTA NACIONAL DEL SURUBÍ, A CELEBRARSE EN LA CDAD. DE GOYA, PROV. DE CORRIENTES, DEL 27 DE ABRIL AL 3 DE MAYO DEL 2026.	27/2026	21/04/2026 -	VALENZUELA, MERCEDES GABRIELA -	DE DEPORTE				
S	544	2026	PC	VALENZUELA Y KRONEBERGER: PROYECTO DE COMUNICACIÓN QUE SOLICITA INFORME SOBRE DIVERSOS PUNTOS VINCULADOS AL FUNCIONAMIENTO DEL INSTITUTO NACIONAL DE SERVICIOS SOCIALES PARA JUBILADOS Y PENSIONADOS-   INSSJP (PAMI)	26/2026	21/04/2026 -	VALENZUELA, MERCEDES GABRIELA - KRONEBERGER, DANIEL RICARDO -	DE TRABAJO Y PREVISIÓN SOCIAL				
S	543	2026	PD	"CAPITANICH: PROYECTO DE DECLARACION QUE DECLARA DE INTERES LA CONMEMORACIÓN DEL 136° ANIVERSARIO DE ""MARGARITA BELEN"", LOC. DE LA PROV. DEL CHACO, EL 9 DE MAYO DE 2026."	26/2026	21/04/2026 -	CAPITANICH, JORGE MILTON -	DE ASUNTOS ADMINISTRATIVOS Y MUNICIPALES				
S	542	2026	PD	CAPITANICH: PROYECTO DE DECLARACIÓN QUE EXPRESA PREOCUPACION POR LA CATASTROFE CLIMATICA QUE AFECTA AL DEPTO. GENERAL GUEMES Y ZONAS DE INFLUENCIA EN LA PROV. DEL CHACO, OCURRIDA EL 20 DE ABRIL DE 2026.	26/2026	21/04/2026 -	CAPITANICH, JORGE MILTON -	DE PRESUPUESTO Y HACIENDA				
S	541	2026	PR	CAPITANICH: PROYECTO DE RESOLUCIÓN QUE INCORPORA LOS ART. 205 BIS, 205 TER Y 205 QUATER AL REGLAMENTO DEL H. SENADO, RESPECTO DE LAS FORMAS DE VOTACIÓN.	26/2026	20/04/2026 -	CAPITANICH, JORGE MILTON -	DE ASUNTOS CONSTITUCIONALES				
S	540	2026	PD	"LOPEZ C. Y LINARES: PROYECTO DE DECLARACION QUE DECLARA DE INTERES LA REALIZACIÓN DE LA PRODUCCIÓN CINEMATOGRÁFICA ""RISA Y LA CABINA DE VIENTO"" DIRIGIDA POR JUAN CABRAL Y FILMADA EN LA CDAD. DE USHUAIA, PROV. DE TIERRA DEL FUEGO, A.I.A.S.."	26/2026	20/04/2026 -	LÓPEZ, CÁNDIDA CRISTINA - LINARES, CARLOS ALBERTO -	DE EDUCACIÓN Y CULTURA				
S	539	2026	PL	CAPITANICH: PROYECTO DE LEY QUE ESTABLECE UN MARCO NORMATIVO PARA LA TRANSFORMACION DIGITAL INTEGRAL DEL ESTADO.	26/2026	20/04/2026 -	CAPITANICH, JORGE MILTON -	DE LEGISLACIÓN GENERAL	DE SISTEMAS, MEDIOS DE COMUNICACIÓN Y LIBERTAD DE EXPRESIÓN	DE ASUNTOS ADMINISTRATIVOS Y MUNICIPALES	DE PRESUPUESTO Y HACIENDA	
S	538	2026	PL	MARKS Y SORIA: PROYECTO DE LEY QUE TRANSFIERE A TITULO GRATUITO A FAVOR DE LA ASOCIACION CIVIL PADRES Y AMIGOS DEL DISCAPACITADO DE RIO COLORADO (APADERC), UN INMUEBLE PROPIEDAD DEL ESTADO NACIONAL SITO EN LA LOC. DE RIO COLORADO, PROV. DE RIO NEGRO.	26/2026	20/04/2026 -	MARKS, ANA INÉS - SORIA, MARTIN IGNACIO -	DE ASUNTOS ADMINISTRATIVOS Y MUNICIPALES				
S	537	2026	PL	FERNANDEZ SAGASTI: PROYECTO DE LEY QUE DISPONE UN NUEVO PLAZO DE EJECUCIÓN DEL PROGRAMA NACIONAL DE ENTREGA VOLUNTARIA DE ARMAS DE FUEGO, CREADO POR LEY 26.216.	26/2026	20/04/2026 -	FERNÁNDEZ SAGASTI, ANABEL -	DE SEGURIDAD INTERIOR Y NARCOTRÁFICO	DE JUSTICIA Y ASUNTOS PENALES			
S	536	2026	PD	"CAPITANICH: PROYECTO DE DECLARACIÓN QUE RECHAZA EL DNU N° 264/26 - INGRESO DE TROPAS DE ESTADOS UNIDOS DE AMERICA PARA EJERCICIOS MILITARES ""DAGA ATLANTICA Y PASSEX""."	26/2026	20/04/2026 -	CAPITANICH, JORGE MILTON -	DE RELACIONES EXTERIORES Y CULTO				
S	535	2026	PD	COTO: PROYECTO DE DECLARACION QUE ADHIERE AL 75° ANIVERSARIO DE LA CREACIÓN DEL INSTITUTO ANTARTICO ARGENTINO, EL 17 DE ABRIL DE 2026.	26/2026	17/04/2026 -	COTO, AGUSTÍN PEDRO -	DE EDUCACIÓN Y CULTURA				
S	534	2026	PD	"COTO: PROYECTO DE DECLARACION QUE ADHIERE A LA CONMEMORACIÓN DEL 41° ANIVERSARIO DE LA CREACIÓN DEL ESCUADRÓN 44 ""USHUAIA"" DE GENDARMERÍA NACIONAL ARGENTINA, EL 9 DE ABRIL DE 2026."	26/2026	17/04/2026 -	COTO, AGUSTÍN PEDRO -	DE SEGURIDAD INTERIOR Y NARCOTRÁFICO				
S	533	2026	PC	"GIMENEZ NAVARRO: PROYECTO DE COMUNICACIÓN QUE SOLICITA INFORME SOBRE DIVERSOS PUNTOS RELACIONADOS AL PROGRAMA ""INCLUIR SALUD""."	26/2026	17/04/2026 -	GIMÉNEZ NAVARRO, MARÍA CELESTE -	DE SALUD				
S	532	2026	PC	ROYÓN: PROYECTO DE COMUNICACIÓN QUE SOLICITA INFORMES SOBRE LA OCUPACIÓN DE TERRENOS Y VÍAS FÉRREAS, EN LA CDAD. DE ROSARIO DE LA FRONTERA, PROV. DE SALTA.	26/2026	17/04/2026 -	ROYON, FLAVIA GABRIELA -	DE LEGISLACIÓN GENERAL				
S	531	2026	PC	ROYÓN: PROYECTO DE COMUNICACIÓN QUE SOLICITA INFORME SOBRE EL ESTADO DE EJECUCIÓN Y SITUACIÓN DE LAS OBRAS DEL GASODUCTO NORTE Y LAS PLANTAS COMPRESORAS.	26/2026	17/04/2026 -	ROYON, FLAVIA GABRIELA -	DE MINERÍA, ENERGÍA Y COMBUSTIBLES				
S	530	2026	PD	ROYÓN: PROYECTO DE DECLARACIÓN QUE EXPRESA PREOCUPACIÓN POR EL ESTADO DE LA CALZADA EN EL TRAMO R DE LA RUTA NACIONAL N° 9/34, ENTRE LAS CIUDADES DE ROSARIO DE LA FRONTERA Y METÁN, PROV. DE SALTA.	26/2026	17/04/2026 -	ROYON, FLAVIA GABRIELA -	DE INFRAESTRUCTURA, VIVIENDA Y TRANSPORTE				
S	529	2026	PL	ROYÓN: PROYECTO DE LEY QUE MODIFICA EL TERCER PÁRRAFO DEL INCISO A) DEL ART. 85 DE SU SIMILAR 20.628 -DE IMPUESTO A LAS GANANCIAS- T.O. 2019 Y S/M, RESPECTO DE ACTUALIZAR LA DEDUCCIÓN DE INTERESES DE CRÉDITOS HIPOTECARIOS.	26/2026	17/04/2026 -	ROYON, FLAVIA GABRIELA -	DE PRESUPUESTO Y HACIENDA				
S	528	2026	PC	BENSUSÁN: PROYECTO DE COMUNICACIÓN QUE SOLICITA INFORME SOBRE DIVERSOS PUNTOS RELACIONADOS CON LA RECAUDACIÓN, ASIGNACIÓN Y EJECUCIÓN DE LOS RECURSOS PROVENIENTES DEL IMPUESTO SOBRE LOS COMBUSTIBLES LIQUIDOS Y AL DIOXIDO DE CARBONO ESTABLECIDO EN LA LEY 23.966.	26/2026	17/04/2026 -	BENSUSÁN, DANIEL PABLO -	DE PRESUPUESTO Y HACIENDA				
S	527	2026	PC	LEWANDOWSKI: PROYECTO DE COMUNICACIÓN QUE EXPRESA PREOCUPACION Y RECHAZA EL DICTADO DE LA RES. N° 42/2026, DEL INSTITUTO NACIONAL DE TECNOLOGIA INDUSTRIAL (INTI).	26/2026	17/04/2026 -	LEWANDOWSKI, MARCELO NÉSTOR -	DE CIENCIA Y TECNOLOGÍA				
S	526	2026	PL	MARKS Y SORIA: PROYECTO DE LEY QUE TRANSFIERE A TÍTULO GRATUITO A FAVOR DE LA ASOCIACIÓN CIVIL CLUB DEPORTIVO Y SOCIAL VILLA LOS COIHUES, UN INMUEBLE PROPIEDAD DEL ESTADO NACIONAL SITO EN LA LOC. DE SAN CARLOS DE BARILOCHE, PROV. DE RIO NEGRO.	25/2026	17/04/2026 -	MARKS, ANA INÉS - SORIA, MARTIN IGNACIO -	DE ASUNTOS ADMINISTRATIVOS Y MUNICIPALES				
S	525	2026	PL	"CORPACCI Y KIRCHNER  : PROYECTO DE LEY QUE MODIFICA SU SIMILAR 1919 Y S/M - CÓDIGO DE MINERÍA-, RESPECTO DE INCORPORAR EL TITULO FINAL ""REGIMEN DE CIERRE DE MINAS."""	25/2026	16/04/2026 -	CORPACCI, LUCÍA BENIGNA - KIRCHNER, ALICIA MARGARITA ANTONIA - CAPITANICH, JORGE MILTON -	DE MINERÍA, ENERGÍA Y COMBUSTIBLES	DE AMBIENTE Y DESARROLLO SUSTENTABLE			
S	524	2026	PD	"GIMÉNEZ NAVARRO: PROYECTO DE DECLARACIÓN QUE EXPRESA BENEPLÁCITO POR LA LABOR DEL EQUIPO ARGENTINO DE ANTROPOLOGÍA FORENSE (EAAF) Y EL INSTITUTO DE MEDICINA FORENSE DEL PODER JUDICIAL DE LA PROV. DE CÓRDOBA, REALIZADA EN EL CENTRO CLANDESTINO DE DETENCIÓN ""LA PERLA""."	25/2026	16/04/2026 -	GIMÉNEZ NAVARRO, MARÍA CELESTE -	DE DERECHOS Y GARANTÍAS				
S	523	2026	PD	"GIMENEZ NAVARRO: PROYECTO DE DECLARACIÓN QUE EXPRESA BENEPLÁCITO POR LA DISTINCIÓN CON EL PRIMER PREMIO AENA DE NARRATIVA HISPANOAMERICANA A LA ESCRITORA ARGENTINA SAMANTA SCHWEBLIN POR SU LIBRO ""EL BUEN MAL""."	25/2026	16/04/2026 -	GIMÉNEZ NAVARRO, MARÍA CELESTE -	DE EDUCACIÓN Y CULTURA				
S	522	2026	PD	"VISCHI: PROYECTO DE DECLARACIÓN QUE DECLARA DE INTERES ""LA JORNADA DEPORTIVA INCLUSIVA"" EN LA SECRETARIA NACIONAL DE DISCAPACIDAD (SENADIS), EL 18 DE ABRIL DE 2026"	25/2026	16/04/2026 -	VISCHI, EDUARDO ALEJANDRO -	DE DEPORTE				
S	521	2026	PL	GOERLING LARA Y CRISTINA: PROYECTO DE LEY SOBRE FICHA LIMPIA.	25/2026	16/04/2026 -	GOERLING LARA, ENRIQUE MARTÍN - CRISTINA, ANDREA MARCELA - HUALA, MARÍA VICTORIA -	DE ASUNTOS CONSTITUCIONALES				
S	520	2026	PL	CARAMBIA Y GADANO: PROYECTO DE LEY QUE DECLARA LA EMERGENCIA COMERCIAL, INDUSTRIAL Y PYME EN TODO EL TERRITORIO DE LA REPUBLICA ARGENTINA	25/2026	16/04/2026 -	CARAMBIA, JOSÉ MARÍA - GADANO, NATALIA ELENA -	DE PRESUPUESTO Y HACIENDA	DE ECONOMÍAS REGIONALES, ECONOMÍA SOCIAL, MICRO, PEQUEÑA Y MEDIANA EMPRESA			
S	519	2026	PC	LOPEZ C. Y OTROS : PROYECTO DE COMUNICACION QUE SOLICITA INFORME SOBRE DIVERSOS PUNTOS RELACIONADOS CON EL PRESUNTO SOBREVUELO NO AUTORIZADO DE LA AERONAVE MILITAR DEL REINO UNIDO DE GRAN BRETAÑA E IRLANDA DEL NORTE, EN ESPACIO AEREO ARGENTINO DURANTE EL MES DE ABRIL DE 2026.	25/2026	16/04/2026 -	LÓPEZ, CÁNDIDA CRISTINA - SORIA, MARTIN IGNACIO - RECALDE, MARIANO - LINARES, CARLOS ALBERTO -	DE DEFENSA NACIONAL				
S	518	2026	PL	LOSADA: PROYECTO DE LEY QUE MODIFICA SU SIMILAR 24.660 - PENA PRIVATIVA DE LA LIBERTAD -, SOBRE EL PRINCIPIO DE RESPONSABILIDAD INDIVIDUAL EN EL COSTO DEL MONITOREO ELECTRONICO.	25/2026	16/04/2026 -	LOSADA, CAROLINA -	DE JUSTICIA Y ASUNTOS PENALES				
S	517	2026	PL	AVILA: PROYECTO DE LEY QUE ESTABLECE EL MARCO LEGAL PARA LA INVESTIGACIÓN, DESARROLLO, USO Y REGULACIÓN DE LA INTELIGENCIA ARTIFICIAL.	25/2026	16/04/2026 -	AVILA, BEATRIZ LUISA -	DE LEGISLACIÓN GENERAL	DE CIENCIA Y TECNOLOGÍA	DE PRESUPUESTO Y HACIENDA		
S	516	2026	PL	AVILA: PROYECTO DE LEY QUE ESTABLECE UN PROGRAMA DE PREVENCION DEL JUEGO POR PARTE DE MENORES DE EDAD A TRAVES DE LAS APUESTAS EN LINEA EN EL AMBITO EDUCATIVO.	25/2026	16/04/2026 -	AVILA, BEATRIZ LUISA -	DE SALUD	DE LEGISLACIÓN GENERAL	DE JUSTICIA Y ASUNTOS PENALES		
S	515	2026	PD	"ROYON: PROYECTO DE DECLARACION QUE EXPRESA PREOCUPACIÓN Y RECHAZO POR LA ELIMINACION DEL PROGRAMA ""REMEDIAR""."	25/2026	16/04/2026 -	ROYON, FLAVIA GABRIELA -	DE SALUD				
S	514	2026	PC	"ROYON: PROYECTO DE COMUNICACIÓN QUE SOLICITA INFORME SOBRE LA FINALIZACION DEL PROGRAMA ""VOLVER AL TRABAJO""."	25/2026	16/04/2026 -	ROYON, FLAVIA GABRIELA -	DE POBLACIÓN Y DESARROLLO  HUMANO				
S	513	2026	PL	ROYON: PROYECTO DE LEY QUE MODIFICA SU SIMILAR 23.966 -IMPUESTOS-, RESPECTO DE REASIGNAR LOS RECURSOS RECAUDADOS EN VIRTUD DEL IMPUESTO A LOS COMBUSTIBLES Y AL DIÓXIDO DE CARBONO.	25/2026	16/04/2026 -	ROYON, FLAVIA GABRIELA -	DE PRESUPUESTO Y HACIENDA	DE COPARTICIPACIÓN FEDERAL DE IMPUESTOS			
S	512	2026	PC	FERNANDEZ SAGASTI: PROYECTO DE COMUNICACIÓN QUE SOLICITA INFORME SOBRE DIVERSOS PUNTOS RELACIONADOS A LA INTERRUPCIÓN DEL ENVÍO DE KITS DE EXTRACCIÓN DE MUESTRAS DE ADN A LAS EMBAJADAS Y SEDES CONSULARES ARGENTINAS EN EL EXTERIOR.	25/2026	16/04/2026 -	FERNÁNDEZ SAGASTI, ANABEL -	DE RELACIONES EXTERIORES Y CULTO				
S	511	2026	PC	"FERNANDEZ SAGASTI: PROYECTO DE COMUNICACIÓN QUE SOLICITA INFORME SOBRE LA SITUACIÓN ACTUAL Y FUTURA DEL PROGRAMA ""REMEDIAR"", Y OTRAS CUESTIONES CONEXAS."	25/2026	16/04/2026 -	FERNÁNDEZ SAGASTI, ANABEL -	DE SALUD				
S	510	2026	PL	CAPITANICH: PROYECTO DE LEY QUE CREA EL FONDO FEDERAL DE EQUIDAD DE SALUD (FEFES).	25/2026	15/04/2026 -	CAPITANICH, JORGE MILTON -	DE SALUD	DE PRESUPUESTO Y HACIENDA			
S	509	2026	PL	CAPITANICH: PROYECTO DE LEY QUE ESTABLECE EL JUICIO DE RESIDENCIA PARA LOS FUNCIONARIOS PUBLICOS.	25/2026	15/04/2026 -	CAPITANICH, JORGE MILTON -	DE ASUNTOS CONSTITUCIONALES	DE ASUNTOS ADMINISTRATIVOS Y MUNICIPALES	DE JUSTICIA Y ASUNTOS PENALES		
S	508	2026	PL	AVILA: PROYECTO DE LEY SOBRE REGIMEN NACIONAL DE REGULACION DE JUEGOS Y APUESTAS ONLINE.	25/2026	15/04/2026 -	AVILA, BEATRIZ LUISA -	DE SALUD	DE LEGISLACIÓN GENERAL	DE JUSTICIA Y ASUNTOS PENALES		
S	507	2026	PL	AVILA: PROYECTO DE LEY QUE REGULA LA APLICACIÓN DE INTELIGENCIA ARTIFICIAL EN LA EDUCACION.	25/2026	15/04/2026 -	AVILA, BEATRIZ LUISA -	DE LEGISLACIÓN GENERAL	DE CIENCIA Y TECNOLOGÍA	DE EDUCACIÓN Y CULTURA		
S	506	2026	PL	CARAMBIA: PROYECTO DE LEY QUE ESTABLECE LAS CONDICIONES DE ELEGILIBILDAD AL ACCESO A CARGOS PUBLICOS ELECTIVOS NACIONALES Y EL EJERCICIO DE CARGOS PARTIDARIOS.	24/2026	15/04/2026 -	CARAMBIA, JOSÉ MARÍA - GADANO, NATALIA ELENA -	DE ASUNTOS CONSTITUCIONALES	DE JUSTICIA Y ASUNTOS PENALES			
S	505	2026	PL	GALARETTO Y OTROS: PROYECTO DE LEY QUE MODIFICA SU SIMILAR 26.906 -PRODUCTOS MEDICOS- SOBRE ACTUALIZACION DEL REGIMEN SANCIONATORIO.	24/2026	15/04/2026 -	GALARETTO, EDUARDO HORACIO - FAMA, FLAVIO SERGIO - SCHNEIDER, SILVANA LORENA - JURI, MARIANA - KRONEBERGER, DANIEL RICARDO - VALENZUELA, MERCEDES GABRIELA - TERENZI, EDITH ELIZABETH - AVILA, BEATRIZ LUISA - VISCHI, EDUARDO ALEJANDRO -	DE SALUD	DE JUSTICIA Y ASUNTOS PENALES			
S	504	2026	PL	SORIA Y OTROS: PROYECTO DE LEY QUE DECLARA LA EMERGENCIA DEL INSTITUTO NACIONAL DE SERVICIOS SOCIALES PARA JUBILADOS Y PENSIONADOS (PAMI), POR EL PLAZO DE DOCE (12) MESES, PRORROGABLE POR IGUAL TERMINO.	24/2026	15/04/2026 -	SORIA, MARTIN IGNACIO - DI TULLIO, JULIANA - NEDER, JOSÉ EMILIO - UÑAC, SERGIO MAURICIO - GONZÁLEZ, MARÍA TERESA MARGARITA - MARKS, ANA INÉS - LÓPEZ, CÁNDIDA CRISTINA - LINARES, CARLOS ALBERTO - FERNÁNDEZ SAGASTI, ANABEL - BAHL, ADÁN HUMBERTO - RECALDE, MARIANO - KIRCHNER, ALICIA MARGARITA ANTONIA - CORPACCI, LUCÍA BENIGNA - LÓPEZ, MARÍA FLORENCIA - CAPITANICH, JORGE MILTON -	DE TRABAJO Y PREVISIÓN SOCIAL	DE PRESUPUESTO Y HACIENDA			
S	503	2026	PD	MENDOZA Y OTROS: PROYECTO DE DECLARACIÓN QUE EXPRESA PREOCUPACIÓN POR LA SITUACIÓN OPERATIVA, FINANCIERA Y PRESTACIONAL QUE ATRAVIESA EL INSTITUTO NACIONAL DE SERVICIOS SOCIALES PARA JUBILADOS Y PENSIONADOS -INSSJP (PAMI).	24/2026	14/04/2026 -	MENDOZA, SANDRA MARIELA - MOISES, MARÍA CAROLINA - ANDRADA, GUILLERMO EDUARDO -	DE TRABAJO Y PREVISIÓN SOCIAL				
S	502	2026	PC	MENDOZA Y OTROS: PROYECTO DE COMUNICACIÓN QUE SOLICITA INFORME SOBRE DIVERSOS PUNTOS RELACIONADOS AL FUNCIONAMIENTO DEL INSTITUTO NACIONAL DE SERVICIOS SOCIALES PARA JUBILADOS Y PENSIONADOS -INSSJP (PAMI).	24/2026	14/04/2026 -	MENDOZA, SANDRA MARIELA - MOISES, MARÍA CAROLINA - ANDRADA, GUILLERMO EDUARDO -	DE TRABAJO Y PREVISIÓN SOCIAL				
S	501	2026	PC	MENDOZA Y OTROS: PROYECTO DE COMUNICACIÓN QUE SOLICITA INFORME SOBRE DIVERSOS PUNTOS RELACIONADOS CON LA INTERRUPCIÓN DEL PROGRAMA REMEDIAR.	24/2026	14/04/2026 -	MENDOZA, SANDRA MARIELA - MOISES, MARÍA CAROLINA - ANDRADA, GUILLERMO EDUARDO -	DE SALUD				
S	500	2026	PL	HUALA: REPRODUCE PROYECTO DE LEY DE CAPACITACION ESTATAL OBLIGATORIA EN DATOS E INTELIGENCIA ARTIFICIAL PARA UN GOBIERNO DEL FUTURO. (REF. S. 2205/24)	24/2026	14/04/2026 -	HUALA, MARÍA VICTORIA -	DE LEGISLACIÓN GENERAL	DE CIENCIA Y TECNOLOGÍA	DE PRESUPUESTO Y HACIENDA		
S	499	2026	PL	TERENZI: PROYECTO DE LEY DE REGIMEN PROCESAL DE LA ACCION CIVIL DE EXTINCION DE DOMINIO.	24/2026	14/04/2026 -	TERENZI, EDITH ELIZABETH -	DE LEGISLACIÓN GENERAL	DE JUSTICIA Y ASUNTOS PENALES	DE SEGURIDAD INTERIOR Y NARCOTRÁFICO		
S	498	2026	PL	TERENZI: PROYECTO DE LEY QUE TRANSFIERE A TÍTULO GRATUITO A FAVOR DE LA MUNICIPALIDAD DE TRELEW EL INMUEBLE PROPIEDAD DEL ESTADO NACIONAL SITO EN LA PROV. DEL CHUBUT.	24/2026	14/04/2026 -	TERENZI, EDITH ELIZABETH -	DE ASUNTOS ADMINISTRATIVOS Y MUNICIPALES				
S	497	2026	PL	TERENZI: PROYECTO DE LEY QUE INCORPORA LOS INCISOS H, E I, AL ART. 33 DE SU SIMILAR 23.298 - LEY ORGANICA DE LOS PARTIDOS POLITICOS SOBRE INHABILITACION PARA PRECANDIDATURAS, CANDIDATURAS Y MODIFICA EL ART.  60 BIS DEL CODIGO ELECTORAL NACIONAL LEY 19.945, RESPECTO DE LOS REQUISITOS PARA LA OFICIALI	24/2026	14/04/2026 -	TERENZI, EDITH ELIZABETH -	DE ASUNTOS CONSTITUCIONALES	DE JUSTICIA Y ASUNTOS PENALES			
S	496	2026	PL	TERENZI: PROYECTO DE LEY QUE TRANSFIERE A TITULO GRATUITO A FAVOR DE LA MUNICIPALIDAD DE TRELEW, DIVERSOS INMUEBLES PROPIEDAD DEL ESTADO NACIONAL SITOS EN LA PROVINCIA DEL CHUBUT.	24/2026	14/04/2026 -	TERENZI, EDITH ELIZABETH -	DE ASUNTOS ADMINISTRATIVOS Y MUNICIPALES				
S	495	2026	PL	CAPITANICH: PROYECTO DE LEY QUE ESTABLECE EL RÉGIMEN DE COOPERACIÓN POLÍTICA PARA EL DESARROLLO SOSTENIBLE.	24/2026	14/04/2026 -	CAPITANICH, JORGE MILTON -	DE LEGISLACIÓN GENERAL	DE PRESUPUESTO Y HACIENDA	DE ASUNTOS CONSTITUCIONALES	DE TRABAJO Y PREVISIÓN SOCIAL	
S	494	2026	PL	FERNANDEZ SAGASTI: PROYECTO DE LEY QUE INCORPORA EL ART. 14 BIS A SU SIMILAR 24.937 - CONSEJO DE LA MAGISTRATURA- RESPECTO DE LA INTEGRACION DE LA COMISION DE DISCIPLINA DEL CONSEJO DE LA MAGISTRATURA.	24/2026	14/04/2026 -	FERNÁNDEZ SAGASTI, ANABEL -	DE ASUNTOS CONSTITUCIONALES	DE JUSTICIA Y ASUNTOS PENALES			
S	493	2026	PL	FERNANDEZ SAGASTI: PROYECTO DE LEY QUE MODIFICA SU SIMILAR 26.861 -INGRESO DEMOCRÁTICO E IGUALITARIO DE PERSONAL AL PODER JUDICIAL DE LA NACIÓN Y AL MINISTERIO PÚBLICO DE LA NACIÓN-  RESPECTO A LA REGULACION DEL INGRESO DEMOCRATICO E IGUALITARIO DE PERSONAL, MEDIANTE CONCURSO PÚBLICO.	24/2026	14/04/2026 -	FERNÁNDEZ SAGASTI, ANABEL -	DE ASUNTOS CONSTITUCIONALES	DE JUSTICIA Y ASUNTOS PENALES			
S	492	2026	PD	"CARAMBIA: PROYECTO DE DECLARACION QUE DECLARA DE INTERES EL LIBRO ""A ORILLAS DEL RIO FENIX"" DE LOS AUTORES GRACIELA CISELLI Y MARCELO HERNANDEZ."	24/2026	14/04/2026 -	CARAMBIA, JOSÉ MARÍA - GADANO, NATALIA ELENA -	DE EDUCACIÓN Y CULTURA				
S	491	2026	PD	VIGO: PROYECTO DE DECLARACIÓN QUE EXPRESA PREOCUPACION POR LA CRITICA SITUACION QUE ATRAVIESAN LOS AFILIADOS POR EL RECORTE Y FALTA DE PAGO DE LAS PRESTACIONES POR PARTE DEL INSTITUTO NACIONAL DE SERVICIOS SOCIALES PARA JUBILADOS Y PENSIONADOS (INSSJP-PAMI).	24/2026	13/04/2026 -	VIGO, ALEJANDRA MARÍA -	DE TRABAJO Y PREVISIÓN SOCIAL				
S	490	2026	PC	VIGO: PROYECTO DE COMUNICACIÓN QUE SOLICITA INFORME SOBRE LAS PRESTACIONES ADEUDADAS POR EL INSTITUTO NACIONAL DE SERVICIOS SOCIALES PARA JUBILADOS Y PENSIONADOS (INSSJP-PAMI) EN LA PROVINCIA DE CORDOBA,	24/2026	13/04/2026 -	VIGO, ALEJANDRA MARÍA -	DE TRABAJO Y PREVISIÓN SOCIAL				
S	489	2026	PL	VALENZUELA: PROYECTO DE LEY QUE ESTABLECE UNA MEDIDA DE ACCIÓN POSITIVA ORIENTADA A LOGRAR LA IGUALDAD DE OPORTUNIDADES PARA LAS MUJERES EN LA CSJN.	23/2026	13/04/2026 -	VALENZUELA, MERCEDES GABRIELA -	DE ASUNTOS CONSTITUCIONALES	BANCA DE LA MUJER			
S	488	2026	PL	ROJAS DECUT Y ARCE: PROYECTO DE LEY QUE CREA EL CONSEJO FEDERAL DE CULTURA.	23/2026	13/04/2026 -	ROJAS DECUT, SONIA ELIZABETH - ARCE, CARLOS OMAR - VALENZUELA, MERCEDES GABRIELA -	DE EDUCACIÓN Y CULTURA	DE PRESUPUESTO Y HACIENDA			
S	487	2026	PC	CAPITANICH: PROYECTO DE COMUNICACIÓN QUE SOLICITA INFORME RESPECTO A LA GESTION DE LOS FONDOS DEL IMPUESTO SOBRE LOS COMBUSTIBLES LIQUIDOS Y AL DIOXIDO DE CARBONO DURANTE LOS EJERCICIOS  2024, 2025 Y 2026.	23/2026	13/04/2026 -	CAPITANICH, JORGE MILTON -	DE PRESUPUESTO Y HACIENDA				
S	486	2026	PL	CAPITANICH: PROYECTO DE LEY QUE DEROGA LOS DECRETOS N° 765/2024, 138/2025, 143/2025, 150/2025 Y 208/2025.	23/2026	13/04/2026 -	CAPITANICH, JORGE MILTON -	DE ASUNTOS CONSTITUCIONALES	BICAMERAL DE REFORMA DEL ESTADO Y DEL SEGUIMIENTO DE LAS PRIVATIZACIONES (LEY 23.696)			
S	485	2026	PL	CAPITANICH: PROYECTO DE LEY QUE CREA EL CONSEJO FEDERAL DE LAS CULTURAS.	23/2026	13/04/2026 -	CAPITANICH, JORGE MILTON -	DE EDUCACIÓN Y CULTURA	DE PRESUPUESTO Y HACIENDA			
S	484	2026	PL	AVILA: PROYECTO DE LEY DE PROMOCION Y FOMENTO CIENTIFICO TECNOLOGICO DE LA ACTIVIDAD PRODUCTIVA AGROINDUSTRIAL - EEAOC.	23/2026	10/04/2026 -	AVILA, BEATRIZ LUISA -	DE CIENCIA Y TECNOLOGÍA	DE AGRICULTURA, GANADERÍA Y PESCA	DE PRESUPUESTO Y HACIENDA		
S	483	2026	PL	AVILA: PROYECTO DE LEY QUE MODIFICA SUS SIMILARES 19.945 -CÓDIGO ELECTORAL NACIONAL- Y 24.007 -DERECHOS ELECTORALES DE LOS CIUDADANOS ARGENTINOS RESIDENTES EN EL EXTERIOR-, RESPECTO AL VOTO POR CORREO POSTAL, PARA LOS CIUDADANOS ARGENTINOS CON DOMICILIO EN EL EXTERIOR.	23/2026	10/04/2026 -	AVILA, BEATRIZ LUISA -	DE ASUNTOS CONSTITUCIONALES	DE RELACIONES EXTERIORES Y CULTO			
S	482	2026	PL	AVILA: PROYECTO DE LEY QUE MODIFICA EL ART. 114 DE SU SIMILAR 17.418 -SEGUROS-, RESPECTO DE QUE LA ASEGURADORA DEBA RESPONDER ANTE EL TERCERO DAMNIFICADO.	23/2026	10/04/2026 -	AVILA, BEATRIZ LUISA -	DE LEGISLACIÓN GENERAL				
S	481	2026	PL	AVILA: PROYECTO DE LEY QUE REGULA LA SUCESION NOTARIAL CON ASISTENCIA LETRADA OBLIGATORIA.	23/2026	10/04/2026 -	AVILA, BEATRIZ LUISA -	DE LEGISLACIÓN GENERAL				
S	480	2026	PL	AVILA: PROYECTO DE LEY QUE INCLUYE LA EDUCACION FINANCIERA EN LAS INSTITUCIONES EDUCATIVAS DE NIVEL SECUNDARIO.	23/2026	10/04/2026 -	AVILA, BEATRIZ LUISA -	DE EDUCACIÓN Y CULTURA	DE PRESUPUESTO Y HACIENDA			
S	479	2026	PL	AVILA: PROYECTO DE LEY QUE REGULA LA UTILIZACION DEL USO DE CELULAR A ESTUDIANTES Y DOCENTES EN ESTABLECIMIENTOS EDUCATIVOS PUBLICOS Y PRIVADOS DE TODOS LOS NIVELES EDUCATIVOS DURANTE EL HORARIO ESCOLAR.	23/2026	10/04/2026 -	AVILA, BEATRIZ LUISA -	DE LEGISLACIÓN GENERAL	DE EDUCACIÓN Y CULTURA			
S	478	2026	PL	AVILA: PROYECTO DE LEY QUE DECLARA OBLIGATORIA LA EDUCACIÓN INICIAL, PARA NIÑOS/AS DE TRES (3) AÑOS, EN EL SISTEMA EDUCATIVO NACIONAL.	23/2026	10/04/2026 -	AVILA, BEATRIZ LUISA -	DE EDUCACIÓN Y CULTURA				
S	477	2026	PD	CORROZA: PROYECTO DE DECLARACIÓN QUE ADHIERE AL 38° ANIVERSARIO DE LA FUNDACION DE LA LOCALIDAD NEUQUINA DE MANZANO AMARGO, EL 21 DE ABRIL DE 2026.	23/2026	10/04/2026 -	CORROZA, JULIETA -	DE ASUNTOS ADMINISTRATIVOS Y MUNICIPALES				
S	476	2026	PD	CORROZA: PROYECTO DE DECLARACIÓN QUE ADHIERE AL 60° ANIVERSARIO DE LA LOCALIDAD DE PLAZA HUINCUL, DEPARTAMENTO CONFLUENCIA, PROV. DEL NEUQUEN, EL 24 DE ABRIL DE 2026.	23/2026	10/04/2026 -	CORROZA, JULIETA -	DE ASUNTOS ADMINISTRATIVOS Y MUNICIPALES				
S	475	2026	PD	CORROZA: PROYECTO DE DECLARACIÓN QUE ADHIERE AL 62° ANIVERSARIO DE LA LOCALIDAD DE HUINGANCO, DEPARTAMENTO MINAS, PROV. DEL NEUQUEN, EL 16 DE ABRIL DE 2026.	23/2026	10/04/2026 -	CORROZA, JULIETA -	DE ASUNTOS ADMINISTRATIVOS Y MUNICIPALES				
S	474	2026	PD	CORROZA: PROYECTO DE DECLARACIÓN QUE ADHIERE AL 37° ANIVERSARIO DE LA LOCALIDAD DE VILLA NAHUEVE, DEPARTAMENTO MINAS, PROV. DEL NEUQUEN, EL 17 DE ABRIL DE 2026.	23/2026	10/04/2026 -	CORROZA, JULIETA -	DE ASUNTOS ADMINISTRATIVOS Y MUNICIPALES				
S	473	2026	PD	CORROZA: PROYECTO DE DECLARACIÓN QUE ADHIERE AL 38° ANIVERSARIO DE LA LOCALIDAD DE LOS GUAÑACOS, DEPARTAMENTO MINAS, PROV. DEL NEUQUEN, EL 21 DE ABRIL DE 2026.	23/2026	10/04/2026 -	CORROZA, JULIETA -	DE ASUNTOS ADMINISTRATIVOS Y MUNICIPALES				
S	472	2026	PL	UÑAC: REPRODUCE PROYECTO DE LEY QUE TRANSFIERE A TÍTULO GRATUITO A LA MUNICIPALIDAD DE RAWSON, PROV. DE SAN JUAN, LA PARCELA DE TERRENO PROPIEDAD DEL ESTADO NACIONAL, UBICADA EN CALLE TASCHERET Y PIO XII, COLONIA RODAS, PROV. DE SAN JUAN. (REF. S. 383/24).	23/2026	10/04/2026 -	UÑAC, SERGIO MAURICIO -	DE ASUNTOS ADMINISTRATIVOS Y MUNICIPALES				
S	471	2026	PL	UÑAC: REPRODUCE PROYECTO DE LEY QUE CREA EL PROGRAMA NACIONAL DE EDUCACIÓN PARA LA PREVENCIÓN Y CONCIENTIZACIÓN DE LA CIBERLUDOPATÍA EN LAS NIÑAS, NIÑOS Y ADOLESCENTES. (REF. S. 1860/24).	23/2026	10/04/2026 -	UÑAC, SERGIO MAURICIO -	DE SALUD	DE LEGISLACIÓN GENERAL	DE JUSTICIA Y ASUNTOS PENALES		
S	470	2026	PL	UÑAC: REPRODUCE PROYECTO DE LEY QUE PRORROGA EL PLAZO DEL ART. 33 DE LA LEY 21.499 (EXPROPIACIONES) PARA PROMOVER EL JUICIO DE EXPROPIACION EN RELACION, UNICA Y EXCLUSIVAMENTE, A LA DECLARACION DE UTILIDAD PUBLICA Y SUJECION A EXPROPIACION DISPUESTA POR LA LEY 27.695. (REF. S. 1879/24)	23/2026	10/04/2026 -	UÑAC, SERGIO MAURICIO -	DE ASUNTOS CONSTITUCIONALES				
S	469	2026	PC	UÑAC: REPRODUCE PROYECTO DE COMUNICACIÓN QUE SOLICITA LA REGLAMENTACION DE LOS ARTICULOS 41° Y 42° DE LA LEY 20.665- DEPORTE. (REF. S. 776/24).	22/2026	10/04/2026 -	UÑAC, SERGIO MAURICIO -	DE ASUNTOS CONSTITUCIONALES				
S	468	2026	PD	MORENO: PROYECTO DE DECLARACIÓN QUE DECLARA DE INTERES CULTURAL, SOCIAL Y TURISTICO, LA XI EDICION DEL CONCURSO NACIONAL DEL ASADO CON CUERO Y LOCRO CRIOLLO, EN EL PREDIO MUNICIPAL DE LA CIUDAD DE SUMAMPA, PROV. DE SANTIAGO DEL ESTERO, EL 25 DE MAYO DE 2026.	22/2026	10/04/2026 -	MORENO, ELIA ESTHER DEL CARMEN -	DE EDUCACIÓN Y CULTURA				
S	467	2026	PR	CAPITANICH: PROYECTO DE RESOLUCION QUE INSTA A SOSTENER Y RATIFICAR LA POSICION DE LA REP. ARGENTINA A FAVOR DEL ALTO EL FUEGO Y LA CONSOLIDACION DE UN PLAN DE PAZ EN EL CONFLICTO DE MEDIO ORIENTE EN LAS NEGOCIACIONES QUE SE DESARROLLAN EN ISLAMABAD, PAKISTAN.	22/2026	10/04/2026 -	CAPITANICH, JORGE MILTON -	DE RELACIONES EXTERIORES Y CULTO				
S	466	2026	PD	SCHNEIDER: PROYECTO DE DECLARACIÓN QUE EXPRESA BENEPLACITO POR LA REALIZACIÓN DE LA 23º EDICION DE EXPO AGRONEA, EN CHARATA, PROV. DEL CHACO, DEL 3 AL 5 DE JULIO DE 2026.	22/2026	10/04/2026 -	SCHNEIDER, SILVANA LORENA -	DE AGRICULTURA, GANADERÍA Y PESCA				
S	465	2026	PL	"HUALA Y KRONEBERGER: REPRODUCE PROYECTO DE LEY QUE DECLARA FIESTA NACIONAL A LA ""FIESTA DEL TERNERO, LA YERRA Y EL PIAL"", QUE SE REALIZARA ANUALMENTE EN LA LOC. DE GRAL. ACHA, PROV. DE LA PAMPA. (REF. S. 489/24)"	22/2026	10/04/2026 -	HUALA, MARÍA VICTORIA - KRONEBERGER, DANIEL RICARDO -	DE EDUCACIÓN Y CULTURA				
S	464	2026	PD	MOISES Y OTROS: PROYECTO DE DECLARACIÓN QUE REPUDIA LA DECISIÓN DEL PODER EJECUTIVO DE PROHIBIR EL INGRESO DE PERIODISTAS ACREDITADOS DE MEDIOS A LA CASA ROSADA.	22/2026	10/04/2026 -	MOISES, MARÍA CAROLINA - SALINO, FERNANDO ALDO - ANDRADA, GUILLERMO EDUARDO - MENDOZA, SANDRA MARIELA -	DE SISTEMAS, MEDIOS DE COMUNICACIÓN Y LIBERTAD DE EXPRESIÓN				
S	463	2026	PD	OROZCO: PROYECTO DE DECLARACIÓN QUE RECHAZA Y REPUDIA LAS MANIOBRAS DE DESESTABILIZACION A LA ADMINISTRACION DEL PDTE. MILEI DENUNCIADO POR EL MEDIO THE CONTINENT Y UN CONSORCIO DE PERIODISTAS INTERNACIONALES.	22/2026	10/04/2026 -	OROZCO, MARÍA EMILIA -	DE ASUNTOS CONSTITUCIONALES				
S	462	2026	PC	BENSUSAN: PROYECTO DE COMUNICACIÓN QUE SOLICITA INFORME SOBRE DIVERSOS PUNTOS RELACIONADOS A LA PARALIZACION DE LAS OBRAS EN EL TRAMO DE LA R.N. N°5 QUE CONECTA LAS CIUDADES DE MERCEDES Y SUIPACHA, EN LA PROV. DE BUENOS AIRES.	22/2026	10/04/2026 -	BENSUSÁN, DANIEL PABLO -	DE INFRAESTRUCTURA, VIVIENDA Y TRANSPORTE				
S	461	2026	PD	"SCHNEIDER: PROYECTO DE DECLARACIÓN QUE ADHIERE A LA CELEBRACIÓN DEL ""DIA MUNDIAL DE LA CIENCIA Y LA TECNOLOGÍA Y DEL INVESTIGADOR CIENTÍFICO"", EL 10 DE ABRIL DE CADA AÑO."	22/2026	10/04/2026 -	SCHNEIDER, SILVANA LORENA -	DE CIENCIA Y TECNOLOGÍA				
S	460	2026	PD	"SCHNEIDER: PROYECTO DE DECLARACIÓN QUE EXPRESA BENEPLACITO POR LA JORNADA ""ROMPIENDO LA MIRADA UNICA: HABLEMOS DE PARKINSON DESDE LO INTERDISCIPLINARIO"", A REALIZARSE EN LA CDAD. DE PRES. ROQUE SAENZ PEÑA, PROV. DEL CHACO, EL 11 Y 12 DE ABRIL DE 2026."	22/2026	10/04/2026 -	SCHNEIDER, SILVANA LORENA -	DE SALUD				
S	459	2026	PL	LEWANDOWSKI: PROYECTO DE LEY QUE ESTABLECE UN REGIMEN ESPECIAL DE REGULARIZACIÓN Y ASISTENCIA PARA PERSONAS FISICAS QUE SE ENCUENTREN EN SITUACIÓN DE MORA CON DEUDAS POR TARJETAS DE CRÉDITO.	22/2026	10/04/2026 -	LEWANDOWSKI, MARCELO NÉSTOR -	DE LEGISLACIÓN GENERAL	DE ECONOMÍA NACIONAL E INVERSIÓN	DE PRESUPUESTO Y HACIENDA		
S	458	2026	PL	ZAMORA: PROYECTO DE LEY QUE MODIFICA EL ART. 155 Y 169 DEL CÓDIGO PENAL ARGENTINO, PENANDO LA DIFUSIÓN Y/O PUBLICACIÓN DE IMÁGENES NO CONSENTIDAS DE CONTENIDOS DE DESNUDEZ, SEXUAL O ERÓTICO DE PERSONAS.	22/2026	09/04/2026 -	ZAMORA, GERARDO -	DE JUSTICIA Y ASUNTOS PENALES				
S	457	2026	PD	VALENZUELA: PROYECTO DE DECLARACIÓN QUE DECLARA DE INTERÉS LA 50º FERIA INTERNACIONAL DEL LIBRO DE BUENOS AIRES, A REALIZARSE DEL 23 DE ABRIL AL 11 DE MAYO DE 2026.	22/2026	09/04/2026 -	VALENZUELA, MERCEDES GABRIELA -	DE EDUCACIÓN Y CULTURA				
S	456	2026	PC	CARAMBIA Y VALENZUELA: PROYECTO DE COMUNICACIÓN QUE SOLICITA SE DECLARE LA EMERGENCIA COMERCIAL, INDUSTRIAL Y PYME, EN LA PROV. DE SANTA CRUZ, HASTA EL 31 DE DICIEMBRE DE 2026	22/2026	09/04/2026 -	CARAMBIA, JOSÉ MARÍA - VALENZUELA, MERCEDES GABRIELA -	DE ECONOMÍAS REGIONALES, ECONOMÍA SOCIAL, MICRO, PEQUEÑA Y MEDIANA EMPRESA	DE PRESUPUESTO Y HACIENDA			
S	454	2026	PL	BAHL Y SORIA: PROYECTO DE LEY QUE SUSTITUYE EL ARTÍCULO 72 DE SU SIMILAR 27.802 -MODERNIZACIÓN LABORAL-, RESPECTO DEL REMANENTE Y DESTINO DE LOS FONDOS.	22/2026	09/04/2026 -	BAHL, ADÁN HUMBERTO - SORIA, MARTIN IGNACIO - KIRCHNER, ALICIA MARGARITA ANTONIA -	DE TRABAJO Y PREVISIÓN SOCIAL	DE PRESUPUESTO Y HACIENDA			
S	451	2026	PD	MARKS Y OTROS: PROYECTO DE DECLARACION QUE EXPRESA PREOCUPACION Y RECHAZO POR EL INMINENTE CIERRE, EN DIVERSAS PROVINCIAS, DE AGENCIAS DE LA SECRETARIA DE TRABAJO DE LA NACION, DEPENDIENTE DEL MINISTERIO DE CAPITAL HUMANO.	22/2026	09/04/2026 -	MARKS, ANA INÉS - KIRCHNER, ALICIA MARGARITA ANTONIA - SORIA, MARTIN IGNACIO - GIMÉNEZ NAVARRO, MARÍA CELESTE - RECALDE, MARIANO -	DE TRABAJO Y PREVISIÓN SOCIAL				
S	450	2026	PL	MARKS: PROYECTO DE LEY QUE INCORPORA EL ART. 5 BIS Y EL ART. 10 BIS, A SU SIMILAR 17.622 - CREACION DEL INSTITUTO NACIONAL DE ESTADISTICAS Y CENSOS-, RESPECTO A LA ACTUALIZACION DE LA ENCUESTA DE INGRESOS Y GASTOS DE LOS HOGARES.	22/2026	09/04/2026 -	MARKS, ANA INÉS -	DE POBLACIÓN Y DESARROLLO  HUMANO	DE PRESUPUESTO Y HACIENDA			
S	449	2026	PL	MARKS Y OTRAS: PROYECTO DE LEY QUE INCORPORA EL ART. 5 BIS A SU SIMILAR 17.622 -ESTADISTICAS Y CENSOS- SOBRE LA MEDICION MENSUAL DE LA CANASTA DE CRIANZA.	22/2026	09/04/2026 -	MARKS, ANA INÉS - KIRCHNER, ALICIA MARGARITA ANTONIA - GIMÉNEZ NAVARRO, MARÍA CELESTE -	DE POBLACIÓN Y DESARROLLO  HUMANO	DE PRESUPUESTO Y HACIENDA			
S	448	2026	PL	UÑAC: PROYECTO DE LEY QUE DECLARA LA EMERGENCIA ECONOMICA, PRODUCTIVA, FINANCIERA Y FISCAL DE LAS MICRO, PEQUEÑAS Y MEDIANAS EMPRESAS, HASTA EL 1 DE MARZO DE 2027.	22/2026	09/04/2026 -	UÑAC, SERGIO MAURICIO -	DE PRESUPUESTO Y HACIENDA	DE ECONOMÍAS REGIONALES, ECONOMÍA SOCIAL, MICRO, PEQUEÑA Y MEDIANA EMPRESA			
S	447	2026	PL	"CORPACCI: REPRODUCE PROYECTO DE LEY QUE DECLARA PATRIMONIO INMATERIAL CULTURAL Y NATURAL DE LA NACION, EN LOS TERMINOS DE LA LEY 26.118, AL ""CHAKU"", PRACTICA ANCESTRAL INCAICA DE CAPTURA, ESQUILA Y LIBERACIÓN DE VICUÑAS. (REF. S. 830/24)."	22/2026	09/04/2026 -	CORPACCI, LUCÍA BENIGNA - MENDOZA, SANDRA MARIELA -	DE EDUCACIÓN Y CULTURA				
S	446	2026	PL	CORPACCI: REPRODUCE PROYECTO DE LEY SOBRE REGIMEN DE PREVENCIÓN, ASISTENCIA, PROTECCIÓN Y CONTROL DE LA CIBERLUDOPATIA. (REF. S. 1886/24).	21/2026	09/04/2026 -	CORPACCI, LUCÍA BENIGNA -	DE SALUD	DE LEGISLACIÓN GENERAL	DE JUSTICIA Y ASUNTOS PENALES		
S	445	2026	PD	"NEDER: PROYECTO DE DECLARACIÓN QUE DECLARA A SANTIAGO DEL ESTERO COMO ""MADRE DE UNIVERSIDADES ARGENTINAS""."	21/2026	09/04/2026 -	NEDER, JOSÉ EMILIO -	DE EDUCACIÓN Y CULTURA				
S	444	2026	PL	HUALA: REPRODUCE PROYECTO DE LEY DE CAPACITACIÓN OBLIGATORIA EN TRASTORNO DEL ESPECTRO AUTISTA PARA TODAS LAS PERSONAS QUE INTEGRAN LOS TRES PODERES DEL ESTADO. (REF.  S-839/24)	21/2026	09/04/2026 -	HUALA, MARÍA VICTORIA -	DE SALUD	DE POBLACIÓN Y DESARROLLO  HUMANO	DE PRESUPUESTO Y HACIENDA		
S	443	2026	PL	HUALA: REPRODUCE PROYECTO DE LEY SOBRE IMPLEMENTACION OBLIGATORIA DE ACTIVIDADES DE APROXIMACIÓN AL MUNDO DEL TRABAJO EN TODOS LOS ESTABLECIMIENTOS EDUCATIVOS DE NIVEL SECUNDARIO DE GESTIÓN ESTATAL Y PRIVADA DEL PAÍS. (REF. S. 886/24)	21/2026	09/04/2026 -	HUALA, MARÍA VICTORIA -	DE EDUCACIÓN Y CULTURA	DE TRABAJO Y PREVISIÓN SOCIAL			
S	442	2026	PL	HUALA: REPRODUCE PROYECTO DE LEY QUE MODIFICA EL CODIGO PENAL SOBRE DELITOS CON INTERVENCIÓN DE INTELIGENCIA ARTIFICIAL Y OTRAS TECNOLOGÍAS. (REF. S. 992/24)	21/2026	09/04/2026 -	HUALA, MARÍA VICTORIA -	DE JUSTICIA Y ASUNTOS PENALES				
S	441	2026	PL	HUALA: REPRODUCE PROYECTO DE LEY QUE MODIFICA SU SIMILAR 24.018 - REGIMEN DE JUBILACIONES Y PENSIONES DE PRIVILEGIO - RESPECTO DE ESTABLECER LA PERDIDA DE LOS BENEFICIOS PREVISIONALES. (REF.  S-1544/24)	21/2026	09/04/2026 -	HUALA, MARÍA VICTORIA -	DE TRABAJO Y PREVISIÓN SOCIAL				
S	440	2026	PL	HUALA: REPRODUCE PROYECTO DE LEY SOBRE SELLO DE AGUA EN CONTENIDO AUDIOVISUAL ELABORADO CON INTELIGENCIA ARTIFICIAL EN EL QUE SE REPRESENTAN PERSONAS. (REF. S. 959/24)	21/2026	09/04/2026 -	HUALA, MARÍA VICTORIA -	DE LEGISLACIÓN GENERAL	DE SISTEMAS, MEDIOS DE COMUNICACIÓN Y LIBERTAD DE EXPRESIÓN			
S	439	2026	PL	HUALA: REPRODUCE PROYECTO DE LEY QUE TRANSFIERE A TITULO GRATUITO A FAVOR DE LA MUNICIPALIDAD DE GENERAL SAN MARTIN, PROV. DE LA PAMPA, EL DOMINIO DE UN INMUEBLE PROPIEDAD DEL ESTADO NACIONAL UBICADO EN LA MENCIONADA LOCALIDAD. (REF. S. 1980/24)	21/2026	09/04/2026 -	HUALA, MARÍA VICTORIA -	DE ASUNTOS ADMINISTRATIVOS Y MUNICIPALES				
S	438	2026	PC	HUALA: PROYECTO DE COMUNICACIÓN QUE SOLICITA INFORME SOBRE LA SITUACION SALARIAL Y OBRA SOCIAL DE RETIRADOS Y PENSIONADOS DEL SERVICIO PENITENCIARIO FEDERAL EN LA PROV. DE LA PAMPA.	21/2026	09/04/2026 -	HUALA, MARÍA VICTORIA -	DE JUSTICIA Y ASUNTOS PENALES				
S	431	2026	PD	GOERLING LARA Y OTROS: PROYECTO DE DECLARACIÓN QUE RECHAZA Y REPUDIA LA DECISION DE LA ASOCIACION DEL FUTBOL ARGENTINO (AFA), DE SUSCRIBIR UN ACUERDO DE PATROCINIO CON UNA MARCA DE YERBA MATE DE ORIGEN BRASILEÑO, PARA ACTUAR COMO SPONSOR OFICIAL DE LA SELECCIÓN NACIONAL DE FUTBOL.	21/2026	09/04/2026 -	GOERLING LARA, ENRIQUE MARTÍN - JUEZ, LUIS ALFREDO - VALENZUELA, MERCEDES GABRIELA -	DE DEPORTE				
S	429	2026	PD	GUZMAN CORAITA Y OTROS: PROYECTO DE DECLARACIÓN QUE EXPRESA PESAR POR EL FALLECIMIENTO DEL HISTORIADOR ROSARINO MIGUEL ANGEL DE MARCO.	21/2026	08/04/2026 -	GUZMÁN CORAITA, GONZALO - OROZCO, MARÍA EMILIA - ABDALA, BARTOLOMÉ ESTEBAN - BULLRICH, PATRICIA - OLIVERA LUCERO, BRUNO ANTONIO - BEDIA, VILMA FACUNDA - CERVI, MARIO PABLO - ARRASCAETA, IVANNA MARCELA -	DE EDUCACIÓN Y CULTURA				
S	428	2026	PL	CORROZA: PROYECTO DE LEY QUE MODIFICA SU SIMILAR 27.447 - DE TRASPLANTE DE ORGANOS-, RESPECTO DE LOS REQUISITOS PARA LA DONACION Y OBTENCION DE ORGANOS.	21/2026	08/04/2026 -	CORROZA, JULIETA -	DE SALUD	DE SISTEMAS, MEDIOS DE COMUNICACIÓN Y LIBERTAD DE EXPRESIÓN			
S	427	2026	PD	BEDIA: PROYECTO DE DECLARACIÓN QUE DECLARA DE INTERÉS EL ANIVERSARIO DE LA TERCERA Y DEFINITIVA FUNDACIÓN DE LA CIUDAD DE SAN SALVADOR DE JUJUY, EL 19 DE ABRIL DE 2026.	21/2026	08/04/2026 -	BEDIA, VILMA FACUNDA -	DE ASUNTOS ADMINISTRATIVOS Y MUNICIPALES				
S	426	2026	PD	"BEDIA: PROYECTO DE DECLARACIÓN QUE DECLARA DE INTERÉS LOS ACTOS CONMEMORATIVOS Y ACTIVIDADES ACADÉMICAS POR EL ""DÍA DEL VETERANO Y DE LOS CAÍDOS EN LA GUERRA DE MALVINAS"", EL 2 DE ABRIL DE 2026."	21/2026	08/04/2026 -	BEDIA, VILMA FACUNDA -	DE RELACIONES EXTERIORES Y CULTO				
S	425	2026	PL	BAHL: PROYECTO DE LEY QUE MODIFICA EL ART. 208 DE SU SIMILAR 20.744 -CONTRATO DE TRABAJO- RESPECTO AL PAGO DE REMUNERACION EN CASO DE ACCIDENTE O ENFERMEDAD INCULPABLE.	21/2026	08/04/2026 -	BAHL, ADÁN HUMBERTO - SORIA, MARTIN IGNACIO - KIRCHNER, ALICIA MARGARITA ANTONIA -	DE TRABAJO Y PREVISIÓN SOCIAL				
S	424	2026	PL	BAHL: PROYECTO DE LEY QUE TRANSFIERE A TITULO GRATUITO A FAVOR DE LA PROV. DE ENTRE RIOS, EL INMUEBLE PROPIEDAD DEL ESTADO NACIONAL, UBICADO EN EL EJIDO DE LA CDAD. DE FEDERACION, PROV. DE ENTRE RIOS, ENTRE EL LAGO DE SALTO GRANDE, LA EX RN N° 14 Y LA CALLE PUBLICA CUYA TRAZA VA DESDE LOS 89° 23´	21/2026	08/04/2026 -	BAHL, ADÁN HUMBERTO -	DE ASUNTOS ADMINISTRATIVOS Y MUNICIPALES				
S	423	2026	PD	ARCE Y ROJAS DECUT: PROYECTO DE DECLARACION QUE MANIFIESTA QUE LA ASOCIACION DE FUTBOL ARGENTINO RECONSIDERE EL AUSPICIO DE UNA MARCA BRASILEÑA DE YERBA MATE EN LA CAMISETA DE LA SELECCIÓN ARGENTINA	21/2026	08/04/2026 -	ARCE, CARLOS OMAR - ROJAS DECUT, SONIA ELIZABETH -	DE DEPORTE				
S	422	2026	PC	ROYON: PROYECTO DE COMUNICACIÓN QUE SOLICITA INFORME SOBRE DIVERSOS PUNTOS RELACIONADOS CON LA SITUACIÓN DE LA OBRA SOCIAL DE LAS FUERZAS ARMADAS (IOSFA).	21/2026	08/04/2026 -	ROYON, FLAVIA GABRIELA -	DE DEFENSA NACIONAL				
S	421	2026	PC	ROYON: PROYECTO DE COMUNICACIÓN QUE SOLICITA INFORME SOBRE EL ESTADO DE EJECUCION Y SITUACION PRESUPUESTARIA DE LAS OBRAS DEL SISTEMA MODULAR DE MANTENIMIENTO DE LAS RUTAS NACIONALES N° 40 Y N° 51 DE LA PROV. DE SALTA Y OTRAS CUESTIONES CONEXAS.	21/2026	08/04/2026 -	ROYON, FLAVIA GABRIELA -	DE INFRAESTRUCTURA, VIVIENDA Y TRANSPORTE				
S	420	2026	PD	CRISTINA: PROYECTO DE DECLARACIÓN QUE DECLARA DE INTERÉS LA TAREA REALIZADA POR LA PLATAFORMA DIGITAL RECONECTATE, A CARGO DE LA ORGANIZACIÓN RED POR LA INFANCIA.	21/2026	08/04/2026 -	CRISTINA, ANDREA MARCELA -	DE SISTEMAS, MEDIOS DE COMUNICACIÓN Y LIBERTAD DE EXPRESIÓN				
S	419	2026	PD	CRISTINA: PROYECTO DE DECLARACIÓN QUE DECLARA DE INTERÉS LA LABOR REALIZADA POR LA RED NACIONAL DE ACOMPAÑAMIENTO A LA MUJER CON EMBARAZO VULNERABLE.	20/2026	08/04/2026 -	CRISTINA, ANDREA MARCELA - SCHNEIDER, SILVANA LORENA - JUEZ, LUIS ALFREDO - ABDALA, BARTOLOMÉ ESTEBAN -	BANCA DE LA MUJER				
S	417	2026	PD	MOISES: PROYECTO DE DECLARACIÓN QUE EXPRESA BENEPLACITO POR LA CREACION DEL COMPLEJO CULTURAL DE LA QUIACA, EN LA CDAD. HOMONIMA DEL DPTO. DE YAVI, PROV. DE JUJUY, A INAUGURARSE EL 24 DE ABRIL DE 2026.	20/2026	08/04/2026 -	MOISES, MARÍA CAROLINA -	DE EDUCACIÓN Y CULTURA				
S	416	2026	PD	SALINO: PROYECTO DE DECLARACIÓN QUE REPUDIA LAS DECLARACIONES REALIZADAS POR MIEMBROS DEL PODER EJECUTIVO NACIONAL, SOBRE EL POSIBLE APOYO DE LAS FUERZAS ARMADAS A TERCEROS ESTADOS EN LA GUERRA DE MEDIO ORIENTE.	20/2026	08/04/2026 -	SALINO, FERNANDO ALDO -	DE RELACIONES EXTERIORES Y CULTO				
S	415	2026	PC	BENSUSAN: PROYECTO DE COMUNICACIÓN QUE SOLICITA INFORME SOBRE UNA POSIBLE REDUCCION DE PERSONAL EN EL SERVICIO METEREOLOGICO NACIONAL (SMN).	20/2026	08/04/2026 -	BENSUSÁN, DANIEL PABLO -	DE DEFENSA NACIONAL				
S	414	2026	PD	FERNANDEZ SAGASTI: PROYECTO DE DECLARACIÓN QUE REPUDIA Y EXPRESA PREOCUPACION POR LAS DECLARACIONES EN LA RED SOCIAL X DEL MINISTRO DE RELACIONES EXTERIORES, COMERCIO INTERNACIONAL Y CULTO, PABLO QUIRNO MAGRANE, RESPECTO DE LAS ISLAS MALVINAS.	20/2026	08/04/2026 -	FERNÁNDEZ SAGASTI, ANABEL -	DE ASUNTOS CONSTITUCIONALES				
S	413	2026	PD	"FERNANDEZ SAGASTI: PROYECTO DE DECLARACIÓN QUE DECLARA DE INTERÉS LA PUBLICACIÓN Y PRESENTACIÓN DEL LIBRO DE INVESTIGACIÓN ""ZAMBA DE MI ESPERANZA. LA QUE SABEMOS TODOS"", DE ROBERTO MERCADO."	20/2026	08/04/2026 -	FERNÁNDEZ SAGASTI, ANABEL -	DE EDUCACIÓN Y CULTURA				
S	412	2026	PL	PAGOTTO: REPRODUCE PROYECTO DE LEY DE AUTOPROTECCION Y PODERES PREVENTIVOS (REF. S. 1979/24)	20/2026	07/04/2026 -	PAGOTTO, JUAN CARLOS -	DE LEGISLACIÓN GENERAL				
S	411	2026	PL	SUAREZ Y JURI: PROYECTO DE LEY QUE MODIFICA EL PRIMER PÁRRAFO DEL ART. 2561 DEL CÓDIGO CIVIL Y COMERCIAL DE LA NACIÓN, RESPECTO A LOS PLAZOS ESPECIALES SOBRE RESARCIMIENTO DE DAÑOS POR VIOLENCIA SEXUAL.	20/2026	07/04/2026 -	SUÁREZ, RODOLFO ALEJANDRO - JURI, MARIANA -	DE LEGISLACIÓN GENERAL				
S	410	2026	PD	CORROZA: PROYECTO DE DECLARACIÓN QUE ADHIERE AL 28° ANIVERSARIO DE LA LOCALIDAD DE PILO LIL, DPTO. CATÁN LIL, PROV. DEL NEUQUÉN, EL 7 DE ABRIL DE 2026.	20/2026	07/04/2026 -	CORROZA, JULIETA -	DE ASUNTOS ADMINISTRATIVOS Y MUNICIPALES				
S	409	2026	PD	CORROZA: PROYECTO DE DECLARACIÓN QUE ADHIERE AL 37° ANIVERSARIO DE LA LOCALIDAD DE SAUZAL BONITO, DPTO. CONFLUENCIA, PROV. DEL NEUQUÉN, EL 7 DE ABRIL DE 2026.	20/2026	07/04/2026 -	CORROZA, JULIETA -	DE ASUNTOS ADMINISTRATIVOS Y MUNICIPALES				
S	408	2026	PD	CORROZA: PROYECTO DE DECLARACIÓN QUE ADHIERE AL 40° ANIVERSARIO DE LA LOCALIDAD DE CAVIAHUE-COPAHUE, DPTO. ÑORQUÍN, PROV. DEL NEUQUÉN, EL 8 DE ABRIL DE 2026.	20/2026	07/04/2026 -	CORROZA, JULIETA -	DE ASUNTOS ADMINISTRATIVOS Y MUNICIPALES				
S	407	2026	PD	CORROZA: PROYECTO DE DECLARACIÓN QUE ADHIERE AL 129° ANIVERSARIO DE LA LOCALIDAD DE PIEDRA DEL ÁGUILA, DPTO. COLLÓN CURÁ, PROV. DEL NEUQUÉN, EL 8 DE ABRIL DE 2026.	20/2026	07/04/2026 -	CORROZA, JULIETA -	DE ASUNTOS ADMINISTRATIVOS Y MUNICIPALES				
S	406	2026	PL	GADANO: PROYECTO DE LEY QUE CREA EL OBSERVATORIO JURIDICO NACIONAL.	20/2026	07/04/2026 -	GADANO, NATALIA ELENA -	DE LEGISLACIÓN GENERAL	DE PRESUPUESTO Y HACIENDA			
S	405	2026	PL	GADANO: PROYECTO DE LEY QUE DISPONE LA IMPLEMENTACIÓN EN TODAS LAS DEPENDENCIAS DEL ESTADO NACIONAL, LOS TRES PODERES, MINISTERIOS PÚBLICOS, ORGANISMOS DESCENTRALIZADOS, ENTES PÚBLICOS NO ESTATALES Y LAS EMPRESAS Y SOCIEDADES DEL ESTADO, CARTELERIA EN SISTEMA BRAILLE EN ZONAS DE ACCESO Y OTRAS.	20/2026	07/04/2026 -	GADANO, NATALIA ELENA -	DE POBLACIÓN Y DESARROLLO  HUMANO				
S	404	2026	PL	"GADANO: PROYECTO DE LEY QUE INSTITUYE EL DIA 27 DE NOVIEMBRE DE CADA AÑO COMO ""DIA DEL BASTON VERDE""."	20/2026	07/04/2026 -	GADANO, NATALIA ELENA -	DE POBLACIÓN Y DESARROLLO  HUMANO	DE EDUCACIÓN Y CULTURA			
S	403	2026	PL	"GADANO: PROYECTO DE LEY QUE DESIGNA CON EL NOMBRE DE ""LIVIO DANTE PORTA"", AL TRAMO DE LA RUTA NACIONAL N° 40 DEL KILÓMETRO 394 Y 374 EN LA LOC. DE VEINTIOCHO DE NOVIEMBRE, DE LA PROV. DE SANTA CRUZ."	20/2026	07/04/2026 -	GADANO, NATALIA ELENA -	DE INFRAESTRUCTURA, VIVIENDA Y TRANSPORTE	DE PRESUPUESTO Y HACIENDA			
S	402	2026	PL	"GADANO: PROYECTO DE LEY QUE INSTITUYE EL 16 DE OCTUBRE DE CADA AÑO, COMO EL ""DÍA DE LA PROTECCIÓN INFANTO JUVENIL""."	20/2026	07/04/2026 -	GADANO, NATALIA ELENA -	DE POBLACIÓN Y DESARROLLO  HUMANO	DE EDUCACIÓN Y CULTURA	DE PRESUPUESTO Y HACIENDA		
S	401	2026	PL	"GADANO: PROYECTO DE LEY QUE DESIGNA CON EL NOMBRE DE ""FACON GRANDE"" AL TRAMO DE LA R.N. N° 3 COMPRENDIDO ENTRE EL KM. 1887 EN LA LOC. DE FITZ ROY Y EL KM. 2161 EN LA LOC. DE SAN JULIAN, PROV. DE SANTA CRUZ."	20/2026	07/04/2026 -	GADANO, NATALIA ELENA -	DE INFRAESTRUCTURA, VIVIENDA Y TRANSPORTE	DE PRESUPUESTO Y HACIENDA			
S	400	2026	PL	GADANO: PROYECTO DE LEY QUE ESTABLECE COMO SIMBOLO INTERNACIONAL DE ACCESIBILIDAD, EL LOGO CREADO BAJO SUPERVISION DE LA UNIDAD DE DISEÑO GRAFICO DEL DEPTO. DE INFORMACION PUBLICA DE LA ONU.	20/2026	07/04/2026 -	GADANO, NATALIA ELENA -	DE LEGISLACIÓN GENERAL	DE POBLACIÓN Y DESARROLLO  HUMANO	DE SISTEMAS, MEDIOS DE COMUNICACIÓN Y LIBERTAD DE EXPRESIÓN		
S	399	2026	PL	OLIVERA LUCERO: PROYECTO DE LEY QUE DECLARA A LA PROVINCIA DE SAN JUAN COMO CAPITAL NACIONAL DE LA ENERGIA SOLAR.	20/2026	07/04/2026 -	OLIVERA LUCERO, BRUNO ANTONIO -	DE MINERÍA, ENERGÍA Y COMBUSTIBLES				
S	398	2026	PD	OLIVERA LUCERO: PROYECTO DE DECLARACION QUE EXPRESA BENEPLACITO POR LA REALIZACION DE LA CARRERA IRONMAN 70.3, EN LA PROV. DE SAN JUAN, EL 29 DE MARZO DE 2026.	19/2026	07/04/2026 -	OLIVERA LUCERO, BRUNO ANTONIO -	DE DEPORTE				
S	397	2026	PL	"KRONEBERGER Y HUALA: REPRODUCE PROYECTO DE LEY QUE CREA UNA LINEA TELEFONICA NACIONAL DE ASISTENCIA Y PREVENCION DEL SUICIDIO.  
(REF. S. 840/24)"	19/2026	07/04/2026 -	KRONEBERGER, DANIEL RICARDO - HUALA, MARÍA VICTORIA -	DE SALUD	DE SISTEMAS, MEDIOS DE COMUNICACIÓN Y LIBERTAD DE EXPRESIÓN			
S	395	2026	PC	LEWANDOWSKI: PROYECTO DE COMUNICACIÓN QUE SOLICITA INFORME SOBRE DIVERSOS PUNTOS RELACIONADOS AL OTORGAMIENTO DE PASAJES GRATUITOS PARA PERSONAS CON DISCAPACIDAD POR PARTE DE EMPRESAS DE TRANSPORTE DE COLECTIVO TERRESTRE.	19/2026	07/04/2026 -	LEWANDOWSKI, MARCELO NÉSTOR -	DE INFRAESTRUCTURA, VIVIENDA Y TRANSPORTE				
S	394	2026	PC	LEWANDOWSKI: PROYECTO DE COMUNICACIÓN QUE SOLICITA INFORME SOBRE DIVERSOS PUNTOS RELACIONADOS AL FUNCIONAMIENTO DE LA RED FERROVIARIA DE TRANSPORTE DE PASAJEROS QUE CONECTA LA CIUDAD DE ROSARIO, PROV. DE SANTA FE, CON DISTINTOS PUNTOS DEL PAIS.	19/2026	07/04/2026 -	LEWANDOWSKI, MARCELO NÉSTOR -	DE INFRAESTRUCTURA, VIVIENDA Y TRANSPORTE				
S	393	2026	PL	DI TULLIO: PROYECTO DE LEY QUE MODIFICA EL ART. 2º INCISO C), LL) Y M) DE LA LEY 24.804 (ACTIVIDAD NUCLEAR), RESPECTO A LA AUTORIZACION DEL CONGRESO PARA LA TRANSFERENCIA DE TECNOLOGIA A TERCEROS ESTADOS Y DISCONTINUAR PROYECTOS DE INVESTIGACION.	19/2026	07/04/2026 -	DI TULLIO, JULIANA -	DE MINERÍA, ENERGÍA Y COMBUSTIBLES	DE ASUNTOS CONSTITUCIONALES			
S	392	2026	PC	FERNANDEZ SAGASTI: PROYECTO DE COMUNICACION QUE SOLICITA INFORME SOBRE EL NUEVO REGIMEN ESTABLECIDO POR RES. N° 3/26 Y SU REGLAMENTO ANEXO SUSCRITA POR LA AGENCIA DE ADMINISTRACION DE BIENES DEL ESTADO (AABE) Y OTRAS CUESTIONES CONEXAS.	19/2026	06/04/2026 -	FERNÁNDEZ SAGASTI, ANABEL -	DE ASUNTOS ADMINISTRATIVOS Y MUNICIPALES				
S	391	2026	PC	KIRCHNER: PROYECTO DE COMUNICACIÓN QUE SOLICITA INFORME SOBRE LA ADMINISTRACIÓN, ASIGNACIÓN, UTILIZACIÓN Y CONTROL DE LOS CUPOS DE CAPTURA DE LANGOSTINO CORRESPONDIENTES A LA PROV. DE SANTA CRUZ, OTORGADOS EN CARÁCTER COMPENSATORIO POR LA VEDA DEL GOLFO DE SAN JORGE.	19/2026	06/04/2026 -	KIRCHNER, ALICIA MARGARITA ANTONIA -	DE AGRICULTURA, GANADERÍA Y PESCA				
S	390	2026	PL	UÑAC: REPRODUCE PROYECTO DE LEY QUE CREA EL PROGRAMA DE APOYO A LA INVERSION PRIVADA (REF. S. 2255/24)	19/2026	06/04/2026 -	UÑAC, SERGIO MAURICIO -	DE PRESUPUESTO Y HACIENDA	DE ECONOMÍAS REGIONALES, ECONOMÍA SOCIAL, MICRO, PEQUEÑA Y MEDIANA EMPRESA			
S	389	2026	PL	UÑAC: REPRODUCE PROYECTO DE LEY QUE MODIFICA SU SIMILAR 24.997 Y S/M - REGIMEN SIMPLIFICADO PARA PEQUEÑOS CONTRIBUYENTES-, RESPECTO DE AMPLIAR EL ACCESO DE NUEVOS CONTRIBUYENTES (REF. S. 2254/24)	19/2026	06/04/2026 -	UÑAC, SERGIO MAURICIO -	DE PRESUPUESTO Y HACIENDA	DE TRABAJO Y PREVISIÓN SOCIAL			
S	388	2026	PL	UÑAC: REPRODUCE PROYECTO DE LEY DE PROMOCION E INDIVIDUALIZACION DEL PASILLO VERDE EN CENTROS DE CONSUMO (REF. S. 2252/24)	19/2026	06/04/2026 -	UÑAC, SERGIO MAURICIO -	DE INDUSTRIA Y COMERCIO	DE AMBIENTE Y DESARROLLO SUSTENTABLE	DE LEGISLACIÓN GENERAL		
S	387	2026	PL	UÑAC: PROYECTO DE LEY QUE DECLARA DE INTERES NACIONAL LA PRACTICA DE DEPORTES URBANOS.	19/2026	06/04/2026 -	UÑAC, SERGIO MAURICIO -	DE DEPORTE				
S	386	2026	PL	CAPITANICH: PROYECTO DE LEY QUE CREA EL REGIMEN DE DISPOSICION DE INMUEBLES FEDERALES PARA LA RADICACION INDUSTRIAL	19/2026	06/04/2026 -	CAPITANICH, JORGE MILTON -	DE LEGISLACIÓN GENERAL	DE ASUNTOS ADMINISTRATIVOS Y MUNICIPALES	DE ECONOMÍAS REGIONALES, ECONOMÍA SOCIAL, MICRO, PEQUEÑA Y MEDIANA EMPRESA		
S	385	2026	PL	CAPITANICH: PROYECTO DE LEY QUE MODIFICA SU SIMILAR 25.065 - TARJETAS DE CREDITO-	19/2026	06/04/2026 -	CAPITANICH, JORGE MILTON -	DE LEGISLACIÓN GENERAL	DE ECONOMÍA NACIONAL E INVERSIÓN			
S	384	2026	PL	CAPITANICH: PROYECTO DE LEY QUE CREA EL REGIMEN DE INTEGRIDAD Y TRANSPARENCIA EN EL ACCESO AL CREDITO PUBLICO.	19/2026	06/04/2026 -	CAPITANICH, JORGE MILTON -	DE ASUNTOS CONSTITUCIONALES	DE ECONOMÍA NACIONAL E INVERSIÓN			
S	383	2026	PC	CAPITANICH: PROYECTO DE COMUNICACIÓN QUE SOLICITA INFORME SOBRE DIVERSOS PUNTOS RELACIONADOS A LAS OPERACIONES DE CREDITOS OTORGADAS A PERSONAS POLITICAMENTE EXPUESTAS (PEPS), SEGÚN LA NORMATIVA VIGENTE DE LA UIF, EN EL PERIODO COMPRENDIDO ENTRE EL 10 DE DICIEMBRE DE 2023 Y LA ACTUALIDAD.	19/2026	06/04/2026 -	CAPITANICH, JORGE MILTON -	DE ECONOMÍA NACIONAL E INVERSIÓN				
S	382	2026	PD	"CAPITANICH: PROYECTO DE DECLARACIÓN QUE DECLARA DE INTERES LA REALIZACION DE LA EXPOSICION AGROINDUSTRIAL, GANADERA Y COMERCIAL ""AGRONEA 2026"", EN LA CDAD. DE CHARATA, PROV. DEL CHACO, DEL 3 AL 5 DE JULIO DE 2026."	19/2026	06/04/2026 -	CAPITANICH, JORGE MILTON -	DE AGRICULTURA, GANADERÍA Y PESCA				
S	381	2026	PL	BENSUSÁN Y KRONEBERGER: PROYECTO DE LEY QUE MODIFICA SU SIMILAR 27.447 - TRASPLANTE DE ORGANOS, TEJIDOS Y CÉLULAS- RESPECTO A LA AUTORIZACIÓN PARA LA OBTENCION DE LOS ORGANOS EN MENORES DE 16 AÑOS	19/2026	06/04/2026 -	BENSUSÁN, DANIEL PABLO - KRONEBERGER, DANIEL RICARDO -	DE SALUD				
S	380	2026	PD	ABDALA: PROYECTO DE DECLARACIÓN QUE EXPRESA BENEPLACITO POR EL ANIVERSARIO DE LA FUNDACION DE LA CIUDAD DE LA PUNTA, PROV. DE SAN LUIS, EL 26 DE MARZO DE 2026.	19/2026	01/04/2026 -	ABDALA, BARTOLOMÉ ESTEBAN -	DE ASUNTOS ADMINISTRATIVOS Y MUNICIPALES				
S	379	2026	PD	"ABDALA: PROYECTO DE DECLARACIÓN QUE ADHIERE AL ""DÍA DEL VETERANO Y DE LOS CAÍDOS EN LA GUERRA DE MALVINAS"", EN SU 44° ANIVERSARIO, EL 2 DE ABRIL DE 2026."	19/2026	01/04/2026 -	ABDALA, BARTOLOMÉ ESTEBAN -	DE RELACIONES EXTERIORES Y CULTO				
S	378	2026	PD	ABDALA: PROYECTO DE DECLARACIÓN QUE EXPRESA BENEPLACITO POR EL ANIVERSARIO DE LA CIUDAD DE LA TOMA, PROV. DE SAN LUIS, EL 31 DE MARZO DE 2026.	18/2026	01/04/2026 -	ABDALA, BARTOLOMÉ ESTEBAN -	DE ASUNTOS ADMINISTRATIVOS Y MUNICIPALES				
S	377	2026	PD	ABDALA: PROYECTO DE DECLARACIÓN QUE EXPRESA BENEPLACITO POR EL ANIVERSARIO DE LA FUNDACION DE LA LOCALIDAD DE JUAN JORBA, PROV. DE SAN LUIS, EL 13 DE ABRIL DE 2026.	18/2026	01/04/2026 -	ABDALA, BARTOLOMÉ ESTEBAN -	DE ASUNTOS ADMINISTRATIVOS Y MUNICIPALES				
S	376	2026	PL	UÑAC: REPRODUCE PROYECTO DE LEY DE ADOPCIÓN DEL SÍMBOLO INTERNACIONAL DE ACCESIBILIDAD UNIVERSAL (REF. S. 197/24).	18/2026	01/04/2026 -	UÑAC, SERGIO MAURICIO -	DE POBLACIÓN Y DESARROLLO  HUMANO				
S	375	2026	PL	UÑAC: REPRODUCE PROYECTO DE LEY QUE CREA LA MESA NACIONAL DE CONCERTACIÓN DE LA CADENA DE PRODUCCIÓN VITIVINÍCOLA (REF. S. 2251/24).	18/2026	01/04/2026 -	UÑAC, SERGIO MAURICIO -	DE AGRICULTURA, GANADERÍA Y PESCA	DE ECONOMÍAS REGIONALES, ECONOMÍA SOCIAL, MICRO, PEQUEÑA Y MEDIANA EMPRESA	DE PRESUPUESTO Y HACIENDA		
S	374	2026	PL	UÑAC: REPRODUCE PROYECTO DE LEY QUE CREA EL REGIMEN DE PROMOCION Y FOMENTO DEL USO DE LA BICICLETA COMO MEDIO DE TRANSPORTE ALTERNATIVO Y SUSTENTABLE. (REF. S. 2253/24)	18/2026	01/04/2026 -	UÑAC, SERGIO MAURICIO -	DE INFRAESTRUCTURA, VIVIENDA Y TRANSPORTE	DE PRESUPUESTO Y HACIENDA			
S	373	2026	PL	UÑAC: REPRODUCE PROYECTO DE LEY FEDERAL DE PROMOCION Y MECENAZGO CULTURAL. (REF. S. 2142/24)	18/2026	01/04/2026 -	UÑAC, SERGIO MAURICIO -	DE EDUCACIÓN Y CULTURA	DE PRESUPUESTO Y HACIENDA			
S	372	2026	PL	UÑAC: REPRODUCE PROYECTO DE LEY QUE DECLARA AL DELITO DE TRATA DE PERSONAS COMO DELITO DE LESA HUMANIDAD (REF. S. 2019/24)	18/2026	01/04/2026 -	UÑAC, SERGIO MAURICIO -	DE JUSTICIA Y ASUNTOS PENALES	DE DERECHOS Y GARANTÍAS			
S	371	2026	PL	UÑAC: REPRODUCE PROYECTO DE LEY QUE MODIFICA EL ART. N° 12 DE SU SIMILAR 19.279 -AUTOMOTORES PARA LISIADOS-, RESPECTO A LA ADOPCIÓN DEL SÍMBOLO INTERNACIONAL DE ACCESIBILIDAD UNIVERSAL. (REF. S. 196/24)	18/2026	01/04/2026 -	UÑAC, SERGIO MAURICIO -	DE INFRAESTRUCTURA, VIVIENDA Y TRANSPORTE	DE POBLACIÓN Y DESARROLLO  HUMANO			
S	370	2026	PD	SCHNEIDER: PROYECTO DE DECLARACIÓN QUE DECLARA DE INTERÉS EL 119° ANIVERSARIO DE LA LOCALIDAD DE BARRANQUERAS, PROV. DEL CHACO, EL 6 DE ABRIL DE 2026.	18/2026	01/04/2026 -	SCHNEIDER, SILVANA LORENA -	DE ASUNTOS ADMINISTRATIVOS Y MUNICIPALES				
S	369	2026	PD	"AVILA: PROYECTO DE DECLARACIÓN QUE DECLARA DE INTERÉS NACIONAL Y CULTURAL EL LARGOMETRAJE ""ALBERDI EN EL ESPEJO"" ESCRITO, DIRIGIDO Y PRODUCIDO POR EL CINEASTA TUCUMANO, FABIAN SOBERON."	18/2026	01/04/2026 -	AVILA, BEATRIZ LUISA -	DE EDUCACIÓN Y CULTURA				
S	368	2026	PD	MENDOZA: PROYECTO DE DECLARACIÓN QUE REPUDIA LAS DECLARACIONES EMITIDAS EN REDES SOCIALES POR ENZO FERREIRA, COORDINADOR DE RADIO NACIONAL TUCUMAN, EN RELACION A LA FIGURA DE MERCEDES SOSA.	18/2026	01/04/2026 -	MENDOZA, SANDRA MARIELA -	BANCA DE LA MUJER				
S	367	2026	PD	MENDOZA: PROYECTO DE DECLARACIÓN QUE EXPRESA BENEPLACITO POR LA PRESENTACION DEL PRIMER CAFÉ CULTIVADO, COSECHADO Y PROCESADO INTEGRAMENTE EN SUELO ARGENTINO, A PARTIR DE UN ACUERDO ENTRE LA EMPRESA CABRALES Y LA PROV. DE TUCUMAN	18/2026	01/04/2026 -	MENDOZA, SANDRA MARIELA -	DE INDUSTRIA Y COMERCIO				
S	366	2026	PL	ABAD: PROYECTO DE LEY QUE MODIFICA SU SIMILAR 11.179 - CÓDIGO PENAL DE LA NACIÓN-, RESPECTO A LA PROTECCION DE LA INDIVIDUALIDAD E IDENTIDAD EN ENTORNOS DIGITALES.	18/2026	01/04/2026 -	ABAD, MAXIMILIANO -	DE JUSTICIA Y ASUNTOS PENALES				
S	365	2026	PC	KIRCHNER: PROYECTO DE COMUNICACIÓN QUE SOLICITA INFORME SOBRE DIVERSOS PUNTOS RELACIONADOS CON LA RESOLUCION 48/2026 DEL BANCO CENTRAL DE LA REPUBLICA ARGENTINA, RELACIONADA AL CIERRE DE AGENCIAS REGIONALES.	18/2026	31/03/2026 -	KIRCHNER, ALICIA MARGARITA ANTONIA -	DE ECONOMÍA NACIONAL E INVERSIÓN				
S	364	2026	PC	CAPITANICH Y LINARES: PROYECTO DE COMUNICACIÓN QUE SOLICITA INFORME SOBRE DIVERSOS PUNTOS RELACIONADOS CON EL FUNCIONAMIENTO DEL COMANDO CONJUNTO MARITIMO	18/2026	31/03/2026 -	CAPITANICH, JORGE MILTON - LINARES, CARLOS ALBERTO -	DE DEFENSA NACIONAL				
S	363	2026	PD	"VISCHI: PROYECTO DE DECLARACION QUE DECLARA DE INTERES LA TERCERA JORNADA ""MIRADAS QUE CONECTAN: UN PUNTO DE ENCUENTRO PARA REPENSAR EL AUTISMO"" ORGANIZADO POR TEACTIVA, EN LA UNIVERSIDAD DE BUENOS AIRES, EL 30 DE MARZO."	18/2026	31/03/2026 -	VISCHI, EDUARDO ALEJANDRO -	DE SALUD				
S	361	2026	PL	GADANO: PROYECTO DE LEY QUE APRUEBA EL CONVENIO DE CREACION DEL PARQUE INTERJURISDICCIONAL MARINO MONTE LEON, ENTRE EL ESTADO NACIONAL Y LA PROVINCIA DE SANTA CRUZ.	18/2026	31/03/2026 -	GADANO, NATALIA ELENA -	DE ASUNTOS CONSTITUCIONALES	DE AMBIENTE Y DESARROLLO SUSTENTABLE			
S	360	2026	PL	DE PEDRO Y OTROS: PROYECTO DE LEY QUE CREA LA UNIVERSIDAD NACIONAL DE LA CUENCA DEL SALADO, CON SEDE CENTRAL EN EL DISTRITO DE CAÑUELAS, PROV. DE BUENOS AIRES.	18/2026	31/03/2026 -	DE PEDRO, EDUARDO ENRIQUE - DI TULLIO, JULIANA - ABAD, MAXIMILIANO -	DE EDUCACIÓN Y CULTURA	DE PRESUPUESTO Y HACIENDA			
S	359	2026	PL	DE PEDRO Y OTROS: PROYECTO DE LEY QUE CREA LA UNIVERSIDAD NACIONAL DE SALADILLO, EN LA CDAD. DE SALADILLO, PROV. DE BUENOS AIRES.	18/2026	31/03/2026 -	DE PEDRO, EDUARDO ENRIQUE - DI TULLIO, JULIANA - ABAD, MAXIMILIANO -	DE EDUCACIÓN Y CULTURA	DE PRESUPUESTO Y HACIENDA			
S	358	2026	PL	GADANO: PROYECTO DE LEY QUE DISPONE LA REALIZACION DE UNA CAMPAÑA NACIONAL DE COMUNICACIÓN REFERIDA A LOS BENEFICIOS DEL USO RESPONSABLE DE ENERGIA Y LA EFICIENCIA ENERGETICA.	18/2026	31/03/2026 -	GADANO, NATALIA ELENA -	DE MINERÍA, ENERGÍA Y COMBUSTIBLES	DE SISTEMAS, MEDIOS DE COMUNICACIÓN Y LIBERTAD DE EXPRESIÓN			
S	357	2026	PD	CRISTINA: PROYECTO DE DECLARACIÓN QUE DECLARA DE INTERES EL CIRCUITO HISTORICO- CULTURAL MALVINAS: HISTORIA Y MEMORIA EN LA PROVINCIA DEL CHUBUT.	17/2026	31/03/2026 -	CRISTINA, ANDREA MARCELA -	DE EDUCACIÓN Y CULTURA				
S	356	2026	PC	KRONEBERGER: REPRODUCE PROYECTO DE COMUNICACIÓN QUE SOLICITA SE CONVOQUE A LA COMISION ARBITRAL DEL CONVENIO MULTILATERAL (COMARB) A LOS EFECTOS DE PROPONER REFORMAS PARA LA CORRECCION DE LOS EXCESOS PRODUCIDOS EN EL SISTEMA DE ACREDITACION Y CONTROL DE ACREDITACIONES BANCARIAS (SIRCREB) Y OTRAS CU	17/2026	31/03/2026 -	KRONEBERGER, DANIEL RICARDO -	DE PRESUPUESTO Y HACIENDA				
S	355	2026	PL	KRONEBERGER: REPRODUCE PROYECTO DE LEY QUE TRANSFIERE A TITULO GRATUITO A LA MUNICIPALIDAD DE ALTA ITALIA, PROV. DE LA PAMPA, UN TERRENO DE PROPIEDAD DEL ESTADO NACIONAL -FERROCARRILES ARGENTINOS-, INSCRIPCION DE DOMINIO TOMO 314 FOLIO 119 PRIMERA INSCRIPCION, UBICADOS EN LA LOC. HOMONIMA. (REF. S.	17/2026	31/03/2026 -	KRONEBERGER, DANIEL RICARDO -	DE ASUNTOS ADMINISTRATIVOS Y MUNICIPALES				
S	354	2026	PC	KRONEBERGER: REPRODUCE PROYECTO DE COMUNICACIÓN  QUE SOLICITA LA REGLAMENTACION DE LA TOTALIDAD DE LOS ARTICULOS PENDIENTES DE LA LEY 27.674 - REGIMEN DE PROTECCION INTEGRAL DEL NIÑO, NIÑA Y ADOLESCENTE CON CANCER. (REF. S. 1930/24).	17/2026	31/03/2026 -	KRONEBERGER, DANIEL RICARDO -	DE ASUNTOS CONSTITUCIONALES				
S	353	2026	PL	KRONEBERGER: REPRODUCE PROYECTO DE LEY QUE TRANSFIERE A TITULO GRATUITO A LA MUNICIPALIDAD DE ALTA ITALIA, EL TERRENO PROPIEDAD DEL ESTADO NACIONAL, UBICADO EN LA LOC. DE OJEDA, DPTO. REALICÓ, PROV. DE LA PAMPA. (REF. S. 448/24).	17/2026	31/03/2026 -	KRONEBERGER, DANIEL RICARDO -	DE ASUNTOS ADMINISTRATIVOS Y MUNICIPALES				
S	352	2026	PL	"KRONEBERGER: REPRODUCE PROYECTO DE LEY QUE DECLARA FIESTA NACIONAL AL ""FESTIVAL DE DESTREZAS GAUCHAS"", QUE SE REALIZA TODOS LOS AÑOS EN LA LOC. DE QUEMÚ QUEMÚ, PROV. DE LA PAMPA. (REF. S. 449/24)."	17/2026	31/03/2026 -	KRONEBERGER, DANIEL RICARDO -	DE TURISMO	DE EDUCACIÓN Y CULTURA			
S	351	2026	PL	KRONEBERGER: REPRODUCE PROYECTO DE LEY QUE ESTABLECE LA OBLIGATORIEDAD DE IMPLEMENTAR EN ESPACIOS Y EDIFICIOS PÚBLICOS DEL PAIS SEÑALETICA INCLUSIVA. (REF. S. 802/24).	17/2026	31/03/2026 -	KRONEBERGER, DANIEL RICARDO -	DE POBLACIÓN Y DESARROLLO  HUMANO				
S	350	2026	PL	KRONEBERGER: REPRODUCE PROYECTO DE LEY QUE REGULA LA PUBLICIDAD DE LOS JUEGOS DE AZAR ONLINE EN TODOS LOS MEDIOS DE COMUNICACION. (REF. S. 803/24).	17/2026	31/03/2026 -	KRONEBERGER, DANIEL RICARDO -	DE SALUD	DE LEGISLACIÓN GENERAL	DE JUSTICIA Y ASUNTOS PENALES		
S	349	2026	PL	KRONEBERGER: REPRODUCE PROYECTO DE LEY SOBRE TIPIFICACION DE LA VIOLENCIA PSICOLOGICA EN EL CODIGO PENAL. (REF. S. 1716/24).	17/2026	31/03/2026 -	KRONEBERGER, DANIEL RICARDO -	DE JUSTICIA Y ASUNTOS PENALES				
S	348	2026	PL	KRONEBERGER: REPRODUCE PROYECTO DE LEY QUE MODIFICA LOS ARTICULOS 4 Y 5 DE SU SIMILAR 27.642 - ETIQUETADO FRONTAL-, RESPECTO DE INCORPORAR LA TIPOLOGIA BRAILLE. (REF. S. 1945/24).	17/2026	31/03/2026 -	KRONEBERGER, DANIEL RICARDO -	DE SALUD	DE INDUSTRIA Y COMERCIO			
S	347	2026	PL	LINARES: PROYECTO DE LEY QUE SUSTITUYE EL ART. 8 DE SU SIMILAR 24.922 REGIMEN FEDERAL DE PESCA- RESPECTO DE LA INTEGRACION DEL CONSEJO FEDERAL PESQUERO.	17/2026	31/03/2026 -	LINARES, CARLOS ALBERTO -	DE AGRICULTURA, GANADERÍA Y PESCA				
S	346	2026	PC	LÓPEZ FLORENCIA: PROYECTO DE COMUNICACIÓN QUE SOLICITA LA EJECUCIÓN DE OBRAS DE RECUPERACIÓN DE CALZADA EN DIVERSOS TRAMOS DE RUTAS NACIONALES QUE ATRAVIESAN LA PROV. DE LA RIOJA.	17/2026	30/03/2026 -	LÓPEZ, MARÍA FLORENCIA -	DE INFRAESTRUCTURA, VIVIENDA Y TRANSPORTE				
S	345	2026	PL	GADANO: PROYECTO DE LEY QUE DECLARA LA EMERGENCIA ECONÓMICA, FINANCIERA EN MATERIA DE ENDEUDAMIENTO DE CONSUMO EN LA REPÚBLICA ARGENTINA POR EL PLAZO DE 180 DÍAS.	17/2026	30/03/2026 -	GADANO, NATALIA ELENA -	DE PRESUPUESTO Y HACIENDA	DE ECONOMÍA NACIONAL E INVERSIÓN			
S	344	2026	PL	GADANO: PROYECTO DE LEY QUE DECLARA DE INTERÉS NACIONAL Y DE IMPORTANCIA ESTRATÉGICA, EL DESARROLLO, INVESTIGACIÓN Y EXPLOTACIÓN EN LA REGIÓN PATAGÓNICA, DEL HIDRÓGENO VERDE COMO RECURSO PARA LA GENERACIÓN DE ENERGÍA ELÉCTRICA	17/2026	30/03/2026 -	GADANO, NATALIA ELENA -	DE MINERÍA, ENERGÍA Y COMBUSTIBLES	DE AMBIENTE Y DESARROLLO SUSTENTABLE	DE PRESUPUESTO Y HACIENDA		
S	343	2026	PC	LOSADA: PROYECTO DE COMUNICACIÓN QUE SOLICITA SE FORTALEZCA Y AMPLIE EL SISTEMA DE ALERTA TEMPRANA PARA LA BUSQUEDA DE NIÑOS, NIÑAS, Y ADOLESCENTES DESAPARECIDOS.	17/2026	30/03/2026 -	LOSADA, CAROLINA -	DE SEGURIDAD INTERIOR Y NARCOTRÁFICO				
S	342	2026	PL	ZAMORA Y OTROS: PROYECTO DE LEY QUE TRANSFIERE A TÍTULO GRATUITO A FAVOR DE LA UNIVERSIDAD NACIONAL DE SANTIAGO DEL ESTERO UN INMUEBLE PROPIEDAD DEL ESTADO NACIONAL UBICADO EN LA AV. BELGRANO (S) N° 2180 DE LA CIUDAD CAPITAL DE LA PROVINCIA DE SANTIAGO DEL ESTERO.	17/2026	30/03/2026 -	ZAMORA, GERARDO - NEDER, JOSÉ EMILIO - MORENO, ELIA ESTHER DEL CARMEN -	DE ASUNTOS ADMINISTRATIVOS Y MUNICIPALES				
S	341	2026	PL	BENSUSAN: REPRODUCE PROYECTO DE LEY QUE TRANSFIERE A TITULO GRATUITO Y A FAVOR DE LA MUNICIPALIDAD DE EMBAJADOR MARTINI, PROV. DE LA PAMPA, EL DOMINIO DEL INMUEBLE, NOMENCLATURA CATASTRAL EJIDO 005 - CIRCUNSCRIPCION 01 - RADIO G - QUINTA 9 - PARCELA 4, PARTIDA 691704, CUYA INSCRIPCION DE DOMINIO COR	17/2026	30/03/2026 -	BENSUSÁN, DANIEL PABLO -	DE ASUNTOS ADMINISTRATIVOS Y MUNICIPALES				
S	340	2026	PC	LOPEZ FLORENCIA: PROYECTO DE COMUNICACIÓN QUE SOLICITA INFORME SOBRE PROGRAMAS SOCIALES, TRANSFERENCIAS MONETARIAS, PLANES DE ASISTENCIA Y PRESTACIONES NO CONTRIBUTIVAS VIGENTES AL 10 DE DICIEMBRE DE 2023 Y OTRAS CUESTIONES CONEXAS.	17/2026	30/03/2026 -	LÓPEZ, MARÍA FLORENCIA -	DE TRABAJO Y PREVISIÓN SOCIAL				
S	339	2026	PD	SCHNEIDER: PROYECTO DE DECLARACIÓN QUE EXPRESA BENEPLACITO POR EL 72° ANIVERSARIO DE LA FUNDACION DE LA LOC. VILLA RIO BERMEJITO, PROV. DEL CHACO, EL 1 DE ABRIL DE 2026.	17/2026	30/03/2026 -	SCHNEIDER, SILVANA LORENA -	DE ASUNTOS ADMINISTRATIVOS Y MUNICIPALES				
S	338	2026	PL	LINARES Y OTROS: PROYECTO DE LEY QUE INCORPORA AL CODIGO CIVIL Y COMERCIAL DE LA NACION EL ART. 700 TER Y EL ART 701 BIS, SOBRE EL EJERCICIO DE LA RESPONSABILIDAD PARENTAL.	17/2026	30/03/2026 -	LINARES, CARLOS ALBERTO - SORIA, MARTIN IGNACIO - LÓPEZ, CÁNDIDA CRISTINA - GONZÁLEZ, MARÍA TERESA MARGARITA - MENDOZA, SANDRA MARIELA -	DE LEGISLACIÓN GENERAL				
S	337	2026	PL	BENSUSAN: REPRODUCE PROYECTO DE LEY QUE GARANTIZA EL ACCESO A UNA CUENTA CORRIENTE PARA ENTIDADES CIVILES SIN FINES DE LUCRO. (REF. S. 183/24)	16/2026	30/03/2026 -	BENSUSÁN, DANIEL PABLO -	DE PRESUPUESTO Y HACIENDA				
S	336	2026	PL	BENSUSAN: REPRODUCE PROYECTO DE LEY QUE CREA EL CARGO DE FISCAL GENERAL ELECTORAL PARA LA REPRESENTACIÓN EXCLUSIVA DEL MINISTERIO PÚBLICO FISCAL ANTE LA CÁMARA NACIONAL ELECTORAL. (REF. S. 325/24)	16/2026	30/03/2026 -	BENSUSÁN, DANIEL PABLO -	DE ASUNTOS CONSTITUCIONALES	DE JUSTICIA Y ASUNTOS PENALES			
S	335	2026	PL	BENSUSAN: REPRODUCE PROYECTO DE LEY QUE AMPLÍA LA PRESTACIÓN ALIMENTAR CREADA EN EL MARCO DEL PLAN NACIONAL ARGENTINA CONTRA EL HAMBRE HASTA LOS DIECISIETE AÑOS DE EDAD INCLUSIVE. (REF. S. 749/24)	16/2026	30/03/2026 -	BENSUSÁN, DANIEL PABLO -	DE POBLACIÓN Y DESARROLLO  HUMANO				
S	334	2026	PL	BENSUSÁN: REPRODUCE PROYECTO DE LEY QUE MODIFICA SU SIMILAR 27.160 - REGIMEN DE ASIGNACIONES FAMILIARES - Y DEROGA EL DECRETO 194/24-, RESPECTO DE LAS ASIGNACIONES FAMILIARES. (REF. S. 750/24)	16/2026	30/03/2026 -	BENSUSÁN, DANIEL PABLO -	DE TRABAJO Y PREVISIÓN SOCIAL	DE ASUNTOS CONSTITUCIONALES	DE PRESUPUESTO Y HACIENDA		
S	333	2026	PL	BENSUSÁN: REPRODUCE PROYECTO DE LEY QUE MODIFICA SU SIMILAR 25.959 - CREACION DE UN JUZGADO FEDERAL DE PRIMERA INSTANCIA CON ASIENTO EN LA CDAD. DE GRAL. PICO, PROV. DE LA PAMPA -, RESPECTO DE LOS CARGOS A CREARSE EN EL PODER JUDICIAL. (REF. S. 795/24)	16/2026	30/03/2026 -	BENSUSÁN, DANIEL PABLO -	DE JUSTICIA Y ASUNTOS PENALES	DE ASUNTOS CONSTITUCIONALES			
S	332	2026	PL	BENSUSÁN: REPRODUCE PROYECTO DE LEY QUE CREA EL REGISTRO NACIONAL DE CONDENADOS POR DELITOS CONTRA LA INTEGRIDAD SEXUAL. (REF. S. 1128/24)	16/2026	30/03/2026 -	BENSUSÁN, DANIEL PABLO -	DE JUSTICIA Y ASUNTOS PENALES				
S	331	2026	PL	BENSUSAN: REPRODUCE PROYECTO DE LEY QUE CREA EL PROGRAMA NACIONAL DE SALUD MENTAL PARA ADOLESCENTES. (REF. S. 879/24)	16/2026	30/03/2026 -	BENSUSÁN, DANIEL PABLO -	DE SALUD	DE EDUCACIÓN Y CULTURA	DE PRESUPUESTO Y HACIENDA		
S	330	2026	PL	BENSUSAN: REPRODUCE PROYECTO DE LEY QUE TRANSFIERE A TITULO GRATUITO Y A FAVOR DE LA MUNICIPALIDAD DE TRENEL, PROV. DE LA PAMPA, EL DOMINIO DE DIVERSOS INMUEBLES EN DICHA LOCALIDAD. (REF. S. 1441/24)	16/2026	30/03/2026 -	BENSUSÁN, DANIEL PABLO -	DE ASUNTOS ADMINISTRATIVOS Y MUNICIPALES				
S	329	2026	PL	BENSUSAN: REPRODUCE PROYECTO DE LEY QUE TRANSFIERE A TITULO GRATUITO Y A FAVOR DE LA MUNICIPALIDAD DE CONHELLO, PROV. DE LA PAMPA, EL DOMINIO DEL INMUEBLE, NOMENCLATURA CATASTRAL EJIDO 91- CIRCUNSCRIPCION 01 - RADIO D- QUINTA 01 - PARCELA 4, PARTIDA 694715; CUYA INSCRIPCION DE DOMINIO CORRESPONDE EN	16/2026	30/03/2026 -	BENSUSÁN, DANIEL PABLO -	DE ASUNTOS ADMINISTRATIVOS Y MUNICIPALES				
S	328	2026	PL	BENSUSAN: REPRODUCE PROYECTO DE LEY QUE TRANSFIERE A TITULO GRATUITO Y A FAVOR DE LA MUNICIPALIDAD DE LUAN TORO, PROV. DE LA PAMPA, EL DOMINIO DE DIVERSOS INMUEBLES DE DICHA LOCALIDAD. (REF. S. 1444/24)	16/2026	30/03/2026 -	BENSUSÁN, DANIEL PABLO -	DE ASUNTOS ADMINISTRATIVOS Y MUNICIPALES				
S	327	2026	PL	"BENSUSAN: REPRODUCE PROYECTO DE LEY QUE DECLARA NULO DE NULIDAD ABSOLUTA DCTO. N° 780/24, QUE REGLAMENTA LA LEY 27.275 ""DERECHO DE ACCESO A LA INFORMACION PUBLICA"" (REF. S. 1718/24)"	16/2026	30/03/2026 -	BENSUSÁN, DANIEL PABLO -	DE ASUNTOS CONSTITUCIONALES	DE JUSTICIA Y ASUNTOS PENALES			
S	326	2026	PL	BENSUSAN: REPRODUCE PROYECTO DE LEY QUE CREA EL PROGRAMA DE FOMENTO PARA LA ARTICULACION ENTRE INSTITUCIONES EDUCATIVAS AGROSUSTENTABLES Y PROYECTOS PRODUCTIVOS LOCALES. (REF. S. 1768/24)	16/2026	30/03/2026 -	BENSUSÁN, DANIEL PABLO -	DE EDUCACIÓN Y CULTURA	DE ECONOMÍAS REGIONALES, ECONOMÍA SOCIAL, MICRO, PEQUEÑA Y MEDIANA EMPRESA	DE PRESUPUESTO Y HACIENDA		
S	325	2026	PL	"BENSUSAN: REPRODUCE PROYECTO DE LEY QUE MODIFICA SU SIMILAR 26.845 - PROMOCION PARA LA TOMA DE CONCIENCIA SOBRE LA RELEVANCIA SOCIAL DE LA DONACION DE ORGANOS- RESPECTO DE PROMOVER LA DONACION DE ORGANOS EN TODOS LOS NIVELES EDUCATIVOS.
(REF. S. 2239/24)"	16/2026	30/03/2026 -	BENSUSÁN, DANIEL PABLO -	DE SALUD	DE EDUCACIÓN Y CULTURA			
S	324	2026	PD	MONTEVERDE Y OTROS: PROYECTO DE DECLARACIÓN QUE EXPRESA SATISFACCION POR EL LOGRO JUDICIAL ANTE LOS TRIBUNALES DEL EXTERIOR EN LA CAUSA CONTRA LA REP. ARGENTINA E Y.P.F. S.A.	16/2026	30/03/2026 -	MONTEVERDE, AGUSTÍN ANÍBAL - GUZMÁN CORAITA, GONZALO - ALVAREZ RIVERO, CARMEN - ABDALA, BARTOLOMÉ ESTEBAN - OROZCO, MARÍA EMILIA - FULLONE, ENZO PAOLO - BULLRICH, PATRICIA - GODOY, JUAN CRUZ - OLIVERA LUCERO, BRUNO ANTONIO - PAOLTRONI, FRANCISCO MANUEL - ATAUCHE, EZEQUIEL - BEDIA, VILMA FACUNDA - PAGOTTO, JUAN CARLOS -	DE ASUNTOS CONSTITUCIONALES				
S	323	2026	PL	"MENDOZA Y ANDRADA: REPRODUCE PROYECTO DE LEY QUE INSTITUYE EL MES DE SEPTIEMBRE DE CADA AÑO COMO ""MES DE LA BIBLIA"" (REF. S. 571/24)"	16/2026	27/03/2026 -	MENDOZA, SANDRA MARIELA - ANDRADA, GUILLERMO EDUARDO -	DE RELACIONES EXTERIORES Y CULTO	DE EDUCACIÓN Y CULTURA			
S	322	2026	PL	MENDOZA Y OTROS: REPRODUCE PROYECTO DE LEY QUE MODIFICA SU SIMILAR 23.592 (ACTOS DISCRIMINATORIOS) RESPECTO DE DESALENTAR PRACTICAS DISCRIMINATORIAS (REF. S. 599/24)	16/2026	27/03/2026 -	MENDOZA, SANDRA MARIELA - ANDRADA, GUILLERMO EDUARDO - MOISES, MARÍA CAROLINA -	DE DERECHOS Y GARANTÍAS	DE POBLACIÓN Y DESARROLLO  HUMANO			
S	321	2026	PL	MENDOZA Y OTROS: REPRODUCE PROYECTO DE LEY QUE INSTITUYE LA ULTIMA SEMANA DEL MES DE JUNIO DE CADA AÑO COMO LA SEMANA DE CONCIENTIZACION PARA LA PREVENCION DE LOS CONSUMOS PROBLEMATICOS (REF. S. 1199/24)	16/2026	27/03/2026 -	MENDOZA, SANDRA MARIELA - ANDRADA, GUILLERMO EDUARDO - MOISES, MARÍA CAROLINA -	DE SALUD	DE EDUCACIÓN Y CULTURA			
S	320	2026	PL	MENDOZA Y OTROS: REPRODUCE PROYECTO DE LEY QUE DECLARA A LA CDAD. DE SAN MIGUEL DE TUCUMAN, PROV. DE TUCUMAN, CAPITAL SIMBOLICA DE LA REPUBLICA ARGENTINA, EL 9 DE JULIO DE CADA AÑO (REF. S. 2298/24)	16/2026	27/03/2026 -	MENDOZA, SANDRA MARIELA - ANDRADA, GUILLERMO EDUARDO - MOISES, MARÍA CAROLINA -	DE EDUCACIÓN Y CULTURA				
S	319	2026	PL	"MENDOZA Y ANDRADA: REPRODUCE PROYECTO DE LEY QUE INSTITUYE EL TERCER DOMINGO DE SEPTIEMBRE DE CADA AÑO COMO EL ""DÍA NACIONAL DEL PASTOR Y PASTORA EVANGÉLICA"" (REF. S. 516/24)."	16/2026	27/03/2026 -	MENDOZA, SANDRA MARIELA - ANDRADA, GUILLERMO EDUARDO -	DE RELACIONES EXTERIORES Y CULTO	DE EDUCACIÓN Y CULTURA			
S	318	2026	PL	MENDOZA Y OTROS: REPRODUCE PROYECTO DE LEY QUE INSTITUYE COMO FERIADO NACIONAL EL 24 DE SEPTIEMBRE DE CADA AÑO, EN CONMEMORACIÓN A LA BATALLA DE TUCUMÁN. (REF. S-1534/24)	15/2026	27/03/2026 -	MENDOZA, SANDRA MARIELA - ANDRADA, GUILLERMO EDUARDO - MOISES, MARÍA CAROLINA -	DE LEGISLACIÓN GENERAL				
S	317	2026	PL	MENDOZA Y OTROS: REPRODUCE PROYECTO DE LEY QUE GARANTIZA Y PROMUEVE LA PESQUISA, DETECCIÓN TEMPRANA, DIAGNÓSTICO Y TRATAMIENTO DE LA ENDOMETRIOSIS (REF. S. 601/24).	15/2026	27/03/2026 -	MENDOZA, SANDRA MARIELA - ANDRADA, GUILLERMO EDUARDO - MOISES, MARÍA CAROLINA -	DE SALUD	DE TRABAJO Y PREVISIÓN SOCIAL			
S	316	2026	PD	"VISCHI: PROYECTO DE DECLARACION QUE DECLARA DE INTERES LA REALIZACION DE LA AVANT PREMIERE DE LA PELICULA DOCUMENTAL ""MALVINAS, EN CUERPO Y ALMA"", EN LA CDAD. DE CORRIENTES, EL 30 DE MARZO DE 2026."	15/2026	27/03/2026 -	VISCHI, EDUARDO ALEJANDRO -	DE EDUCACIÓN Y CULTURA				
S	315	2026	PL	AVILA: PROYECTO DE LEY QUE CREA EL PROGRAMA NACIONAL DE PREVENCION Y CONTROL DE PERSONAS CON ASMA.	15/2026	27/03/2026 -	AVILA, BEATRIZ LUISA -	DE SALUD	DE TRABAJO Y PREVISIÓN SOCIAL	DE PRESUPUESTO Y HACIENDA		
S	314	2026	PD	MOISES Y OTROS: PROYECTO DE DECLARACIÓN QUE REPUDIA LOS DICHOS DEL PRESIDENTE DE LA NACION JAVIER MILEI, SOBRE EL POSIBLE APOYO MILITAR EN LA GUERRA DE ESTADOS UNIDOS E ISRAEL, CONTRA IRAN.	15/2026	27/03/2026 -	MOISES, MARÍA CAROLINA - ANDRADA, GUILLERMO EDUARDO - MENDOZA, SANDRA MARIELA -	DE ASUNTOS CONSTITUCIONALES				
S	313	2026	PD	LOPEZ C. Y OTROS: PROYECTO DE DECLARACIÓN QUE ADHIERE AL DIA DEL VETERANO Y DE LOS CAIDOS EN LA GUERRA DE MALVINAS, EL 2 DE ABRIL.	15/2026	27/03/2026 -	LÓPEZ, CÁNDIDA CRISTINA - RECALDE, MARIANO - LINARES, CARLOS ALBERTO - SORIA, MARTIN IGNACIO - MARKS, ANA INÉS - MENDOZA, SANDRA MARIELA - GONZÁLEZ, MARÍA TERESA MARGARITA -	DE RELACIONES EXTERIORES Y CULTO				
S	312	2026	PD	"LOPEZ C. Y OTROS : PROYECTO DE DECLARACION QUE DECLARA DE INTERES LA REALIZACION DE LA 31° ""VIGILIA POR LA GLORIOSA GESTA DE MALVINAS"", ORGANIZADA POR EL CENTRO DE VETERANOS DE GUERRA ""MALVINAS ARGENTINAS"", DE LA CDAD. DE RIO GRANDE, PROV. DE TIERRA DEL FUEGO, ANTÁRTIDA E ISLAS DEL ATLÁNTICO SUR,"	15/2026	27/03/2026 -	LÓPEZ, CÁNDIDA CRISTINA - RECALDE, MARIANO - LINARES, CARLOS ALBERTO - SORIA, MARTIN IGNACIO - MARKS, ANA INÉS - MENDOZA, SANDRA MARIELA - GONZÁLEZ, MARÍA TERESA MARGARITA -	DE RELACIONES EXTERIORES Y CULTO				
S	311	2026	PD	"SORIA Y MARKS: PROYECTO DE DECLARACION QUE DECLARA DE INTERES EL DOCUMENTAL ""LA MONTAÑA DESDE LA VENTANA"" REALIZADO EN EL MARCO DEL PROYECTO SOCIAL DE LA FUNDACION SAN JOSE OBRERO, EN LA CDAD. DE SAN CARLOS DE BARILOCHE, PROV. DE RIO NEGRO, EL 25 DE MARZO DE 2026."	15/2026	27/03/2026 -	SORIA, MARTIN IGNACIO - MARKS, ANA INÉS -	DE EDUCACIÓN Y CULTURA				
S	310	2026	PD	OROZCO: PROYECTO DE DECLARACIÓN QUE EXPRESA BENEPLACITO POR EL ANUNCIO DE LA APLICACIÓN PROVISIONAL DEL ACUERDO INTERINO DE COMERCIO (ITA) ENTRE EL MERCOSUR - UNION EUROPEA, A PARTIR DEL 1 DE MAYO DE 2026.	15/2026	27/03/2026 -	OROZCO, MARÍA EMILIA -	DE RELACIONES EXTERIORES Y CULTO				
S	309	2026	PD	OROZCO Y OTROS: PROYECTO DE DECLARACIÓN QUE REPUDIA EL ATAQUE COMETIDO CONTRA LA AGRUPACION DE ESTUDIANTES UNIVERSITARIOS CREAR + LIBERTAD, POR PARTE DE UN DOCENTE DE LA UNIVERSIDAD NACIONAL DE LANUS (UNLA).	15/2026	27/03/2026 -	OROZCO, MARÍA EMILIA - MONTEVERDE, AGUSTÍN ANÍBAL - GODOY, JUAN CRUZ - GUZMÁN CORAITA, GONZALO - PAGOTTO, JUAN CARLOS - ABDALA, BARTOLOMÉ ESTEBAN - CERVI, MARIO PABLO - ALMEIDA, ROMINA MARÍA -	DE DERECHOS Y GARANTÍAS				
S	308	2026	PL	AVILA: PROYECTO DE LEY QUE DECLARA A BERNABÉ ARÁOZ COMO HÉROE NACIONAL.	15/2026	27/03/2026 -	AVILA, BEATRIZ LUISA -	DE DEFENSA NACIONAL				
S	307	2026	PL	AVILA: PROYECTO DE LEY QUE DISPONE LA REALIZACION DE UNA CAMPAÑA AMBULATORIA DESTINADA A LA PREVENCIÓN DE LA AMBLIOPIA.	15/2026	27/03/2026 -	AVILA, BEATRIZ LUISA -	DE SALUD				
S	306	2026	PL	"AVILA: PROYECTO DE LEY QUE DECLARA LUGAR HISTÓRICO A ""LA ENCRUCIJADA"", EN LA PROV. DE TUCUMÁN"	15/2026	27/03/2026 -	AVILA, BEATRIZ LUISA -	DE EDUCACIÓN Y CULTURA	DE PRESUPUESTO Y HACIENDA			
S	305	2026	PL	"AVILA: PROYECTO DE LEY QUE INSTITUYE EL 6 DE NOVIEMBRE DE CADA AÑO COMO EL ""DIA NACIONAL DE LA REMEMORACIÓN DEL PRIMER IZAMIENTO DE LA BANDERA ARGENTINA EN LAS ISLAS MALVINAS""."	15/2026	27/03/2026 -	AVILA, BEATRIZ LUISA -	DE EDUCACIÓN Y CULTURA				
S	304	2026	PL	AVILA: PROYECTO DE LEY QUE MODIFICA SU SIMILAR 26.588 (ENFERMEDAD CELIACA) SOBRE LA INCORPORACION DE LA SENSIBILIDAD AL GLUTEN NO CELIACA.	15/2026	27/03/2026 -	AVILA, BEATRIZ LUISA -	DE SALUD	DE TRABAJO Y PREVISIÓN SOCIAL			
S	302	2026	PL	TERENZI: REPRODUCE PROYECTO DE LEY QUE MODIFICA EL CÓDIGO ELECTORAL NACIONAL, RESPECTO DEL DERECHO A VOTO DE LOS CIUDADANOS ARGENTINOS RESIDENTES EN EL EXTERIOR (REF. S. 162/24).	15/2026	26/03/2026 -	TERENZI, EDITH ELIZABETH -	DE ASUNTOS CONSTITUCIONALES				
S	301	2026	PL	TERENZI: REPRODUCE PROYECTO DE LEY QUE MODIFICA LOS ARTS. 157 Y 164 DEL CODIGO NACIONAL ELECTORAL, RESPECTO DE LA VACANTE DEL LEGISLADOR. (REF. S. 163/24).	15/2026	26/03/2026 -	TERENZI, EDITH ELIZABETH -	DE ASUNTOS CONSTITUCIONALES				
S	300	2026	PD	"SCHNEIDER: PROYECTO DE DECLARACIÓN QUE EXPRESA BENEPLACITO POR LA REALIZACION DE LA ""BIENAL INTERNACIONAL DE ESCULTURA DEL CHACO EDICION 2026"", A REALIZARSE EN LA CDAD. DE RESISTENCIA, PROV. DEL CHACO, DEL 17 AL 26 DE JULIO."	15/2026	26/03/2026 -	SCHNEIDER, SILVANA LORENA -	DE EDUCACIÓN Y CULTURA				
S	299	2026	PL	"TERENZI: REPRODUCE PROYECTO DE LEY QUE INSTITUYE EL 25 DE SEPTIEMBRE DE CADA AÑO, COMO ""DIA NACIONAL DE LA BALLENA FRANCA AUSTRAL"" (REF. S. 2024/24)."	15/2026	26/03/2026 -	TERENZI, EDITH ELIZABETH -	DE AMBIENTE Y DESARROLLO SUSTENTABLE	DE EDUCACIÓN Y CULTURA			
S	298	2026	PL	"TERENZI: REPRODUCE PROYECTO DE LEY QUE DECLARA A LA LOC. DE PUERTO PIRÁMIDES, PROV. DEL CHUBUT, ""CAPITAL NACIONAL DE LA BALLENA FRANCA AUSTRAL"" (REF. S. 748/24)."	14/2026	26/03/2026 -	TERENZI, EDITH ELIZABETH -	DE AMBIENTE Y DESARROLLO SUSTENTABLE				
S	297	2026	PL	TERENZI: REPRODUCE PROYECTO DE LEY DE MARCO REGULATORIO PARA LA INDUSTRIA DEL HIDROGENO DE ORIGEN RENOVABLE Y DE BAJAS EMISIONES Y SUS DERIVADOS (REF. S. 1714/24).	14/2026	26/03/2026 -	TERENZI, EDITH ELIZABETH -	DE MINERÍA, ENERGÍA Y COMBUSTIBLES	DE AMBIENTE Y DESARROLLO SUSTENTABLE	DE JUSTICIA Y ASUNTOS PENALES	DE PRESUPUESTO Y HACIENDA	
S	295	2026	PL	CAPITANICH: PROYECTO DE LEY QUE ESTABLECE UN REGIMEN DE ADMINISTRACION VIAL Y EQUIDAD TERRITORIAL.	14/2026	26/03/2026 -	CAPITANICH, JORGE MILTON -	DE LEGISLACIÓN GENERAL	DE INFRAESTRUCTURA, VIVIENDA Y TRANSPORTE	DE PRESUPUESTO Y HACIENDA		
S	294	2026	PD	CAPITANICH: PROYECTO DE DECLARACION QUE DECLARA DE INTERES EL ANIVERSARIO DEL FALLECIMIENTO DEL PAPA FRANCISCO, EL 21 DE ABRIL DE 2025.	14/2026	26/03/2026 -	CAPITANICH, JORGE MILTON -	DE RELACIONES EXTERIORES Y CULTO				
S	293	2026	PL	CAPITANICH: PROYECTO DE LEY QUE INCORPORA EL ART. 95 BIS DE SU SIMILAR 24.156 RESPECTO DEL MARCO NORMATIVO COMPLEMENTARIO DEL SISTEMA DE CONTABILIDAD GUBERNAMENTAL.	14/2026	26/03/2026 -	CAPITANICH, JORGE MILTON -	DE ASUNTOS CONSTITUCIONALES				
S	292	2026	PL	CAPITANICH: PROYECTO DE LEY QUE MODIFICA EL CODIGO PENAL DE LA NACION RESPECTO A LA RESPONSABILIDAD DE FUNCIONARIOS PUBLICOS POR ACTIVIDAD DIGITAL.	14/2026	26/03/2026 -	CAPITANICH, JORGE MILTON -	DE JUSTICIA Y ASUNTOS PENALES				
S	290	2026	PD	"ROJAS DECUT: PROYECTO DE DECLARACION QUE ADHIERE A LA CONMEMORACIÓN DEL ""DÍA MUNDIAL DEL CLIMA, EL 26 DE MARZO DE CADA AÑO."	14/2026	26/03/2026 -	ROJAS DECUT, SONIA ELIZABETH -	DE AMBIENTE Y DESARROLLO SUSTENTABLE				
S	289	2026	PL	CAPITANICH: PROYECTO LEY QUE ESTABLECE UN SISTEMA DE PROCEDIMIENTOS SOBRE MECANISMOS DE APROBACION E IMPLEMENTACION DE TRATADOS COMERCIALES.	14/2026	26/03/2026 -	CAPITANICH, JORGE MILTON -	DE RELACIONES EXTERIORES Y CULTO	DE ASUNTOS CONSTITUCIONALES	DE PRESUPUESTO Y HACIENDA		
S	288	2026	PC	AVILA: PROYECTO DE COMUNICACIÓN QUE SOLICITA INFORMES SOBRE LA FINALIZACION DEL PROGRAMA VOLVER AL TRABAJO.	14/2026	26/03/2026 -	AVILA, BEATRIZ LUISA -	DE POBLACIÓN Y DESARROLLO  HUMANO				
S	287	2026	PD	CAPITANICH: PROYECTO DE DECLARACIÓN QUE DECLARA DE INTERÉS EL ANIVERSARIO DE LA CDAD. DE BARRANQUERAS, PROV. DEL CHACO, EL 6 DE ABRIL DE 2026.	14/2026	25/03/2026 -	CAPITANICH, JORGE MILTON -	DE ASUNTOS ADMINISTRATIVOS Y MUNICIPALES				
S	286	2026	PD	"CAPITANICH: PROYECTO DE DECLARACIÓN QUE EXPRESA BENEPLACITO POR LA PUBLICACION DEL LIBRO ""A FLOWER TRAVELED IN MY BLOOD"" THE INCREDIBLE TRUE STORY OF THE GRANDMOTHERS WHO FOUGHT TO FIND A STOLEN GENERATION OF CHILDREN, DE LA PERIODISTA HALEY COHEN GILLIAND, EL 21 DE MARZO DE 2026."	14/2026	25/03/2026 -	CAPITANICH, JORGE MILTON -	DE EDUCACIÓN Y CULTURA				
S	285	2026	PD	"CAPITANICH: PROYECTO DE DECLARACIÓN QUE EXPRESA BENEPLACITO POR LA PUBLICACION DEL LIBRO ""TE VOY A CONTAR QUIEN SOY, HISTORIAS DE ABUELAS, HIJOS, NIETOS Y BISNIETOS"", DE LA AUTORA MARCELA BUBLIK."	14/2026	25/03/2026 -	CAPITANICH, JORGE MILTON -	DE EDUCACIÓN Y CULTURA				
S	284	2026	PL	ROYON Y OTROS: PROYECTO DE LEY QUE DEROGA EL TITULO II DE SU SIMILAR 27.802 - MODERNIZACION LABORAL.	14/2026	25/03/2026 -	ROYON, FLAVIA GABRIELA - MOISES, MARÍA CAROLINA - VIGO, ALEJANDRA MARÍA - DI TULLIO, JULIANA - RECALDE, MARIANO -	DE TRABAJO Y PREVISIÓN SOCIAL	DE PRESUPUESTO Y HACIENDA			
S	283	2026	PL	LOSADA: PROYECTO DE LEY QUE MODIFICA EL ART. 600 Y 611 DEL CODIGO CIVIL Y COMERCIAL DE LA NACION, RESPECTO DE GARANTIZAR EL DERECHO A LA ADOPCION DE FAMILIAS DE GUARDA SIN PARENTESCO.	14/2026	25/03/2026 -	LOSADA, CAROLINA -	DE LEGISLACIÓN GENERAL				
S	282	2026	PD	"CRISTINA: PROYECTO DE DECLARACIÓN QUE EXPRESA BENEPLACITO POR EL 83° ANIVERSARIO DE LA LOC. DE ""ALTO RIO SENGUER"", EN LA PROV. DEL CHUBUT, EL 1 DE ABRIL DE 2026."	14/2026	25/03/2026 -	CRISTINA, ANDREA MARCELA -	DE ASUNTOS ADMINISTRATIVOS Y MUNICIPALES				
S	281	2026	PD	VISCHI: PROYECTO DE DECLARACION QUE DECLARA DE INTERES EL ACTO CENTRAL PROVINCIAL DE VIGILIA PARA CONMEMORAR EL 44° ANIVERSARIO DE LA GESTA DE MALVINAS Y EL DIA DE LOS VETERANOS CAIDOS EN LA GUERRA DE MALVINAS, A REALIZARSE EN LA CDAD DE ITUZAINGO, PROV. DE CORRIENTES, EL 1 DE ABRIL DE 2026.	14/2026	25/03/2026 -	VISCHI, EDUARDO ALEJANDRO - VALENZUELA, MERCEDES GABRIELA -	DE RELACIONES EXTERIORES Y CULTO				
S	280	2026	PL	VISCHI Y VALENZUELA: REPRODUCE PROYECTO DE LEY QUE CREA REGIMEN DE GESTION DE INTERESES, EN EL AMBITO DEL PODER EJECUTIVO Y LEGISLATIVO. (REF. S.1328-24).	14/2026	25/03/2026 -	VISCHI, EDUARDO ALEJANDRO - VALENZUELA, MERCEDES GABRIELA -	DE ASUNTOS CONSTITUCIONALES	DE JUSTICIA Y ASUNTOS PENALES	DE PRESUPUESTO Y HACIENDA		
S	279	2026	PL	VISCHI: REPRODUCE PROYECTO DE LEY QUE ESTABLECE EL REGIMEN DE MOVILIZACION DE MERCADERIAS MEDIANTE TRANSPORTE INTERMODAL (REF. S.2238/24).	14/2026	25/03/2026 -	VISCHI, EDUARDO ALEJANDRO -	DE INFRAESTRUCTURA, VIVIENDA Y TRANSPORTE	DE PRESUPUESTO Y HACIENDA			
S	278	2026	PL	VISCHI: REPRODUCE PROYECTO DE LEY DE FORTALECIMIENTO DE LA JUSTICIA CON COMPETENCIA EXCLUSIVA EN FAMILIA, NIÑEZ Y CAPACIDAD DE LAS PERSONAS (REF. 688/24).	14/2026	25/03/2026 -	VISCHI, EDUARDO ALEJANDRO -	DE JUSTICIA Y ASUNTOS PENALES	DE PRESUPUESTO Y HACIENDA			
S	277	2026	PL	VISCHI Y OTRAS: REPRODUCE PROYECTO DE LEY QUE CREA JUZGADOS NACIONALES DE PRIMERA INSTANCIA CON COMPETENCIA ESPECIFICA EN MATERIA FEDERAL ELECTORAL (REF. S. 1575/24).	14/2026	25/03/2026 -	VISCHI, EDUARDO ALEJANDRO - TERENZI, EDITH ELIZABETH - VALENZUELA, MERCEDES GABRIELA -	DE JUSTICIA Y ASUNTOS PENALES	DE PRESUPUESTO Y HACIENDA			
S	276	2026	PD	MARKS: PROYECTO DE DECLARACION QUE DECLARA DE INTERES EL ENCUENTRO REGIONAL PLURINACIONAL DE MUJERES LESBIANAS, TRAVESTI-TRANS, BISEXUALES, NO BINARIES, QUEER+, INTERSEX Y NIÑECES, A REALIZARSE EN INGENIERO JACOBACCI, PROV. DE RIO NEGRO, EL 25 Y 26 DE ABRIL DE 2026.	13/2026	25/03/2026 -	MARKS, ANA INÉS -	BANCA DE LA MUJER				
S	275	2026	PD	OLIVERA LUCERO: PROYECTO DE DECLARACION QUE RECONOCE A LA EMPRESA GHM SATELITAL POR LOS APORTES EN INFRAESTRUCTURA TECNOLOGICA REALIZADOS EN EL PASO INTERNACIONAL AGUA NEGRA, QUE CONECTA LA REPUBLICA ARGENTINA Y LA REPUBLICA DE CHILE.	13/2026	25/03/2026 -	OLIVERA LUCERO, BRUNO ANTONIO -	DE CIENCIA Y TECNOLOGÍA				
S	274	2026	PD	"ARCE: PROYECTO DE DECLARACIÓN QUE DECLARA DE INTERÉS LAS JORNADAS ""OBESIDAD, ENFERMEDAD CRÓNICA: DE LA REALIDAD A LA ACCIÓN"" A REALIZARSE EN EL HOSPITAL ESCUELA DE AGUDOS ""DR. RAMÓN MADARIAGA"" DE LA CDAD. DE POSADAS, PROV. DE MISIONES, EL 10 DE ABRIL DE 2026."	13/2026	20/03/2026 -	ARCE, CARLOS OMAR -	DE SALUD				
S	273	2026	PL	SORIA Y OTROS: PROYECTO DE LEY SOBRE REGIMEN PENAL DE PROTECCION AL BOSQUE NATIVO.	13/2026	20/03/2026 -	SORIA, MARTIN IGNACIO - MARKS, ANA INÉS - LINARES, CARLOS ALBERTO - LÓPEZ, CÁNDIDA CRISTINA - KIRCHNER, ALICIA MARGARITA ANTONIA - BAHL, ADÁN HUMBERTO -	DE JUSTICIA Y ASUNTOS PENALES	DE AMBIENTE Y DESARROLLO SUSTENTABLE			
S	272	2026	PD	"LOPEZ C. Y OTRAS: PROYECTO DE DECLARACIÓN QUE DECLARA DE INTERES LA 42° EDICION DE LA COMPETENCIA MOTOCICLISTA ""VUELTA A LA TIERRA DEL FUEGO"", A REALIZARSE EN LA PROV. DE TIERRA DEL FUEGO, ANTARTIDA E ISLAS DEL ATLANTICO SUR, DEL 3 AL 5 DE ABRIL DE 2026."	13/2026	20/03/2026 -	LÓPEZ, CÁNDIDA CRISTINA - GONZÁLEZ, MARÍA TERESA MARGARITA - MARKS, ANA INÉS -	DE DEPORTE				
S	271	2026	PL	CAPITANICH: PROYECTO DE LEY QUE ESTABLECE UN REGIMEN DE DESENDEUDAMIENTO DE LAS FAMILIAS ARGENTINAS (LEY RED).	13/2026	20/03/2026 -	CAPITANICH, JORGE MILTON -	DE LEGISLACIÓN GENERAL	DE PRESUPUESTO Y HACIENDA	DE ECONOMÍA NACIONAL E INVERSIÓN		
S	269	2026	PD	"SORIA Y OTROS: PROYECTO DE DECLARACIÓN QUE EXPRESA BENEPLÁCITO POR LA IDENTIFICACIÓN DE DOCE VÍCTIMAS DETENIDAS DESAPARECIDAS EN EL EX CENTRO CLANDESTINO DE DETENCIÓN, TORTURA Y EXTERMINIO ""LA PERLA"", EN LA PROV. DE CÓRDOBA, DURANTE LA ÚLTIMA DICTADURA CÍVICO MILITAR."	13/2026	19/03/2026 -	SORIA, MARTIN IGNACIO - RECALDE, MARIANO - CORPACCI, LUCÍA BENIGNA - KIRCHNER, ALICIA MARGARITA ANTONIA - LINARES, CARLOS ALBERTO - FERNÁNDEZ SAGASTI, ANABEL - LÓPEZ, CÁNDIDA CRISTINA - CAPITANICH, JORGE MILTON - GONZÁLEZ, MARÍA TERESA MARGARITA - NEDER, JOSÉ EMILIO - DE PEDRO, EDUARDO ENRIQUE - BAHL, ADÁN HUMBERTO -	DE DERECHOS Y GARANTÍAS				
S	268	2026	PL	"VALENZUELA: PROYECTO DE LEY QUE RECONOCE A LA ""PEREGRINACIÓN DE SAN LUIS DEL PALMAR A ITATÍ"", QUE SE REALIZA EN LA PROV. DE CORRIENTES, DEL 13 AL 18 DE JULIO DE CADA AÑO, COMO PATRIMONIO CULTURAL ARGENTINO EN LOS TERMINOS DE SU SIMILAR 26.118, -CONVENCIONES -."	13/2026	19/03/2026 -	VALENZUELA, MERCEDES GABRIELA -	DE EDUCACIÓN Y CULTURA				
S	267	2026	PR	ZAMORA: PROYECTO DE RESOLUCION QUE CREA LA COMISION ESPECIAL DE SEGUIMIENTO, MONITOREO Y COORDINACION FEDERAL DEL ACUERDO INTERINO DE COMERCIO MERCOSUR - UE.	13/2026	19/03/2026 -	ZAMORA, GERARDO -	DE ASUNTOS CONSTITUCIONALES	DE PRESUPUESTO Y HACIENDA			
S	266	2026	PC	LEWANDOWSKI: PROYECTO DE COMUNICACIÓN QUE SOLICITA INFORME SOBRE DIVERSOS PUNTOS RELACIONADOS CON EL CUMPLIMIENTO DE LOS HORARIOS DEL TRANSPORTE PÚBLICO DE PASAJEROS DE LARGA DISTANCIA ENTRE LA CIUDAD AUTÓNOMA DE BUENOS AIRES Y LA CDAD. DE ROSARIO, PROV. DE SANTA FE.	13/2026	19/03/2026 -	LEWANDOWSKI, MARCELO NÉSTOR -	DE INFRAESTRUCTURA, VIVIENDA Y TRANSPORTE				
S	265	2026	PL	LEWANDOWSKI: PROYECTO DE LEY QUE MODIFICA SU SIMILAR 24.013                -EMPLEO-, RESPECTO DE GARANTIZAR QUE EL MONTO DEL SALARIO MÍNIMO, VITAL Y MÓVIL SEA SUPERIOR A LA CANASTA BÁSICA TOTAL.	13/2026	19/03/2026 -	LEWANDOWSKI, MARCELO NÉSTOR -	DE TRABAJO Y PREVISIÓN SOCIAL	DE PRESUPUESTO Y HACIENDA			
S	264	2026	PL	LEWANDOWSKI: PROYECTO DE LEY QUE CREA EL RÉGIMEN DE REINTEGROS A SECTORES DE BAJOS INGRESOS.	13/2026	19/03/2026 -	LEWANDOWSKI, MARCELO NÉSTOR -	DE LEGISLACIÓN GENERAL	DE PRESUPUESTO Y HACIENDA	DE TRABAJO Y PREVISIÓN SOCIAL		
S	263	2026	PD	VIGO: PROYECTO DE DECLARACIÓN QUE RECHAZA LA DECISIÓN DE RETIRAR A LA REPÚBLICA ARGENTINA COMO MIEMBRO DE LA ORGANIZACIÓN MUNDIAL DE LA SALUD (OMS).	13/2026	19/03/2026 -	VIGO, ALEJANDRA MARÍA -	DE SALUD				
S	262	2026	PD	GADANO: PROYECTO DE DECLARACIÓN QUE ADHIERE A LA CONMEMORACIÓN DEL 145° ANIVERSARIO DE LA FUNDACIÓN DE LA PREFECTURA NAVAL ARGENTINA PUERTO DESEADO, PROV. DE SANTA CRUZ, EL 3 DE ABRIL DE 2026.	13/2026	19/03/2026 -	GADANO, NATALIA ELENA -	DE SEGURIDAD INTERIOR Y NARCOTRÁFICO				
S	261	2026	PL	CARAMBIA Y GADANO: PROYECTO DE LEY QUE DECLARA CAPITAL NACIONAL DE LAS BALLENAS A LA CIUDAD DE CALETA OLIVIA, PROV. DE SANTA CRUZ.	13/2026	19/03/2026 -	CARAMBIA, JOSÉ MARÍA - GADANO, NATALIA ELENA -	DE AMBIENTE Y DESARROLLO SUSTENTABLE				
S	259	2026	PL	GALARETTO Y OTROS: PROYECTO DE LEY QUE TRANSFIERE A TITULO GRATUITO A FAVOR DE LA MUNICIPALIDAD DE SAN JUSTO EL INMUEBLE PROPIEDAD DEL ESTADO NACIONAL SITO EN LA PROV. DE SANTA FE.	13/2026	19/03/2026 -	GALARETTO, EDUARDO HORACIO - LOSADA, CAROLINA - KRONEBERGER, DANIEL RICARDO -	DE ASUNTOS ADMINISTRATIVOS Y MUNICIPALES				
S	258	2026	PL	GALARETTO Y OTROS: PROYECTO DE LEY QUE TRANSFIERE A TITULO GRATUITO A FAVOR DE LA MUNICIPALIDAD DE SAN JAVIER DIVERSOS INMUEBLES PROPIEDAD DEL ESTADO NACIONAL SITOS EN LA PROV. DE SANTA FE	13/2026	19/03/2026 -	GALARETTO, EDUARDO HORACIO - LOSADA, CAROLINA - KRONEBERGER, DANIEL RICARDO -	DE ASUNTOS ADMINISTRATIVOS Y MUNICIPALES				
S	257	2026	PL	"FAMA: REPRODUCE PROYECTO DE LEY QUE MODIFICA EL CÓDIGO DE MINERÍA, RESPECTO DE INCORPORAR EL TITULO FINAL ""REGIMEN DE CIERRE DE MINAS"" (REF. S. 2248/24)."	13/2026	19/03/2026 -	FAMA, FLAVIO SERGIO - TERENZI, EDITH ELIZABETH -	DE MINERÍA, ENERGÍA Y COMBUSTIBLES	DE AMBIENTE Y DESARROLLO SUSTENTABLE			
S	256	2026	PL	FAMA: REPRODUCE PROYECTO DE LEY SOBRE ETIQUETADO DE BEBIDAS ALCOHÓLICAS RESPECTO DE SU CONTENIDO CALÓRICO (REF. S. 1288/24).	13/2026	19/03/2026 -	FAMA, FLAVIO SERGIO -	DE SALUD	DE INDUSTRIA Y COMERCIO			
S	255	2026	PL	FAMA: REPRODUCE PROYECTO DE LEY QUE MODIFICA SU SIMILAR 26.206 -EDUCACION NACIONAL-  RESPECTO DE PROMOVER EL DESARROLLO DE LA EDUCACION EMOCIONAL. (REF. S. 752/22)	13/2026	19/03/2026 -	FAMA, FLAVIO SERGIO -	DE EDUCACIÓN Y CULTURA				
S	254	2026	PL	FAMA: REPRODUCE PROYECTO DE LEY QUE ESTABLECE EL MARCO JURIDICO PARA EL DESARROLLO, COMERCIALIZACION, DISTRIBUCION Y UTILIZACION DE LOS SISTEMAS DE INTELIGENCIA ARTIFICIAL (REF. S 2285/24).	12/2026	19/03/2026 -	FAMA, FLAVIO SERGIO -	DE LEGISLACIÓN GENERAL	DE CIENCIA Y TECNOLOGÍA	DE JUSTICIA Y ASUNTOS PENALES		
S	253	2026	PD	MENDOZA Y OTROS: PROYECTO DE DECLARACION QUE ADHIERE A LA CONMEMORACION DEL DIA MUNDIAL DE LA ENDOMETRIOSIS, EL 14 DE MARZO DE CADA AÑO.	12/2026	19/03/2026 -	MENDOZA, SANDRA MARIELA - ANDRADA, GUILLERMO EDUARDO - MOISES, MARÍA CAROLINA -	DE SALUD				
S	252	2026	PL	MENDOZA Y MANZUR: PROYECTO DE LEY QUE DECLARA HEROE NACIONAL A DON BERNABE ARAOZ.	12/2026	19/03/2026 -	MENDOZA, SANDRA MARIELA - MANZUR, JUAN LUIS -	DE DEFENSA NACIONAL				
S	251	2026	PL	GALARETTO Y OTROS: PROYECTO DE LEY QUE PROMUEVE EL ENFOQUE INTERCULTURAL EN EL SISTEMA DE SALUD.	12/2026	19/03/2026 -	GALARETTO, EDUARDO HORACIO - VALENZUELA, MERCEDES GABRIELA - KRONEBERGER, DANIEL RICARDO -	DE SALUD				
S	250	2026	PL	SORIA Y OTROS: PROYECTO DE LEY QUE DECLARA LA EMERGENCIA VIAL EN EL PUENTE QUE VINCULA LAS PROVINCIAS DE LA PAMPA Y RIO NEGRO SOBRE LA RUTA 22.	12/2026	19/03/2026 -	SORIA, MARTIN IGNACIO - MARKS, ANA INÉS - BENSUSÁN, DANIEL PABLO -	DE INFRAESTRUCTURA, VIVIENDA Y TRANSPORTE	DE PRESUPUESTO Y HACIENDA			
S	249	2026	PD	REJAL Y SALINO: PROYECTO DE DECLARACIÓN QUE EXPRESA PREOCUPACION Y REPUDIA EL CIERRE OPERATIVO DE AGENCIAS REGIONALES DE DIVERSAS CIUDADES, DISPUESTO POR EL BANCO CENTRAL DE LA REP. ARGENTINA.	12/2026	19/03/2026 -	REJAL, JESÚS FERNANDO - SALINO, FERNANDO ALDO -	DE ECONOMÍA NACIONAL E INVERSIÓN				
S	248	2026	PL	CAPITANICH: PROYECTO DE LEY QUE CREA JUZGADOS FEDERALES ELECTORALES DE PRIMERA INSTANCIA EN CABA Y EN CADA UNA DE LAS PROVINCIAS DE LA REP. ARGENTINA.	12/2026	19/03/2026 -	CAPITANICH, JORGE MILTON -	DE JUSTICIA Y ASUNTOS PENALES	DE PRESUPUESTO Y HACIENDA			
S	247	2026	PL	CAPITANICH Y BAHL: PROYECTO DE LEY QUE ESTABLECE UN REGIMEN DE PROMOCION DE LA AUTONOMIA ENERGETICA PARA EL ENTRAMADO MIPYME.	12/2026	19/03/2026 -	CAPITANICH, JORGE MILTON - BAHL, ADÁN HUMBERTO -	DE MINERÍA, ENERGÍA Y COMBUSTIBLES	DE ECONOMÍAS REGIONALES, ECONOMÍA SOCIAL, MICRO, PEQUEÑA Y MEDIANA EMPRESA	DE PRESUPUESTO Y HACIENDA		
S	246	2026	PD	"REJAL Y SALINO: PROYECTO DE DECLARACIÓN QUE RECHAZA Y REPUDIA LA FINALIZACION DEL PROGRAMA ""VOLVER AL TRABAJO"" POR PARTE DEL MINISTERIO DE CAPITAL HUMANO, SUSTITUYÉNDOLO POR UN SISTEMA DE VOUCHERS DE CAPACITACIÓN."	12/2026	18/03/2026 -	REJAL, JESÚS FERNANDO - SALINO, FERNANDO ALDO -	DE POBLACIÓN Y DESARROLLO  HUMANO				
S	245	2026	PL	VIGO: REPRODUCE PROYECTO DE LEY SOBRE EQUILIBRIO DE GÉNERO EN LA CORTE SUPREMA DE JUSTICIA Y LOS TRIBUNALES FEDERALES COLEGIADOS DE JUSTICIA DE TODO EL PAÍS (REF. S. 437/24).	12/2026	18/03/2026 -	VIGO, ALEJANDRA MARÍA -	DE ASUNTOS CONSTITUCIONALES	DE JUSTICIA Y ASUNTOS PENALES			
S	244	2026	PD	ABDALA: PROYECTO DE DECLARACIÓN QUE EXPRESA BENEPLÁCITO POR EL ANIVERSARIO DE LA FUNDACIÓN DE LA LOC. DE SAN JOSE DEL MORRO, PROV. DE SAN LUIS EL 18 DE MARZO DE 2026.	12/2026	18/03/2026 -	ABDALA, BARTOLOMÉ ESTEBAN -	DE ASUNTOS ADMINISTRATIVOS Y MUNICIPALES				
S	243	2026	PD	ABDALA: PROYECTO DE DECLARACIÓN QUE EXPRESA BENEPLÁCITO POR EL ANIVERSARIO DE LA FUNDACIÓN DE LA LOC. DE JUSTO DARACT, PROV. DE SAN LUIS, EL 10 DE MARZO DE 2026.	12/2026	18/03/2026 -	ABDALA, BARTOLOMÉ ESTEBAN -	DE ASUNTOS ADMINISTRATIVOS Y MUNICIPALES				
S	242	2026	PD	SCHNEIDER: PROYECTO DE DECLARACIÓN QUE EXPRESA BENEPLÁCITO POR EL 100° ANIVERSARIO DE LA ESCUELA DE EDUCACION PRIMARIA N°131 ADOLFO GALVALIZ, DE LA LOC. DE PRESIDENCIA DE LA PLAZA, PROV. DEL CHACO, EL 28 DE MARZO DE 2026.	12/2026	18/03/2026 -	SCHNEIDER, SILVANA LORENA -	DE EDUCACIÓN Y CULTURA				
S	228	2026	PL	REJAL Y OTROS: REPRODUCE PROYECTO DE LEY QUE CREA LA CAMARA FEDERAL DE APELACIONES LA RIOJA - CATAMARCA (REF. S. 1772/24)	12/2026	18/03/2026 -	REJAL, JESÚS FERNANDO - LÓPEZ, MARÍA FLORENCIA - ANDRADA, GUILLERMO EDUARDO - CORPACCI, LUCÍA BENIGNA -	DE JUSTICIA Y ASUNTOS PENALES	DE PRESUPUESTO Y HACIENDA			
S	227	2026	PD	"ABAD: PROYECTO DE DECLARACION QUE DECLARA DE INTERÉS LA 6° EDICION DE LA CAMINATA ""CAMINEMOS JUNTOS"" Y LA 3° EDICIÓN DE LA CARRERA 5K Y 10K ""PREVENIR ES LA CLAVE"", A REALIZARSE EN LA CDAD. DE MAR DEL PLATA, EL 29 DE MARZO DE 2026."	12/2026	18/03/2026 -	ABAD, MAXIMILIANO -	DE DEPORTE				
S	226	2026	PD	CAPITANICH Y OTROS: PROYECTO DE DECLARACION QUE DECLARA DE INTERES LA CONMEMORACION DEL DÍA DEL VETERANO Y DE LOS CAÍDOS EN LA GUERRA DE MALVINAS EL 2 DE ABRIL DE 2026.	12/2026	18/03/2026 -	CAPITANICH, JORGE MILTON - BAHL, ADÁN HUMBERTO - GONZÁLEZ, MARÍA TERESA MARGARITA -	DE RELACIONES EXTERIORES Y CULTO				
S	225	2026	PC	GIMENEZ NAVARRO: PROYECTO DE COMUNICACIÓN QUE SOLICITA INFORME SOBRE DIVERSOS PUNTOS RELACIONADOS CON LA RESOLUCION ENRE Nº 79/2026, QUE OTORGA ACCESO PRIORITARIO Y CAPACIDAD DE TRANSPORTE ELECTRICO A VICUÑA ARGENTINA S.A. EN EL CORREDOR NUEVA SAN JUAN - RODEO (LINEA DE 500 KV)	12/2026	17/03/2026 -	GIMÉNEZ NAVARRO, MARÍA CELESTE -	DE MINERÍA, ENERGÍA Y COMBUSTIBLES				
S	224	2026	PL	CAPITANICH Y BAHL: PROYECTO DE LEY QUE CREA EL PLAN NACIONAL DE JORNADA EXTENDIDA DIGITAL (JED)	12/2026	17/03/2026 -	CAPITANICH, JORGE MILTON - BAHL, ADÁN HUMBERTO -	DE EDUCACIÓN Y CULTURA	DE PRESUPUESTO Y HACIENDA	DE SISTEMAS, MEDIOS DE COMUNICACIÓN Y LIBERTAD DE EXPRESIÓN		
S	223	2026	PL	CAPITANICH Y BAHL: PROYECTO DE LEY QUE TRANSFIERE A TITULO GRATUITO A LA ASOCIACION DE FUTBOL ARGENTINO (AFA), EL DOMINIO DE DIVERSOS INMUEBLES PROPIEDAD DEL ESTADO NACIONAL, UBICADO EN EL CENTRO RECREATIVO NACIONAL, PROV. DE BS. AS.	12/2026	17/03/2026 -	CAPITANICH, JORGE MILTON - BAHL, ADÁN HUMBERTO -	DE ASUNTOS ADMINISTRATIVOS Y MUNICIPALES				
S	222	2026	PL	CAPITANICH: PROYECTO DE LEY DE INTEGRIDAD DIGITAL.	11/2026	17/03/2026 -	CAPITANICH, JORGE MILTON - KIRCHNER, ALICIA MARGARITA ANTONIA -	DE LEGISLACIÓN GENERAL	DE ASUNTOS CONSTITUCIONALES	DE SISTEMAS, MEDIOS DE COMUNICACIÓN Y LIBERTAD DE EXPRESIÓN	DE JUSTICIA Y ASUNTOS PENALES	
S	221	2026	PL	CAPITANICH: PROYECTO DE LEY DE INTEGRIDAD Y SIMPLIFICACIÓN ELECTORAL QUE REFORMA EL CÓDIGO ELECTORAL NACIONAL Y CREA EL SISTEMA FEDERAL DE ESTÁNDARES ELECTORALES.	11/2026	17/03/2026 -	CAPITANICH, JORGE MILTON -	DE ASUNTOS CONSTITUCIONALES	DE JUSTICIA Y ASUNTOS PENALES			
S	220	2026	PL	CAPITANICH Y BAHL: PROYECTO DE LEY SOBRE PRODUCCION NACIONAL EN PLATAFORMAS AUDIOVISUALES.	11/2026	17/03/2026 -	CAPITANICH, JORGE MILTON - BAHL, ADÁN HUMBERTO -	DE SISTEMAS, MEDIOS DE COMUNICACIÓN Y LIBERTAD DE EXPRESIÓN	DE JUSTICIA Y ASUNTOS PENALES	DE PRESUPUESTO Y HACIENDA		
S	219	2026	PL	CAPITANICH Y BAHL: PROYECTO DE LEY QUE DECLARA LA EMERGENCIA PRODUCTIVA, FISCAL, LABORAL, FINANCIERA Y TARIFARIA DE LAS MICRO, PEQUEÑAS Y MEDIANAS EMPRESAS DE LA REPUBLICA ARGENTINA.	11/2026	17/03/2026 -	CAPITANICH, JORGE MILTON - BAHL, ADÁN HUMBERTO -	DE PRESUPUESTO Y HACIENDA	DE ECONOMÍAS REGIONALES, ECONOMÍA SOCIAL, MICRO, PEQUEÑA Y MEDIANA EMPRESA			
S	218	2026	PL	CAPITANICH Y OTROS: PROYECTO DE LEY QUE DECLARA BIEN DE INTERES ARTISTICO NACIONAL, EL CONJUNTO DE ESCULTURAS QUE SE ENCUENTRAN EN EXPOSICIÓN EN DISTINTOS LUGARES PÚBLICOS DE LA CIUDAD DE RESISTENCIA, PROV. DEL CHACO.	11/2026	17/03/2026 -	CAPITANICH, JORGE MILTON - BAHL, ADÁN HUMBERTO - GONZÁLEZ, MARÍA TERESA MARGARITA -	DE EDUCACIÓN Y CULTURA				
S	217	2026	PL	CAPITANICH Y BAHL: PROYECTO DE LEY RESPECTO DE LA RECONSTRUCCION ESTRATEGICA DEL INTI Y PLAN DE INDUSTRIALIZACION 2035	11/2026	17/03/2026 -	CAPITANICH, JORGE MILTON - BAHL, ADÁN HUMBERTO -	DE CIENCIA Y TECNOLOGÍA	DE PRESUPUESTO Y HACIENDA	DE INDUSTRIA Y COMERCIO		
S	216	2026	PL	LOSADA: PROYECTO DE LEY SOBRE INHABILITACIÓN DE PERSONAS FÍSICAS PARA SER CANDIDATOS A OCUPAR CARGOS PUBLICOS ELECTIVOS A NIVEL NACIONAL, CUANDO HAN SIDO CONDENADOS EN SEDE PENAL POR DELITOS DOLOSOS, AUN SIN EXISTIR UNA SENTENCIA FIRME	11/2026	17/03/2026 -	LOSADA, CAROLINA -	DE ASUNTOS CONSTITUCIONALES	DE JUSTICIA Y ASUNTOS PENALES			
S	215	2026	PD	"FULLONE: PROYECTO DE DECLARACIÓN QUE DECLARA DE INTERÉS EL EMPRENDIMIENTO APÍCOLA ""LA REINA DEL VALLE"", EN LA LOC. DE LAMARQUE, PROV. DE RIO NEGRO."	11/2026	17/03/2026 -	FULLONE, ENZO PAOLO - GODOY, JUAN CRUZ - ALMEIDA, ROMINA MARÍA -	DE AGRICULTURA, GANADERÍA Y PESCA				
S	214	2026	PD	FULLONE Y JUEZ: PROYECTO DE DECLARACIÓN QUE DECLARA DE INTERES LA LABOR EDUCATIVA, TECNOLOGICA Y DE INNOVACION DESARROLLADA POR LA ESCUELA PRODIGY, CON SEDES EN DIVERSAS LOCALIDADES DE LAS PROVINCIAS DE RIO NEGRO Y NEUQUEN.	11/2026	17/03/2026 -	FULLONE, ENZO PAOLO - JUEZ, LUIS ALFREDO - ALMEIDA, ROMINA MARÍA -	DE EDUCACIÓN Y CULTURA				
S	213	2026	PD	FULLONE: PROYECTO DE DECLARACIÓN QUE DECLARA DE INTERES LA TRAYECTORIA ARTISTICA DEL MURALISTA Y TATUADOR RIONEGRINO, JUAN MARTIN KUNISCH.	11/2026	17/03/2026 -	FULLONE, ENZO PAOLO - ALMEIDA, ROMINA MARÍA -	DE EDUCACIÓN Y CULTURA				
S	212	2026	PL	ROYON: PROYECTO DE LEY QUE MODIFICA EL ART. 49 DE SU SIMILAR 24.051 - RESIDUOS PELIGROSOS- RESPECTO DE LA ACTUALIZACION DE MULTAS	11/2026	17/03/2026 -	ROYON, FLAVIA GABRIELA -	DE AMBIENTE Y DESARROLLO SUSTENTABLE				
S	211	2026	PL	ROYON: PROYECTO DE LEY SOBRE MARCO REGULATORIO DE LOS FONDOS FIDUCIARIOS PUBLICOS.	11/2026	17/03/2026 -	ROYON, FLAVIA GABRIELA -	DE PRESUPUESTO Y HACIENDA	DE ASUNTOS ADMINISTRATIVOS Y MUNICIPALES			
S	210	2026	PD	MONTE DE OCA Y COTO: PROYECTO DE DECLARACIÓN QUE ADHIERE AL DIA DEL VETERANO Y DE LOS CAIDOS EN LA GUERRA DE MALVINAS, EL 2 DE ABRIL DE CADA AÑO.	11/2026	17/03/2026 -	MONTE DE OCA, MARÍA BELÉN - COTO, AGUSTÍN PEDRO -	DE RELACIONES EXTERIORES Y CULTO				
S	209	2026	PD	"MONTE DE OCA: PROYECTO DE DECLARACIÓN QUE EXPRESA BENEPLÁCITO POR LA REALIZACIÓN DEL PRIMER VUELO PRIVADO ARGENTINO HACIA LA ANTÁRTIDA DENOMINADO ""ANTÁRTICO PETREL 01"", EL 12 DE FEBRERO DE 2026."	11/2026	17/03/2026 -	MONTE DE OCA, MARÍA BELÉN -	DE INFRAESTRUCTURA, VIVIENDA Y TRANSPORTE				
S	208	2026	PD	FERNÁNDEZ SAGASTI: PROYECTO DE DECLARACIÓN QUE DECLARA DE INTERÉS A LA CARRERA DE ESPECIALIZACIÓN EN DERECHO NUCLEAR, EN EL MARCO DEL ACUERDO DE ASOCIACIÓN SUSCRIPTO ENTRE LA FACULTAD DE DERECHO DE LA UNIVERSIDAD DE BUENOS AIRES Y EL ORGANISMO INTERNACIONAL DE ENERGÍA ATÓMICA (OIEA).	11/2026	16/03/2026 -	FERNÁNDEZ SAGASTI, ANABEL -	DE CIENCIA Y TECNOLOGÍA				
S	207	2026	PD	"FERNÁNDEZ SAGASTI: PROYECTO DE DECLARACIÓN QUE DECLARA DE INTERÉS EL LIBRO ""PLAN CÓNDOR. VIEJOS SECRETOS Y NUEVOS HALLAZGOS"", DE AUTORÍA DE FRANCESCA LESSA Y SEBASTIÁN SANTANA CAMARGO."	11/2026	16/03/2026 -	FERNÁNDEZ SAGASTI, ANABEL -	DE EDUCACIÓN Y CULTURA				
S	206	2026	PL	FERNÁNDEZ SAGASTI: REPRODUCE PROYECTO DE LEY QUE PRORROGA EL PLAZO DEL ART. 33 DE LA LEY 21.499 (EXPROPIACIONES) PARA PROMOVER EL JUICIO DE EXPROPIACION EN RELACION, UNICA Y EXCLUSIVAMENTE, A LA DECLARACION DE UTILIDAD PUBLICA Y SUJECION A EXPROPIACION DISPUESTA POR LA LEY 27.695. (REF. S. 1928/24)	11/2026	16/03/2026 -	FERNÁNDEZ SAGASTI, ANABEL -	DE ASUNTOS CONSTITUCIONALES				
S	205	2026	PL	FERNÁNDEZ SAGASTI: REPRODUCE PROYECTO DE LEY INTEGRAL PARA ASEGURAR EL DERECHO ALIMENTARIO DE NIÑAS, NIÑOS Y ADOLESCENTES. (REF. S. 2182/24).	11/2026	16/03/2026 -	FERNÁNDEZ SAGASTI, ANABEL -	DE POBLACIÓN Y DESARROLLO  HUMANO	DE LEGISLACIÓN GENERAL			
S	204	2026	PL	FERNÁNDEZ SAGASTI: REPRODUCE PROYECTO DE LEY ENZO DE CONCIENTIZACION EN PRIMEROS AUXILIOS. (REF. S. 1859/24).	11/2026	16/03/2026 -	FERNÁNDEZ SAGASTI, ANABEL -	DE EDUCACIÓN Y CULTURA	DE SALUD	DE PRESUPUESTO Y HACIENDA		
S	203	2026	PL	FERNÁNDEZ SAGASTI: REPRODUCE PROYECTO DE LEY DE MARCO REGULATORIO DE LOS JUEGOS DE AZAR, APUESTAS EN LINEA, PROHIBICION DE SU PUBLICIDAD, PROMOCION, PATROCINIO, SPONSOREO PARA LA PREVENCION DE LA CIBERLUDOPATIA. (REF. S. 1300/24).	11/2026	16/03/2026 -	FERNÁNDEZ SAGASTI, ANABEL -	DE SALUD	DE LEGISLACIÓN GENERAL	DE JUSTICIA Y ASUNTOS PENALES		
S	202	2026	PL	FERNÁNDEZ SAGASTI: REPRODUCE PROYECTO DE LEY SOBRE EL PROCEDIMIENTO DE RESTITUCIÓN INTERPROVINCIAL DE NIÑAS, NIÑOS Y ADOLESCENTES. (REF. S. 756/24).	10/2026	16/03/2026 -	FERNÁNDEZ SAGASTI, ANABEL -	DE LEGISLACIÓN GENERAL	DE JUSTICIA Y ASUNTOS PENALES	DE POBLACIÓN Y DESARROLLO  HUMANO		
S	201	2026	PL	FERNÁNDEZ SAGASTI: REPRODUCE PROYECTO DE LEY QUE GARANTIZA A LAS PERSONAS CON DISCAPACIDAD EL DERECHO DE ACCESO A LA INFORMACIÓN ADECUADA DE LOS MEDICAMENTOS, PARA SU APROPIADA IDENTIFICACIÓN. (REF. S. 754/24).	10/2026	16/03/2026 -	FERNÁNDEZ SAGASTI, ANABEL -	DE SALUD	DE INDUSTRIA Y COMERCIO	DE JUSTICIA Y ASUNTOS PENALES		
S	200	2026	PL	FERNÁNDEZ SAGASTI: REPRODUCE PROYECTO DE LEY QUE MODIFICA SU SIMILAR 24.449 -LEY DE TRANSITO-, INCORPORANDO EL ART. 68 BIS - LIMITES A LA EXCLUSION DE COBERTURA (REF. S. 753/24).	10/2026	16/03/2026 -	FERNÁNDEZ SAGASTI, ANABEL -	DE INFRAESTRUCTURA, VIVIENDA Y TRANSPORTE				
S	199	2026	PL	"FERNANDEZ SAGASTI: REPRODUCE PROYECTO DE LEY QUE INSTITUYE EL 5 DE SEPTIEMBRE DE CADA AÑO, COMO EL ""DIA NACIONAL DE LA MUJER INDÍGENA"".  (REF. S. 751/24)"	10/2026	16/03/2026 -	FERNÁNDEZ SAGASTI, ANABEL -	BANCA DE LA MUJER				
S	198	2026	PL	FERNANDEZ SAGASTI: REPRODUCE PROYECTO DE LEY QUE MODIFICA SU SIMILAR 20.744 -CONTRATO DE TRABAJO- (T.O 1976) Y S/M, SOBRE REGIMEN DE LICENCIAS ESPECIALES. (REF. S. 747/24)	10/2026	16/03/2026 -	FERNÁNDEZ SAGASTI, ANABEL -	DE TRABAJO Y PREVISIÓN SOCIAL				
S	197	2026	PL	FERNANDEZ SAGASTI: REPRODUCE PROYECTO DE LEY QUE CREA EL PROGRAMA NACIONAL DE EMPLEO MINIMO GARANTIZADO. (REF. S. 746/24)	10/2026	16/03/2026 -	FERNÁNDEZ SAGASTI, ANABEL -	DE TRABAJO Y PREVISIÓN SOCIAL	DE PRESUPUESTO Y HACIENDA			
S	196	2026	PL	FERNANDEZ SAGASTI: REPRODUCE PROYECTO DE LEY QUE MODIFICA EL CODIGO CIVIL Y COMERCIAL DE LA NACION, RESPECTO DE INCORPORAR LA GESTACION POR SUSTITUCION COMO UNA DE LAS TECNICAS DE REPRODUCCION HUMANA ASISTIDA. (REF. S. 745/24)	10/2026	16/03/2026 -	FERNÁNDEZ SAGASTI, ANABEL -	DE LEGISLACIÓN GENERAL	DE SALUD			
S	195	2026	PL	"FERNANDEZ SAGASTI: REPRODUCE PROYECTO DE LEY QUE CREA EL PROGRAMA ""CENTROS DE DIA PARA ADULTOS MAYORES EN SITUACION DE DEPENDENCIA"". (REF. S. 744/24)"	10/2026	16/03/2026 -	FERNÁNDEZ SAGASTI, ANABEL -	DE LEGISLACIÓN GENERAL	DE PRESUPUESTO Y HACIENDA			
S	194	2026	PL	FERNANDEZ SAGASTI: REPRODUCE PROYECTO DE LEY QUE CREA EL PROGRAMA NACIONAL INTEGRADO DE CUIDADOS Y APOYOS A PERSONAS EN SITUACION DE DEPENDENCIA. (REF. S. 743/24)	10/2026	16/03/2026 -	FERNÁNDEZ SAGASTI, ANABEL -	DE LEGISLACIÓN GENERAL	DE PRESUPUESTO Y HACIENDA			
S	193	2026	PL	FERNANDEZ SAGASTI: REPRODUCE PROYECTO DE LEY DE PROTECCION Y PROMOCION DE LOS DERECHOS DE PERSONAS ADULTAS MAYORES. (REF. S. 742/24)	10/2026	16/03/2026 -	FERNÁNDEZ SAGASTI, ANABEL -	DE LEGISLACIÓN GENERAL	DE PRESUPUESTO Y HACIENDA			
S	192	2026	PL	FERNANDEZ SAGASTI: REPRODUCE PROYECTO DE LEY QUE MODIFICA EL ART. 1° DE SU SIMILAR 11.544- JORNADA LEGAL DE TRABAJO- RESPECTO A LA LIMITACION DE LA JORNADA LABORAL. (REF. S. 741/24).	10/2026	16/03/2026 -	FERNÁNDEZ SAGASTI, ANABEL -	DE TRABAJO Y PREVISIÓN SOCIAL				
S	191	2026	PL	FERNANDEZ SAGASTI: REPRODUCE PROYECTO DE LEY QUE INSTITUYE EL 29 DE JUNIO DE CADA AÑO COMO EL DIA NACIONAL DE LA LUCHA CONTRA LA LEUCEMIA. (REF. S. 740/24)	10/2026	16/03/2026 -	FERNÁNDEZ SAGASTI, ANABEL -	DE SALUD	DE EDUCACIÓN Y CULTURA			
S	190	2026	PL	"FERNANDEZ SAGASTI: REPRODUCE PROYECTO DE LEY QUE CREA EL ""PROGRAMA DE JORNADA EDUCATIVA NOCTURNA"". (REF. S. 739/24)"	10/2026	16/03/2026 -	FERNÁNDEZ SAGASTI, ANABEL -	DE EDUCACIÓN Y CULTURA	DE PRESUPUESTO Y HACIENDA			
S	189	2026	PL	FERNANDEZ SAGASTI: REPRODUCE PROYECTO DE LEY SOBRE RESTITUCIÓN DE LEGAJOS PERSONALES A SOBREVIVIENTES, FAMILIARES, HEREDEROS Y/O DERECHOHABIENTES, REPARADOS DE DOCENTES, NO DOCENTES, GRADUADOS Y ALUMNOS VICTIMAS DE LAS DICTADURAS. (REF. S. 738/24)	10/2026	16/03/2026 -	FERNÁNDEZ SAGASTI, ANABEL -	DE EDUCACIÓN Y CULTURA	DE PRESUPUESTO Y HACIENDA			
S	188	2026	PL	FERNANDEZ SAGASTI: REPRODUCE PROYECTO DE LEY SOBRE EXENCIÓN IMPUESTO A LOS DÉBITOS Y LOS CRÉDITOS BANCARIOS A LOS CENTROS DE JUBILADOS. (REF. S. 737/24)	10/2026	16/03/2026 -	FERNÁNDEZ SAGASTI, ANABEL -	DE PRESUPUESTO Y HACIENDA				
S	187	2026	PL	"FERNANDEZ SAGASTI: REPRODUCE PROYECTO DE LEY QUE INSTITUYE EL 21 DE MARZO DE CADA AÑO COMO EL DIA NACIONAL DEL SINDROME DE DOWN. 
(REF. S. 736/24)"	10/2026	16/03/2026 -	FERNÁNDEZ SAGASTI, ANABEL -	DE SALUD	DE EDUCACIÓN Y CULTURA			
S	186	2026	PL	"FERNANDEZ SAGASTI: REPRODUCE PROYECTO DE LEY QUE MODIFICA EL RÉGIMEN DE CONTRATO DE TRABAJO, CENTROS DE DESARROLLO INFANTIL. 
(REF. S. 735/24)"	10/2026	16/03/2026 -	FERNÁNDEZ SAGASTI, ANABEL -	DE TRABAJO Y PREVISIÓN SOCIAL	DE PRESUPUESTO Y HACIENDA			
S	185	2026	PL	"FERNANDEZ SAGASTI: REPRODUCE PROYECTO DE LEY QUE CREA EL PROGRAMA ""CENTROS DE DESARROLLO INFANTIL"" EN LAS REPARTICIONES DEL SECTOR PÚBLICO NACIONAL. (REF. S. 734/24)"	10/2026	16/03/2026 -	FERNÁNDEZ SAGASTI, ANABEL -	DE ASUNTOS ADMINISTRATIVOS Y MUNICIPALES	DE PRESUPUESTO Y HACIENDA			
S	184	2026	PL	FERNANDEZ SAGASTI: REPRODUCE PROYECTO DE LEY DE ACCESIBILIDAD DE BILLETES Y MONEDAS DE CURSO LEGAL. (REF. S. 733/24)	10/2026	16/03/2026 -	FERNÁNDEZ SAGASTI, ANABEL -	DE ECONOMÍA NACIONAL E INVERSIÓN	DE PRESUPUESTO Y HACIENDA			
PE	183	2026	AC	MENSAJE N° 177/26 QUE SOLICITA ACUERDO PARA DESIGNAR JUEZ DE CAMARA DEL TRIBUNAL ORAL EN LO CRIMINAL Y CORRECCIONAL N° 14 DE LA CAPITAL FEDERAL, AL DR. JOSE IGNACIO POLIZZA.	19/2026	19/05/2026 -		DE ACUERDOS				
S	183	2026	PL	FERNANDEZ SAGASTI: REPRODUCE PROYECTO DE LEY DE FORTALECIMIENTO DEL PRINCIPIO DE PUBLICIDAD EN EL SISTEMA DE JUSTICIA PENAL FEDERAL. (REF. S. 732/24).	10/2026	16/03/2026 -	FERNÁNDEZ SAGASTI, ANABEL -	DE JUSTICIA Y ASUNTOS PENALES				
PE	182	2026	AC	MENSAJE N° 176/26 QUE SOLICITA ACUERDO PARA DESIGNAR JUEZA DEL TRIBUNAL FEDERAL DE JUICIO DE COMODORO RIVADAVIA, PROV. DEL CHUBUT, A LA DRA. ANGELA CECILIA PAGANO MATA.	19/2026	19/05/2026 -		DE ACUERDOS				
S	182	2026	PL	FERNANDEZ SAGASTI: REPRODUCE PROYECTO DE LEY QUE MODIFICA SU SIMILAR 11.723 -PROPIEDAD INTELECTUAL-, SOBRE EL DERECHO DE PARTICIPACION DEL AUTOR DE OBRAS ORIGINALES EN CADA REVENTA POSTERIOR. (REF. S. 731/24)	9/2026	16/03/2026 -	FERNÁNDEZ SAGASTI, ANABEL -	DE LEGISLACIÓN GENERAL				
PE	181	2026	AC	MENSAJE N° 175/26 QUE SOLICITA ACUERDO PARA DESIGNAR JUEZ DEL JUZGADO NACIONAL EN LO CRIMINAL Y CORRECCIONAL N° 54 DE LA CAPITAL FEDERAL, AL DR. RAMIRO ARIEL MARIÑO.	19/2026	19/05/2026 -		DE ACUERDOS				
S	181	2026	PL	FERNANDEZ SAGASTI: PROYECTO DE LEY DE ACCESO COLECTIVO A LA JUSTICIA.	9/2026	16/03/2026 -	FERNÁNDEZ SAGASTI, ANABEL -	DE JUSTICIA Y ASUNTOS PENALES	DE ASUNTOS CONSTITUCIONALES	DE PRESUPUESTO Y HACIENDA		
S	180	2026	PL	FERNANDEZ SAGASTI: PROYECTO DE LEY SOBRE REGIMEN DE MECENAZGO CULTURAL.	9/2026	16/03/2026 -	FERNÁNDEZ SAGASTI, ANABEL -	DE EDUCACIÓN Y CULTURA	DE PRESUPUESTO Y HACIENDA			
S	179	2026	PL	FERNANDEZ SAGASTI: PROYECTO DE LEY QUE INCORPORA EL INC. H) AL ART. 92º DE SU SIMILAR 26.206 - EDUCACIÓN NACIONAL -, RESPECTO DE INCORPORAR LA EDUCACIÓN VIAL OBLIGATORIA A LOS ESTABLECIMIENTOS EDUCATIVOS DE GESTIÓN PÚBLICA Y PRIVADA EN LOS NIVELES INICIAL, PRIMARIO Y SECUNDARIO.	9/2026	16/03/2026 -	FERNÁNDEZ SAGASTI, ANABEL -	DE EDUCACIÓN Y CULTURA				
S	178	2026	PC	"KIRCHNER: PROYECTO DE COMUNICACIÓN QUE SOLICITA INFORME SOBRE DIVERSOS PUNTOS RELACIONADOS AL AEROPUERTO DE RIO GALLEGOS ""PILOTO CIVIL NORBERTO FERNÁNDEZ"", DESDE SU APERTURA EL 23 DE DICIEMBRE DE 2025, Y OTRAS CUESTIONES CONEXAS."	9/2026	16/03/2026 -	KIRCHNER, ALICIA MARGARITA ANTONIA -	DE INFRAESTRUCTURA, VIVIENDA Y TRANSPORTE				
S	177	2026	PD	"SORIA Y MARKS: PROYECTO DE DECLARACION QUE DECLARA DE INTERÉS LA PUBLICACIÓN ""CRÓNICAS DESDE MALVINAS: LO QUE DICEN LAS ISLAS MÁS ALLÁ DEL CONFLICTO"", DE AUTORÍA DE LUCIANO BARROSO, PUBLICADA POR EL MEDIO REALPOLITIK."	9/2026	16/03/2026 -	SORIA, MARTIN IGNACIO - MARKS, ANA INÉS -	DE EDUCACIÓN Y CULTURA				
S	176	2026	PD	"SORIA Y MARKS: PROYECTO DE DECLARACION QUE DECLARA DE INTERES EL DOCUMENTAL ARGENTINO ""TORMENTA DE FUEGO, INCENDIOS EN LA PATAGONIA"", DIRIGIDO POR LUCIANO NACCI."	9/2026	16/03/2026 -	SORIA, MARTIN IGNACIO - MARKS, ANA INÉS -	DE EDUCACIÓN Y CULTURA				
S	175	2026	PL	CAPITANICH Y GIMÉNEZ NAVARRO: REPRODUCE PROYECTO DE LEY DE ACCESIBILIDAD A LA CULTURA PARA PERSONAS CON DISCAPACIDAD (REF. S. 692/24).	9/2026	16/03/2026 -	CAPITANICH, JORGE MILTON - GIMÉNEZ NAVARRO, MARÍA CELESTE -	DE EDUCACIÓN Y CULTURA	DE POBLACIÓN Y DESARROLLO  HUMANO			
S	174	2026	PL	CAPITANICH Y BAHL: PROYECTO DE LEY QUE CREA EL PLAN DE DESARTICULACIÓN DEL NARCOTRÁFICO.	9/2026	16/03/2026 -	CAPITANICH, JORGE MILTON - BAHL, ADÁN HUMBERTO -	DE LEGISLACIÓN GENERAL	DE SEGURIDAD INTERIOR Y NARCOTRÁFICO	DE JUSTICIA Y ASUNTOS PENALES	DE SALUD	
PE	173	2026	AC	MENSAJE N° 174/26 QUE SOLICITA ACUERDO PARA DESIGNAR VOCAL DE LA CAMARA NACIONAL DE APELACIONES EN LO COMERCIAL DE LA CAPITAL FEDERAL, SALA C, AL DR. JAVIER JORGE COSENTINO.	18/2026	15/05/2026 -		DE ACUERDOS				
S	173	2026	PL	CAPITANICH Y BAHL: PROYECTO DE LEY QUE ESTABLECE UN MARCO REGULATORIO PARA EL PAGO DE SERVICIOS ECOSISTÉMICOS MEDIANTE ACTIVOS DIGITALES AMBIENTALES (ADA).	9/2026	16/03/2026 -	CAPITANICH, JORGE MILTON - BAHL, ADÁN HUMBERTO -	DE LEGISLACIÓN GENERAL	DE SISTEMAS, MEDIOS DE COMUNICACIÓN Y LIBERTAD DE EXPRESIÓN	DE PRESUPUESTO Y HACIENDA	DE AMBIENTE Y DESARROLLO SUSTENTABLE	
PE	172	2026	AC	MENSAJE N° 173/26 QUE SOLICITA ACUERDO PARA DESIGNAR VOCAL DE LA CAMARA FEDERAL DE APELACIONES DE ROSARIO, PROV. DE SANTA FE, SALA A, AL DR. FLORENTINO MALAPONTE.	18/2026	15/05/2026 -		DE ACUERDOS				
S	172	2026	PL	CAPITANICH Y BAHL: PROYECTO DE LEY QUE CREA UNA UNIDAD PENITENCIARIA FEDERAL DE SEGURIDAD MAXIMA EN LA PROVINCIA DEL CHACO.	9/2026	16/03/2026 -	CAPITANICH, JORGE MILTON - BAHL, ADÁN HUMBERTO -	DE JUSTICIA Y ASUNTOS PENALES	DE PRESUPUESTO Y HACIENDA			
PE	171	2026	AC	MENSAJE N° 172/26 QUE SOLICITA ACUERDO PARA DESIGNAR JUEZA DE CAMARA DEL TRIBUNAL ORAL EN LO CRIMINAL FEDERAL DE CATAMARCA, PROV. DE CATAMARCA, A LA DRA. ANA MARIA BUSLEIMAN.	17/2026	14/05/2026 -		DE ACUERDOS				
S	171	2026	PL	CAPITANICH: PROYECTO DE LEY QUE DECLARA LA NECESIDAD DE UNA REFORMA PARCIAL DE LA CONSTITUCION NACIONAL DE 1853/1860 CON LAS REFORMAS DE 1860, 1866, 1898, 1957 Y 1994.	9/2026	16/03/2026 -	CAPITANICH, JORGE MILTON -	DE ASUNTOS CONSTITUCIONALES				
PE	170	2026	AC	MENSAJE N° 171/26 QUE SOLICITA ACUERDO PARA DESIGNAR JUEZ DEL TRIBUNAL FEDERAL DE JUICIO DE COMODORO RIVADAVIA, PROV. DEL CHUBUT, AL DR. SEBASTIAN PEDRO RUIZ.	17/2026	14/05/2026 -		DE ACUERDOS				
S	170	2026	PL	CAPITANICH Y BAHL: PROYECTO DE LEY QUE DECLARA LA EMERGENCIA SALARIAL DE LA EDUCACION ESTATAL, EN TODO EL TERRITORIO ARGENTINO POR EL PLAZO DE CINCO (5) AÑOS.	9/2026	16/03/2026 -	CAPITANICH, JORGE MILTON - BAHL, ADÁN HUMBERTO -	DE EDUCACIÓN Y CULTURA	DE PRESUPUESTO Y HACIENDA			
S	169	2026	PC	CAPITANICH Y OTROS:  PROYECTO DE COMUNICACIÓN QUE SOLICITA INSTRUIR AL CONSEJO NACIONAL DE CALIDAD PARA LA ADOPCION DEL SIMBOLO DE ACCESIBILIDAD UNIVERSAL.	9/2026	16/03/2026 -	CAPITANICH, JORGE MILTON - BAHL, ADÁN HUMBERTO - GONZÁLEZ, MARÍA TERESA MARGARITA -	DE POBLACIÓN Y DESARROLLO  HUMANO				
PE	168	2026	AC	MENSAJE N° 170/26 QUE SOLICITA ACUERDO PARA DESIGNAR FISCAL FEDERAL DE LA UNIDAD FISCAL MENDOZA, PROVINCIA DE MENDOZA, AL DR. FERNANDO GABRIEL ALCARAZ.	16/2026	13/05/2026 -		DE ACUERDOS				
S	168	2026	PL	CAPITANICH Y B AHL: PROYECTO DE LEY QUE CREA EL REGIMEN DE REGULARIZACION PREVISIONAL E IMPOSITIVO.	9/2026	16/03/2026 -	CAPITANICH, JORGE MILTON - BAHL, ADÁN HUMBERTO -	DE TRABAJO Y PREVISIÓN SOCIAL	DE LEGISLACIÓN GENERAL	DE PRESUPUESTO Y HACIENDA		
OV	167	2026	CV	CONCEJO DELIBERANTE DE EL CALAFATE, PROV. DE SANTA CRUZ: RECHAZA LA MODIFICACIÓN DEL RÉGIMEN DE ZONA FRIA.		22/05/2026 -						
PE	167	2026	AC	MENSAJE N° 169/26 QUE SOLICITA ACUERDO PARA DESIGNAR JUEZ DEL JUZGADO NACIONAL EN LO CRIMINAL Y CORRECCIONAL N° 58 DE LA CAPITAL FEDERAL, AL DR. MAXIMILIANO ALBERTO LEANDRO CALLIZO.	16/2026	13/05/2026 -		DE ACUERDOS				
S	167	2026	PL	CAPITANICH Y BAHL: PROYECTO DE LEY SOBRE LA RESPONSABILIDAD DE LOS FUNCIONARIOS PUBLICOS POR MANIFESTACIONES REALIZADAS EN REDES SOCIALES.	9/2026	16/03/2026 -	CAPITANICH, JORGE MILTON - BAHL, ADÁN HUMBERTO -	DE ASUNTOS CONSTITUCIONALES	DE LEGISLACIÓN GENERAL	DE SISTEMAS, MEDIOS DE COMUNICACIÓN Y LIBERTAD DE EXPRESIÓN		
OV	166	2026	CV	CONCEJO DELIBERANTE DE BALCARCE, PROV. DE BUENOS AIRES: RECHAZA EL PROYECTO DE LEY N° 109/26 - EMERGENCIA EN DISCAPACIDAD.		22/05/2026 -						
PE	166	2026	AC	MENSAJE N° 168/26 QUE SOLICITA ACUERDO PARA DESIGNAR JUEZ DEL JUZGADO NACIONAL EN LO CRIMINAL Y CORRECCIONAL N° 44 DE LA CAPITAL FEDERAL, AL DR. SERGIO ALEJANDRO ECHEGARAY.	16/2026	13/05/2026 -		DE ACUERDOS				
S	166	2026	PL	CAPITANICH Y OTROS: PROYECTO DE LEY QUE CREA EL OBSERVATORIO NACIONAL DE DISCAPACIDAD (ODISC).	9/2026	16/03/2026 -	CAPITANICH, JORGE MILTON - BAHL, ADÁN HUMBERTO - GONZÁLEZ, MARÍA TERESA MARGARITA -	DE POBLACIÓN Y DESARROLLO  HUMANO	DE PRESUPUESTO Y HACIENDA			
OV	165	2026	CV	PODER LEGISLATIVO DE FORMOSA, PROV. DE FORMOSA: REPUDIA AL GOBIENO NACIONAL POR DESINVERSION TOTAL EN LAS OBRAS PUBLICAS Y RECLAMA LA ASIGNACION DE RECURSOS EN OBRAS DE RUTAS NACIONALES.		22/05/2026 -						
PE	165	2026	AC	MENSAJE N° 167/26 QUE SOLICITA ACUERDO PARA DESIGNAR VOCAL DE LA CAMARA NACIONAL DE APELACIONES EN LO CIVIL DE LA CAPITAL FEDERAL, SALA K, AL DR. JUAN MANUEL CABRAL	16/2026	13/05/2026 -		DE ACUERDOS				
S	165	2026	PL	CAPITANICH Y BAHL: PROYECTO DE LEY QUE DECLARA DE INTERES NACIONAL LA RECUPERACION Y FORTALECIMIENTO DEL INSTITUTO NACIONAL DE TECNOLOGIA AGROPECUARIA (INTA).	9/2026	16/03/2026 -	CAPITANICH, JORGE MILTON - BAHL, ADÁN HUMBERTO -	DE AGRICULTURA, GANADERÍA Y PESCA	DE PRESUPUESTO Y HACIENDA			
OV	164	2026	CV	CONCEJO DELIBERANTE DE MAR CHIQUITA: EXPRESA PREOCUPACIÓN POR LA MODIFICACIÓN DE LA LEY 27.637 -RÉGIMEN ZONA FRÍA-.		21/05/2026 -						
PE	164	2026	AC	MENSAJE N° 166/26 QUE SOLICITA ACUERDO PARA DESIGNAR JUEZA DE CAMARA DEL TRIBUNAL ORAL EN LO CRIMINAL Y CORRECCIONAL N° 19 DE LA CAPITAL FEDERAL, A LA DRA. ALBERTINA ANATONIA CARON.	16/2026	13/05/2026 -		DE ACUERDOS				
S	164	2026	PL	CAPITANICH Y BAHL: PROYECTO DE LEY QUE ESTABLECE UNA REDUCCIÓN DEL CINCUENTA POR CIENTO (50%) EN LOS MONTOS FIJOS CORRESPONDIENTES AL IMPUESTO SOBRE LOS COMBUSTIBLES LÍQUIDOS Y AL DIÓXIDO DE CARBONO, PREVISTOS EN EL TÍTULO II DE LA LEY 23.966 (T.O. 1998 Y SUS MODIFICATORIAS) PARA LOS COMBUSTIBLE	9/2026	16/03/2026 -	CAPITANICH, JORGE MILTON - BAHL, ADÁN HUMBERTO -	DE PRESUPUESTO Y HACIENDA	DE MINERÍA, ENERGÍA Y COMBUSTIBLES			
OV	163	2026	CV	CONCEJO DELIBERANTE DE VILLARINO, PROV. DE BUENOS AIRES: EXPRESA PREOCUPACIÓN POR LA MODIFICACIÓN DE LA LEY 27.637 -RÉGIMEN ZONA FRÍA-.		21/05/2026 -						
PE	163	2026	AC	MENSAJE N° 165/26 QUE SOLICITA ACUERDO PARA DESIGNAR JUEZ DEL JUZGADO NACIONAL DE PRIMERA INSTANCIA EN LO COMERCIAL N° 28 DE LA CAPITAL FEDERAL, AL DR. PEDRO MANUEL CRESPO.	16/2026	13/05/2026 -		DE ACUERDOS				
S	163	2026	PL	FERNANDEZ SAGASTI: PROYECTO DE LEY QUE MODIFICA EL CODIGO PENAL DE LA NACION, RESPECTO A LA POSESION DE MATERIAL PORNOGRAFICO.	9/2026	16/03/2026 -	FERNÁNDEZ SAGASTI, ANABEL -	DE JUSTICIA Y ASUNTOS PENALES				
OV	162	2026	CV	"DEFENSORÍA DEL PUEBLO DE LA PROV. DE BUENOS AIRES: SOLICITA LA NO ELIMINACIÓN DEL BENEFICIO DE ""ZONA FRÍA"" ESTABLECIDO EN LA LEY 27.637."		19/05/2026 -						
PE	162	2026	AC	MENSAJE N° 164/26 QUE SOLICITA ACUERDO PARA DESIGNAR JUEZ DEL JUZGADO NACIONAL EN LO CRIMINAL Y CORRECCIONAL N° 45 DE LA CAPITAL FEDERAL, AL DR. SEBASTIAN RODRIGO GHERSI.	16/2026	13/05/2026 -		DE ACUERDOS				
S	162	2026	PC	GIMENEZ NAVARRO: PROYECTO DE COMUNICACIÓN QUE SOLICITA SE REMITA LOS CAMBIOS PREVISTOS EN EL GUION DE VISITAS GUIADAS DEL MUSEO SITIO DE MEMORIA ESMA.	8/2026	13/03/2026 -	GIMÉNEZ NAVARRO, MARÍA CELESTE -	DE DERECHOS Y GARANTÍAS				
OV	161	2026	CV	CONCEJO MUNICIPAL DE SAN LORENZO, PROV. DE SANTA FE: EXPRESA PREOCUPACIÓN ANTE LAS MODIFICACIONES A LA LEY 24.901 -SISTEMA DE PRESTACIONES BASICAS EN HABILITACION Y REHABILITACION INTEGRAL A FAVOR DE LAS PERSONAS CON DISCAPACIDAD-.		19/05/2026 -						
PE	161	2026	AC	MENSAJE N° 163/26 QUE SOLICITA ACUERDO PARA DESIGNAR FISCAL FEDERAL DE LA UNIDAD FISCAL DE RESISTENCIA, PROVINCIA DEL CHACO, AL DR. PATRICIO NICOLAS SABADINI.	16/2026	13/05/2026 -		DE ACUERDOS				
S	161	2026	PD	GIMENEZ NAVARRO: PROYECTO DE DECLARACIÓN QUE RECHAZA LA ELIMINACION DE LA PLACA HOMENAJE A LOS 30.000 DESAPARECIDOS, EN LA CIUDAD INTERNACIONAL UNIVERSITARIA DE PARIS (CIUP).	8/2026	13/03/2026 -	GIMÉNEZ NAVARRO, MARÍA CELESTE -	DE DERECHOS Y GARANTÍAS				
OV	160	2026	CV	"CONCEJO DELIBERANTE DE GENERAL ENRIQUE MOSCONI- PROV. DE SALTA Y OTRO: DECLARA DE INTERES LA INICIATIVA ORIENTADA A LA REPATRIACIÓN, RECONOCIMIENTO HISTÓRICO Y FORTALECIMIENTO DEL VINCULO CULTURAL RESPECTO DE LA DENOMINADA ""BANDERA DE MACHA"" DE COLORES BLANCO-CELESTE-BLANCO HALLADA EN LA REPÚBLIC"		19/05/2026 -						
PE	160	2026	AC	MENSAJE N° 162/26 QUE SOLICITA ACUERDO PARA DESIGNAR VOCAL DE LA CAMARA FEDERAL DE APELACIONES DE MAR DEL PLATA, PROV. DE BUENOS AIRES, AL DR. SANTIAGO JOSE MARTIN.	16/2026	13/05/2026 -		DE ACUERDOS				
S	160	2026	PD	"MARKS: PROYECTO DE DECLARACION QUE EXPRESA BENEPLACITO POR LA 20° EDICION DE LA ""CARRERA DE MIGUEL"", EN HOMENAJE A MIGUEL BENANCIO SANCHEZ A REALIZARSE EN LA CDAD. DE SAN CARLOS DE BARILOCHE, EL 29 DE MARZO DE 2026."	8/2026	13/03/2026 -	MARKS, ANA INÉS -	DE DEPORTE				
OV	159	2026	CV	CONCEJO DELIBERANTE DE LA CDAD. DE VILLA MERCEDES, PROV. DE SAN LUIS: REPUDIA EL PROYECTO DE LEY QUE MODIFICA LAS CONDICIONES DE ACCESO AL RÉGIMEN DE ZONA FRÍA -LEY 27.637- RESTRINGIENDO LOS SUBSIDIOS ENERGÉTICOS.		19/05/2026 -						
PE	159	2026	AC	MENSAJE N° 161/26 QUE SOLICITA ACUERDO PARA DESIGNAR VOCAL DE LA CAMARA FEDERAL DE APELACIONES DE SALTA, PROV. DE SALTA, SALA I, AL DR. SANTIAGO FRENCH.	16/2026	13/05/2026 -		DE ACUERDOS				
S	159	2026	PD	"LINARES: PROYECTO DE DECLARACION QUE DECLARA DE INTERES LA SEGUNDA EDICION DEL FESTIVAL ""TROVAPALUZA 2026"" A REALIZARSE EN LA LOC. DE CASEROS, PROV. DE BUENOS AIRES, EL 21 DE MARZO DE 2026."	8/2026	13/03/2026 -	LINARES, CARLOS ALBERTO -	DE EDUCACIÓN Y CULTURA				
OV	158	2026	CV	"PODER LEGISLATIVO DE LA PROV. DEL CHACO: EXPRESA BENEPLACITO POR LA PRESENTACION DEL LIBRO ""COMERCIO SEXUAL Y DERECHOS HUMANOS"", DE ALEXIA SOFIA ALONSO, EN LA SALA VELEZ SARSFIELD DE LA FACULTAD DE DERECHO DE LA UBA, EL 27 DE MARZO DE 2026."		18/05/2026 -						
PE	158	2026	AC	MENSAJE N° 160/26 QUE SOLICITA ACUERDO PARA DESIGNAR DEFENSORA PUBLICA OFICIAL ANTE LOS TRIBUNALES ORALES EN LO CRIMINAL Y CORRECCIONAL DE LA CAPITAL FEDERAL, DEFENSORIA N° 7, A LA DRA. AMANDA ESPINO.	16/2026	13/05/2026 -		DE ACUERDOS				
S	158	2026	PL	SORIA Y OTROS: PROYECTO DE LEY QUE MODIFICA EL ART. 5 DE SU SIMILAR 25.614 - ERRADICACION DE LAS PLAGAS CARPOCAPSA Y GRAFOLITA- RESPECTO DE LA INCLUSION DE NUEVAS HERRAMIENTAS SELECTIVAS PARA EL CONTROL DE PLAGAS, DENTRO DE LOS BENEFICIOS IMPOSITIVOS.	8/2026	13/03/2026 -	SORIA, MARTIN IGNACIO - LINARES, CARLOS ALBERTO - LÓPEZ, MARÍA FLORENCIA - LÓPEZ, CÁNDIDA CRISTINA - CAPITANICH, JORGE MILTON - MARKS, ANA INÉS - KIRCHNER, ALICIA MARGARITA ANTONIA - GIMÉNEZ NAVARRO, MARÍA CELESTE - BAHL, ADÁN HUMBERTO -	DE AGRICULTURA, GANADERÍA Y PESCA	DE PRESUPUESTO Y HACIENDA			
OV	157	2026	CV	CONCEJO MUNICIPAL DE CAÑADA DE GOMEZ, PROV. DE SANTA FE: SOLICITA FORTALECER LAS POLITICAS PUBLICAS EN MATERIA DE DISCAPACIDAD, Y ASEGURAR EL ACCESO A LAS PRESTACIONES, TRATAMIENTOS Y ACOMPAÑAMIENTO INTEGRAL.		15/05/2026 -						
PE	157	2026	AC	MENSAJE N° 159/26 QUE SOLICITA ACUERDO PARA DESIGNAR JUEZA DE CAMARA DEL TRIBUNAL ORAL EN LO CRIMINAL Y CORRECCIONAL N° 18 DE LA CAPITAL FEDERAL, A LA DRA. EVANGELINA MARIA LASALA.	16/2026	13/05/2026 -		DE ACUERDOS				
S	157	2026	PL	SORIA Y OTROS: PROYECTO DE LEY SOBRE MOVILIDAD DEL PROGRAMA HOGARES CON GARRAFA (HOGAR). MODIFICACION LEY 26.020 - REGIMEN REGULATORIO DE LA INDUSTRIA Y COMERCIALIZACION DE GAS LICUADO DE PETROLEO.	8/2026	13/03/2026 -	SORIA, MARTIN IGNACIO - LINARES, CARLOS ALBERTO - CAPITANICH, JORGE MILTON - LÓPEZ, CÁNDIDA CRISTINA - LÓPEZ, MARÍA FLORENCIA - KIRCHNER, ALICIA MARGARITA ANTONIA - MARKS, ANA INÉS - GIMÉNEZ NAVARRO, MARÍA CELESTE - BAHL, ADÁN HUMBERTO -	DE MINERÍA, ENERGÍA Y COMBUSTIBLES	DE PRESUPUESTO Y HACIENDA			
OV	156	2026	CV	MESA DE ARTICULACION DE NIÑEZ Y ADOLESCENCIA - ESPACIO FEDERAL Y PLURINACIONAL DE ARGENTINA: CELEBRA EL IMPULSO DE LA CONFORMACION DE LA COMISION BICAMERAL DEL DEFENSOR DE LOS DERECHOS DE NIÑAS, NIÑOS Y ADOLESCENTES.		15/05/2026 -						
S	156	2026	PL	DE PEDRO: REPRODUCE PROYECTO DE LEY QUE MODIFICA SU SIMILAR 26.737 (TIERRAS RURALES) SOBRE POSESION O TITULARIDAD DE TIERRAS POR PARTE DE EXTRANJEROS. (REF. S. 2313-24)	8/2026	12/03/2026 -	DE PEDRO, EDUARDO ENRIQUE -	DE AGRICULTURA, GANADERÍA Y PESCA	DE ASUNTOS CONSTITUCIONALES	DE PRESUPUESTO Y HACIENDA		
OV	155	2026	CV	CONCEJO DELIBERANTE DE GENERAL GUIDO, PROV. DE BUENOS AIRES: REPUDIA Y EXPRESA PREOCUPACIÓN POR EL PROYECTO DE LEY QUE PRETENDE LA DEROGACIÓN DEL RÉGIMEN DE ZONA FRÍA - LEY 27.637.		14/05/2026 -						
PE	155	2026	AC	MENSAJE N° 158/26 QUE SOLICITA ACUERDO PARA DESIGNAR JUEZ DEL JUZGADO NACIONAL DE PRIMERA INSTANCIA EN LO CIVIL N° 110 DE LA CAPITAL FEDERAL, AL DR. JOSE MARIA ABRAM LUJAN.	15/2026	12/05/2026 -		DE ACUERDOS				
S	155	2026	PL	DE PEDRO Y DI TULLIO: REPRODUCE PROYECTO DE LEY QUE DECLARA DE INTERÉS PÚBLICO Y COMO OBJETO PRIORITARIO PARA EL DESARROLLO DE LA NACIÓN, EN EL MARCO DEL ART. 75 INCISO 18 DE LA CN. EL DRAGADO DE APERTURA, SEÑALIZACIÓN Y MANTENIMIENTO DEL CANAL DE NAVEGACIÓN MAGDALENA - RIO DE LA PLATA. (REF.	8/2026	12/03/2026 -	DE PEDRO, EDUARDO ENRIQUE - DI TULLIO, JULIANA -	DE INFRAESTRUCTURA, VIVIENDA Y TRANSPORTE	DE ASUNTOS CONSTITUCIONALES	DE PRESUPUESTO Y HACIENDA		
OV	154	2026	CV	CONCEJO DELIBERANTE DE 25 DE MAYO, PROV. DE BUENOS AIRES: SOLICITA LA ELIMINACIÓN PROGRESIVA DE LOS DERECHOS DE EXPORTACIÓN (RETENCIONES) QUE AGRAVA AL SECTOR AGROPECUARIO.		14/05/2026 -						
PE	154	2026	AC	MENSAJE N° 157/26 QUE SOLICITA ACUERDO PARA DESIGNAR JUEZA DEL JUZGADO NACIONAL DE PRIMERA INSTANCIA EN LO CIVIL N° 109 DE LA CAPITAL FEDERAL, A LA DRA. PILAR FERNANDEZ ESCARGUEL.	15/2026	12/05/2026 -		DE ACUERDOS				
S	154	2026	PL	DE PEDRO: REPRODUCE PROYECTO DE LEY QUE MODIFICA SU SIMILAR 26.892 - PROMOCION DE LA CONVIVENCIA Y EL ABORDAJE DE LA CONFLICTIVIDAD EN LAS INSTITUCIONES EDUCATIVAS -, RESPECTO DE LA CREACION DE UN OBSERVATORIO NACIONAL. (REF. S. 2190/24)	8/2026	12/03/2026 -	DE PEDRO, EDUARDO ENRIQUE -	DE EDUCACIÓN Y CULTURA	DE PRESUPUESTO Y HACIENDA			
OV	153	2026	CV	CONCEJO DELIBERANTE DE 25 DE MAYO, PROV. DE BUENOS AIRES: SOLICITA QUE SE AVANCE EN EL CUMPLIMIENTO DE LA ELIMINACIÓN DEL IMPUESTO A LAS GANANCIAS PARA LOS TRABAJADORES EN RELACIÓN DE DEPENDENCIA (CUARTA CATEGORÍA).		14/05/2026 -						
PE	153	2026	AC	MENSAJE N° 156/26 QUE SOLICITA ACUERDO PARA DESIGNAR FISCAL FEDERAL DE LA SEDE FISCAL DESCENTRALIZADA DE PASO DE LOS LIBRES, PROVINCIA DE CORRIENTES, AL DR. HUGO DANIEL FROY.	15/2026	12/05/2026 -		DE ACUERDOS				
S	153	2026	PL	- DE PEDRO: REPRODUCE PROYECTO DE LEY SOBRE PLAN NACIONAL DE PREVENCIÓN DEL EMBARAZO NO INTENCIONAL EN ADOLESCENCIA (REF. S. 877/24).	8/2026	12/03/2026 -	DE PEDRO, EDUARDO ENRIQUE - KIRCHNER, ALICIA MARGARITA ANTONIA -	DE SALUD	DE EDUCACIÓN Y CULTURA	DE PRESUPUESTO Y HACIENDA		
OV	152	2026	CV	CONCEJO DELIBERANTE DE GENERAL VILLEGAS, PROV. DE BUENOS AIRES: RECHAZA EL AJUSTE PRESUPUESTARIO Y LA REESTRUCTURACION DE SERVICIOS IMPUESTA POR EL PAMI.		14/05/2026 -						
PE	152	2026	AC	MENSAJE N° 155/26 QUE SOLICITA ACUERDO PARA DESIGNAR JUEZ DEL JUZGADO FEDERAL DE PRIMERA INSTANCIA EN LO CRIMINAL Y CORRECCIONAL N° 2 DE LOMAS DE ZAMORA, PROVINCIA DE BUENOS AIRES, AL DR. JUAN TOMAS RODRIGUEZ PONTE.	15/2026	12/05/2026 -		DE ACUERDOS				
S	152	2026	PL	"DE PEDRO: REPRODUCE PROYECTO DE LEY QUE CREA EL PROGRAMA NACIONAL ""CLUBES CONTRA EL BULLYING"" (REF. S. 2191/24)."	8/2026	12/03/2026 -	DE PEDRO, EDUARDO ENRIQUE -	DE DEPORTE	DE PRESUPUESTO Y HACIENDA			
OV	151	2026	CV	CONCEJO DELIBERANTE DE LA CDAD. DE FORMOSA, PROV. HOMONIMA: RECHAZA EL PROYECTO DE INTERVENCIÓN FEDERAL A LA PROVINCIA DE FORMOSA.		14/05/2026 -						
PE	151	2026	AC	MENSAJE N° 154/26 QUE SOLICITA ACUERDO PARA DESIGNAR JUEZ DEL JUZGADO NACIONAL DE PRIMERA INSTANCIA EN LO CIVIL N°19 DE LA CAPITAL FEDERAL, AL DR. SANTIAGO VILLAGRAN.	15/2026	12/05/2026 -		DE ACUERDOS				
S	151	2026	PD	KIRCHNER: PROYECTO DE DECLARACIÓN QUE ADHIERE A LA CONMEMORACIÓN DEL DÍA DE LA MEMORIA POR LA VERDAD Y LA JUSTICIA, EN EL MARCO DEL 50° ANIVERSARIO DEL GOLPE DE ESTADO CÍVICO MILITAR, EL 24 DE MARZO DE 2026.	8/2026	12/03/2026 -	KIRCHNER, ALICIA MARGARITA ANTONIA -	DE DERECHOS Y GARANTÍAS				
OV	150	2026	CV	"MINISTERIO DE JUSTICIA - UNIDAD DE INFORMACIÓN FINANCIERA -UIF-:  REMITE EL INFORME DE GESTION ANUAL CORRESPONDIENTE AL AÑO 2025 EN CUMPLIMIENTO DEL ART. 15, INC. 1 DE LA LEY 25.246 DE ""ENCUBRIMIENTO Y LAVADO DE ACTIVOS DE ORIGEN DELICTIVO""."		14/05/2026 -		DE JUSTICIA Y ASUNTOS PENALES	DE ECONOMÍA NACIONAL E INVERSIÓN	DE PRESUPUESTO Y HACIENDA	DE SEGURIDAD INTERIOR Y NARCOTRÁFICO	
PE	150	2026	AC	MENSAJE N° 153/26 QUE SOLICITA ACUERDO PARA DESIGNAR JUEZA DE CAMARA DEL TRIBUNAL ORAL EN LO CRIMINAL Y CORRECCIONAL N° 18 DE LA CAPITAL FEDERAL, A LA DRA. PAULA VANESA ROMEO.	15/2026	12/05/2026 -		DE ACUERDOS				
S	150	2026	PC	KIRCHNER: PROYECTO DE COMUNICACIÓN QUE SOLICITA INFORME SOBRE EL MATERIAL COMUNICACIONAL DIFUNDIDO POR CANALES OFICIALES SOBRE PLANES SOCIALES.	8/2026	12/03/2026 -	KIRCHNER, ALICIA MARGARITA ANTONIA -	DE TRABAJO Y PREVISIÓN SOCIAL				
OV	149	2026	CV	CONCEJO DELIBERANTE DE EL CHALTEN, PROV. DE SANTA CRUZ: RECHAZA LAS REFORMAS SANCIONADAS POR EL H.S.N. A LA LEY N° 26.639 - REGIMEN DE PRESUPUESTOS MINIMOS PARA LA PRESERVACION DE LOS GLACIARES Y DEL AMBIENTE PERIGLACIAL.		14/05/2026 -						
PE	149	2026	AC	MENSAJE N° 152/26 QUE SOLICITA ACUERDO PARA DESIGNAR JUEZ DE CAMARA DEL TRIBUNAL ORAL EN LO CRIMINAL Y CORRECCIONAL N° 10 DE LA CAPITAL FEDERAL, AL DR. JULIO CESAR DI GIORGIO.	15/2026	12/05/2026 -		DE ACUERDOS				
S	149	2026	PC	CAPITANICH Y OTROS: PROYECTO DE COMUNICACIÓN QUE SOLICITA INFORME SOBRE DIVERSOS PUNTOS RELACIONADOS AL VIAJE DEL PRESIDENTE DE LA NACIÓN A LA CIUDAD DE NUEVA YORK, ENTRE EL 6 Y 12 DE MARZO DE 2026.	8/2026	12/03/2026 -	CAPITANICH, JORGE MILTON - LINARES, CARLOS ALBERTO - FERNÁNDEZ SAGASTI, ANABEL - SORIA, MARTIN IGNACIO - LÓPEZ, CÁNDIDA CRISTINA - BAHL, ADÁN HUMBERTO - MARKS, ANA INÉS - GIMÉNEZ NAVARRO, MARÍA CELESTE -	DE ASUNTOS CONSTITUCIONALES				
OV	148	2026	CV	CONCEJO DELIBERANTE DE EL CHALTEN, PROV. DE SANTA CRUZ: ACOMPAÑA AL PROYECTO DE LEY N° 7097-D-2025 - REGIMEN PREVISIONAL ESPECIAL PARA COMBATIENTES DE INCENDIOS FORESTALES Y RURALES.		14/05/2026 -						
PE	148	2026	AC	MENSAJE N° 151/26 QUE SOLICITA ACUERDO PARA DESIGNAR JUEZ DE CAMARA DEL TRIBUNAL ORAL EN LO CRIMINAL Y CORRECCIONAL N° 9 DE LA CAPITAL FEDERAL, AL DR. JUAN CARLOS RICCARDINI.	15/2026	12/05/2026 -		DE ACUERDOS				
S	148	2026	PC	MENDOZA Y ANDRADA: PROYECTO DE COMUNICACIÓN QUE SOLICITA SE DECLARE LA EMERGENCIA HIDRICA EN LAS PROVINCIAS DE TUCUMAN Y CATAMARCA, POR EL PLAZO DE CIENTO OCHENTA (180) DIAS.	8/2026	12/03/2026 -	MENDOZA, SANDRA MARIELA - ANDRADA, GUILLERMO EDUARDO -	DE PRESUPUESTO Y HACIENDA				
OV	147	2026	CV	CONCEJO DELIBERANTE DE EL CHALTEN, PROV. DE SANTA CRUZ: ADHIERE AL PROYECTO DE LEY S. 104/26 - ENERGIA CON EQUIDAD SOCIAL.		14/05/2026 -						
PE	147	2026	AC	MENSAJE N° 150/26 QUE SOLICITA ACUERDO PARA DESIGNAR JUEZ DE CAMARA DEL TRIBUNAL ORAL EN LO CRIMINAL FEDERAL DE TUCUMAN, PROV. DE TUCUMAN, AL DR. ANGEL ROGER LUNA ROLDAN.	14/2026	11/05/2026 -		DE ACUERDOS				
S	147	2026	PL	LEWANDOWSKI: REPRODUCE PROYECTO DE LEY QUE MODIFICA SU SIMILAR 20.744 - CONTRATO DE TRABAJO-, SOBRE RÉGIMEN DE LICENCIAS (REF. S. 369/24).	8/2026	12/03/2026 -	LEWANDOWSKI, MARCELO NÉSTOR -	DE TRABAJO Y PREVISIÓN SOCIAL				
OV	146	2026	CV	"CONCEJO DELIBERANTE DE AZUL, PROV. DE BUENOS AIRES: RECHAZA EL PROYECTO ""LEY DE INVIOLABILIDAD DE LA PROPIEDAD PRIVADA""."		14/05/2026 -						
PE	146	2026	AC	MENSAJE N° 149/26 QUE SOLICITA ACUERDO PARA DESIGNAR VOCAL DE LA CAMARA FEDERAL DE APELACIONES DE RESISTENCIA, PROV. DEL CHACO, A LA DRA. MARIA VIRGINIA ISE.	14/2026	11/05/2026 -		DE ACUERDOS				
S	146	2026	PD	ABAD: PROYECTO DE DECLARACION QUE RINDE HOMENAJE Y RECONOCIMIENTO AL GENERAL (R) DEL EJÉRCITO ARGENTINO DON ALIBERTO RODRIGÁÑEZ RICCHIERI.	8/2026	12/03/2026 -	ABAD, MAXIMILIANO -	DE EDUCACIÓN Y CULTURA				
OV	145	2026	CV	CONCEJO DELIBERANTE DE MERCEDES, PROV. DE BUENOS AIRES: RECHAZA CUALQUIER INICIATIVA DE DESMANTELAMIENTO O DEBILITAMIENTO DE LA JUSTICIA NACIONAL DE TRABAJO.		14/05/2026 -						
PE	145	2026	AC	MENSAJE N° 148/26 QUE SOLICITA ACUERDO PARA DESIGNAR FISCAL FEDERAL DE LA UNIDAD FISCAL DE CORRIENTES, PROV. DE CORRIENTES, AL DR. JUAN MARCELO BURELLA ACEVEDO.	14/2026	11/05/2026 -		DE ACUERDOS				
S	145	2026	PC	FAMA: PROYECTO DE COMUNICACIÓN QUE SOLICITA LA PUESTA EN VALOR TURISTICO DEL PATRIMONIO REFERIDO A FRAY MAMERTO ESQUIU, Y OTRAS CUESTIONES CONEXAS.	8/2026	12/03/2026 -	FAMA, FLAVIO SERGIO -	DE TURISMO				
OV	144	2026	CV	CONCEJO DELIBERANTE DE ESCOBAR, PROV. DE BUENOS AIRES: REPUDIA LA APROBACION DE LA REFORMA DE LA LEY DE GLACIARES (LEY N° 26.639).		14/05/2026 -						
PE	144	2026	AC	MENSAJE N° 147/26 QUE SOLICITA ACUERDO PARA DESIGNAR JUEZA DE CAMARA DEL TRIBUNAL ORAL EN LO CRIMINAL FEDERAL DE POSADAS, PROV. DE MISIONES, A LA DRA. RUTH MARIA PONCE DE LEON.	14/2026	11/05/2026 -		DE ACUERDOS				
S	144	2026	PL	FAMA: REPRODUCE PROYECTO DE LEY SOBRE EL ESTIMULO AL DESARROLLO PRODUCTIVO DE LA PUNA ARGENTINA. (REF. S. 729/24)	8/2026	12/03/2026 -	FAMA, FLAVIO SERGIO -	DE ECONOMÍAS REGIONALES, ECONOMÍA SOCIAL, MICRO, PEQUEÑA Y MEDIANA EMPRESA	DE PRESUPUESTO Y HACIENDA			
OV	143	2026	CV	CONCEJO DELIBERANTE DE TIGRE, PROV. DE BUENOS AIRES: EXPRESA ACOMPAÑAMIENTO Y BENEPLACITO AL PROYECTO DE LEY QUE MODIFICA LOS ARTS. 245, 275 Y 277 DEL CODIGO PENAL DE LA NACION - A FIN DE AGRAVAR PENAS POR FALSAS DENUNCIAS Y FALSO TESTIMONIO.		14/05/2026 -						
PE	143	2026	AC	MENSAJE N° 146/26 QUE SOLICITA ACUERDO PARA DESIGNAR JUEZ DE CAMARA DEL TRIBUNAL ORAL EN LO CRIMINAL FEDERAL DE TUCUMAN, PROV. DE TUCUMAN, AL DR. PABLO ROBERTO TOLEDO.	14/2026	11/05/2026 -		DE ACUERDOS				
S	143	2026	PL	DI TULLIO: PROYECTO DE LEY QUE SUSTITUYE EL ART. 4 INC. A) DE SU SIMILAR 25.164- MARCO DE REGULACIÓN DE EMPLEO PÚBLICO NACIONAL- RESPECTO DE LOS REQUISITOS PARA EL INGRESO A LA ADMINISTRACIÓN PUBLICA NACIONAL.	7/2026	12/03/2026 -	DI TULLIO, JULIANA -	DE ASUNTOS ADMINISTRATIVOS Y MUNICIPALES	DE TRABAJO Y PREVISIÓN SOCIAL			
OV	142	2026	CV	CÁMARA DE SENADORES DE LA PROV. DE CORRIENTES: CREACION DE UN REGISTRO PUBLICO NACIONAL DE EMPRESAS, CONSORCIOS Y ENTIDADES QUE DESARROLLEN ACTIVIDADES DE RECURSOS NATURALES EN LAS ISLAS MALVINAS Y ESPACIOS MARITIMOS CIRCUNDANTES.		14/05/2026 -						
PE	142	2026	AC	MENSAJE N° 145/26 QUE SOLICITA ACUERDO PARA DESIGNAR VOCAL DE LA CAMARA NACIONAL DE APELACIONES DEL TRABAJO DE LA CAPITAL FEDERAL, SALA III, AL DR. CLAUDIO FABIAN LOGUARRO.	14/2026	11/05/2026 -		DE ACUERDOS				
S	142	2026	PL	LEWANDOWSKI: REPRODUCE PROYECTO DE LEY QUE OTORGA JERARQUÍA CONSTITUCIONAL AL ACUERDO REGIONAL SOBRE EL ACCESO A LA INFORMACIÓN, LA PARTICIPACIÓN PÚBLICA Y EL ACCESO A LA JUSTICIA EN ASUNTOS AMBIENTALES EN AMÉRICA LATINA Y EL CARIBE. (REF. S.802/22)	7/2026	12/03/2026 -	LEWANDOWSKI, MARCELO NÉSTOR -	DE ASUNTOS CONSTITUCIONALES	DE RELACIONES EXTERIORES Y CULTO			
PE	141	2026	AC	MENSAJE N° 144/26 QUE SOLICITA ACUERDO PARA DESIGNAR VOCAL DE LA CAMARA NACIONAL DE APELACIONES DEL TRABAJO DE LA CAPITAL FEDERAL, SALA V, AL DR. DIEGO FERNANDO MANAUTA.	14/2026	11/05/2026 -		DE ACUERDOS				
S	141	2026	PL	LEWANDOWSKI: REPRODUCE PROYECTO DE LEY QUE CREA LA AGENCIA FEDERAL DE INTEGRACION SOCIO URBANA (AFISU). (REF. S.1263/24)	7/2026	12/03/2026 -	LEWANDOWSKI, MARCELO NÉSTOR -	DE INFRAESTRUCTURA, VIVIENDA Y TRANSPORTE	DE PRESUPUESTO Y HACIENDA			
PE	140	2026	AC	MENSAJE N° 143/26 QUE SOLICITA ACUERDO PARA DESIGNAR VOCAL DE LA CAMARA NACIONAL DE APELACIONES DEL TRABAJO DE LA CAPITAL FEDERAL, SALA II, AL DR. DIEGO JAVIER TULA.	14/2026	11/05/2026 -		DE ACUERDOS				
S	140	2026	PL	LEWANDOWSKI: REPRODUCE PROYECTO DE LEY QUE CREA LA COMISIÓN BICAMERAL PERMANENTE DE CONTROL DEL FUNCIONAMIENTO DEL SISTEMA DE NAVEGACIÓN TRONCAL DEL RIO PARANA CON JURISDICCIÓN EN LA REPÚBLICA ARGENTINA Y DE SEGUIMIENTO, DE LICITACIONES Y ADJUDICACIONES DE LA DENOMINADA HIDROVIA PARANA-PARAGUAY.	7/2026	12/03/2026 -	LEWANDOWSKI, MARCELO NÉSTOR -	DE ASUNTOS CONSTITUCIONALES	DE PRESUPUESTO Y HACIENDA			
PE	139	2026	AC	MENSAJE N° 142/26 QUE SOLICITA ACUERDO PARA DESIGNAR VOCAL DE LA CAMARA NACIONAL DE APELACIONES DEL TRABAJO DE LA CAPITAL FEDERAL, SALA VI, A LA DRA. MARINA EDITH PISACCO.	14/2026	11/05/2026 -		DE ACUERDOS				
S	139	2026	PL	LEWANDOWSKI: REPRODUCE PROYECTO DE LEY DE PRESUPUESTOS MINIMOS DE PROTECCION AMBIENTAL DE LOS HUMEDALES. (REF. S. 1790/24)	7/2026	12/03/2026 -	LEWANDOWSKI, MARCELO NÉSTOR -	DE AMBIENTE Y DESARROLLO SUSTENTABLE	DE AGRICULTURA, GANADERÍA Y PESCA	DE PRESUPUESTO Y HACIENDA		
OV	138	2026	CA	AUDITORIA GENERAL DE LA NACION: COMUNICA RESOLUCION N° 120/26, QUE APRUEBA LA MEMORIA CORRESPONDIENTE A LA LABOR DESARROLLADA POR ESTE ORGANISMO EN EL AÑO 2025.		06/05/2026 -		BICAMERAL PERMANENTE MIXTA REVISORA DE CUENTAS				
PE	138	2026	AC	MENSAJE N° 141/26 QUE SOLICITA ACUERDO PARA DESIGNAR VOCAL DE LA CAMARA NACIONAL DE APELACIONES DEL TRABAJO DE LA CAPITAL FEDERAL, SALA X, A LA DRA. MARIA CLAUDIA JUEGUEN.	14/2026	11/05/2026 -		DE ACUERDOS				
S	138	2026	PL	LEWANDOWSKI: REPRODUCE PROYECTO DE LEY QUE SUSTITUYE EL ART. 26 DE SU SIMILAR 15930- ORGANIZACION Y FUNCIONES DEL ARCHIVO GENERAL DE LA NACION -, RESPECTO DE ACTUALIZAR LOS VALORES DE LAS MULTAS (REF. S. 368/24)	7/2026	12/03/2026 -	LEWANDOWSKI, MARCELO NÉSTOR -	DE EDUCACIÓN Y CULTURA	DE JUSTICIA Y ASUNTOS PENALES			
OV	137	2026	CA	AUDITORIA GENERAL DE LA NACION: COMUNICA RESOLUCION N° 119/26, QUE APRUEBA EL EXAMEN ESPECIAL ELABORADO EN EL AMBITO DE LA ADMINISTRACION NACIONAL DE LA SEGURIDAD SOCIAL (ANSES) REFERIDO A LA GESTION DEL OTORGAMIENTO/DENEGACION DE BENEFICIOS PREVISIONALES EN EL MARCO DE LA PANDEMIA COVID 19 - PERIO		06/05/2026 -		BICAMERAL PERMANENTE MIXTA REVISORA DE CUENTAS				
PE	137	2026	AC	MENSAJE N° 140/26 QUE SOLICITA ACUERDO PARA POSIBILITAR UN NUEVO NOMBRAMIENTO DEL VOCAL DE LA CAMARA NACIONAL DE APELACIONES DEL TRABAJO DE LA CAPITAL FEDERAL, SALA VIII, AL DR. VICTOR ARTURO PESINO	14/2026	11/05/2026 -		DE ACUERDOS				
S	137	2026	PL	"LEWANDOWSKI: REPRODUCE PROYECTO DE LEY QUE INSTITUYE EL 19 DE MAYO DE CADA AÑO, COMO ""DIA NACIONAL DE LA ENFERMEDAD INFLAMATORIA INTESTINAL-EII"". (REF.S.  2016/24)"	7/2026	12/03/2026 -	LEWANDOWSKI, MARCELO NÉSTOR -	DE SALUD	DE EDUCACIÓN Y CULTURA			
OV	136	2026	CA	AUDITORIA GENERAL DE LA NACION: COMUNICA RESOLUCION N° 118/26, QUE APRUEBA EL INFORME DE AUDITORIA ELABORADO EN EL AMBITO DE LA ADMINISTRACION NACIONAL DE LA SEGURIDAD SOCIAL (ANSES) - FONDO DE GARANTIA DE SUSTENTABILIDAD, EJERCICIOS 2020 Y 2021- PERIODO AUDITADO 01/01/2020 AL 31/12/2021		06/05/2026 -		BICAMERAL PERMANENTE MIXTA REVISORA DE CUENTAS				
PE	136	2026	AC	MENSAJE N° 139/26 QUE SOLICITA ACUERDO A FIN DE POSIBILITAR UN NUEVO NOMBRAMIENTO PARA DESIGNAR JUEZ DEL JUZGADO FEDERAL DE PRIMERA INSTANCIA N°2 DE SAN JUAN, PROVINCIA DE SAN JUAN, AL DR. LEOPOLDO JORGE RAGO GALLO.	13/2026	11/05/2026 -		DE ACUERDOS				
S	136	2026	PL	LEWANDOWSKI: REPRODUCE PROYECTO DE LEY QUE DEROGA EL DCTO. N° 116/2025, RESPECTO A ASEGURAR LA ORGANIZACIÓN Y FUNCIONAMIENTO DEL B.N.A. (REF. S. 2562/24).	7/2026	12/03/2026 -	LEWANDOWSKI, MARCELO NÉSTOR -	DE ASUNTOS CONSTITUCIONALES	DE ECONOMÍA NACIONAL E INVERSIÓN			
OV	135	2026	CA	"AUDITORIA GENERAL DE LA NACION: COMUNICA RESOLUCION N° 117/26, QUE APRUEBA EL INFORME DE AUDITORIA ELABORADO EN EL AMBITO DEL INSTITUTO NACIONAL DE AGRICULTURA FAMILIAR, CAMPESINA E INDIGENA (INAFCI) REFERIDO A ""EVALUAR LAS ACCIONES REALIZADAS POR EL INAFCI EN CUMPLIMIENTO DE LA LEY 27.118- PERIODO"		06/05/2026 -		BICAMERAL PERMANENTE MIXTA REVISORA DE CUENTAS				
S	135	2026	PL	LEWANDOWSKI: REPRODUCE PROYECTO DE LEY QUE DECLARA EL DIA NACIONAL DE LA HOSTELERIA, EL 14 DE DICIEMBRE DE CADA AÑO (REF. S. 801/22).	7/2026	12/03/2026 -	LEWANDOWSKI, MARCELO NÉSTOR -	DE TURISMO				
OV	134	2026	CA	"AUDITORIA GENERAL DE LA NACION: COMUNICA RESOLUCION N° 116/26, QUE APRUEBA EL INFORME DE AUDITORIA ELABORADO EN ENACOM, REFERIDO A ""ATENCION A USUARIOS DE SERVICIOS DE TICS- ACCIONES DEL ENACOM, REFERIDAS A EVALUAR CALIDAD DE SERVICIO Y LA ATENCION A USUARIOS DE TELEFONIA MOVIL E INTERNET PERIODO A"		06/05/2026 -		BICAMERAL PERMANENTE MIXTA REVISORA DE CUENTAS				
S	134	2026	PL	LEWANDOWSKI: REPRODUCE PROYECTO DE LEY DE INVERSIONES PRODUCTIVAS. (REF. S.1356/24)	7/2026	12/03/2026 -	LEWANDOWSKI, MARCELO NÉSTOR -	DE ECONOMÍAS REGIONALES, ECONOMÍA SOCIAL, MICRO, PEQUEÑA Y MEDIANA EMPRESA	DE INDUSTRIA Y COMERCIO	DE PRESUPUESTO Y HACIENDA		
OV	133	2026	CA	AUDITORIA GENERAL DE LA NACION: COMUNICA RESOLUCION N° 115/26, QUE APRUEBA EL INFORME DE AUDITORIA REALIZADO EN EL AMBITO DEL ENTE NAC. DE COMUNICACIONES (ENACOM) REFERIDO A ACCESIBILIDAD A LOS SERVICIOS TICS- GESTION DEL ENACOM, EN CUANTO A LA ACCESIBILIDAD A LOS SERVICIOS TICS- PERIODO AUDITADO 0		06/05/2026 -		BICAMERAL PERMANENTE MIXTA REVISORA DE CUENTAS				
PE	133	2026	AC	MENSAJE N° 138/26 QUE SOLICITA ACUERDO PARA PROMOVER AL GRADO INMEDIATO SUPERIOR, AL 31 DE DICIEMBRE DE 2025, AL GENERAL DE BRIGADA SEBASTIAN IGNACIO IBAÑEZ.	12/2026	05/05/2026 -		DE ACUERDOS				
S	133	2026	PL	"LEWANDOWSKI: REPRODUCE PROYECTO DE LEY QUE DECLARA ""FIESTA NACIONAL DEL HELADO ARTESANAL"", QUE SE CELEBRA EN LA CIUDAD DE ROSARIO, PROV. DE SANTA FE, EN EL MES DE FEBRERO DE CADA AÑO. (REF. S.2184/24)"	7/2026	12/03/2026 -	LEWANDOWSKI, MARCELO NÉSTOR -	DE EDUCACIÓN Y CULTURA	DE TURISMO			
OV	132	2026	CA	AUDITORIA GENERAL DE LA NACION: COMUNICA RESOLUCION N° 114/26, QUE APRUEBA EL INFORME DE AUDITORIA REALIZADO EN EL AMBITO DEL MINISTERIO DE CAPITAL HUMANO, REFERIDO AL PROGRAMA DE PROHUERTA - PERIODO AUDITADO: 01/01/2023 AL 28/02/2025.		06/05/2026 -		BICAMERAL PERMANENTE MIXTA REVISORA DE CUENTAS				
S	132	2026	PL	VALENZUELA: PROYECTO DE LEY QUE MODIFICA EL CÓDIGO PENAL DE LA NACIÓN, RESPECTO DE TIPIFICAR COMO DELITO A LA CAZA Y PESCA DE LA FAUNA SILVESTRE O ACUÁTICA EN PELIGRO DE EXTINCIÓN.	7/2026	11/03/2026 -	VALENZUELA, MERCEDES GABRIELA -	DE JUSTICIA Y ASUNTOS PENALES				
OV	131	2026	CA	"AUDITORIA GENERAL DE LA NACION: COMUNICA RESOLUCION N° 113/26, QUE APRUEBA EL INFORME DE AUDITORIA ELABORADO EN EL AMBITO DE LA SUPERINTENDENCIA DE SERVICIOS DE SALUD, REFERIDO A LA GESTION DE TRANSFERENCIAS BAJO EL PROGRAMA 63 ""ASISTENCIA FINANCIERA A AGENTES DEL SEGURO DE SALUD"" Y EL PROGRAMA 50"		06/05/2026 -		BICAMERAL PERMANENTE MIXTA REVISORA DE CUENTAS				
S	131	2026	PL	VALENZUELA: PROYECTO DE LEY QUE CREA EL PROGRAMA NACIONAL VALORARTE ARGENTINA.	7/2026	11/03/2026 -	VALENZUELA, MERCEDES GABRIELA -	DE EDUCACIÓN Y CULTURA				
OV	130	2026	CA	AUDITORÍA GENERAL DE LA NACIÓN: COMUNICA RESOLUCION N° 112/26 QUE APRUEBA EL INFORME REFERIDO A LA GESTIÓN DEL INSTITUTO NACIONAL DE ALIMENTOS (INAL), DEPENDIENTE DE LA ADMINISTRACIÓN NACIONAL DE MEDICAMENTOS, ALIMENTOS Y TECNOLOGÍA MÉDICA (ANMAT), EN EL CONTROL, LA FISCALIZACIÓN Y VIGILANCI		06/05/2026 -		BICAMERAL PERMANENTE MIXTA REVISORA DE CUENTAS				
S	130	2026	PL	MENDOZA Y ANDRADA: REPRODUCE PROYECTO DE LEY QUE CREA EN LA CAMARA FEDERAL DE APELACIONES DE TUCUMAN DOS (2) SALAS DE DOS (2) MIEMBROS CADA UNA QUE CONTARAN CON LA PRESIDENCIA COMUN DE UN (1) JUEZ DE CAMARA. (REF. S. 586/24)	7/2026	11/03/2026 -	MENDOZA, SANDRA MARIELA - ANDRADA, GUILLERMO EDUARDO -	DE JUSTICIA Y ASUNTOS PENALES	DE PRESUPUESTO Y HACIENDA			
OV	129	2026	CA	AUDITORÍA GENERAL DE LA NACIÓN: COMUNICA RESOLUCION N° 111/26, QUE APRUEBA EL INFORME REFERIDO A LA GESTIÓN DE LAS TRANSFERENCIAS DEL PROGRAMA 42 - PREVENCIÓN Y TRATAMIENTO DE PATOLOGÍAS ESPECÍFICAS - ACTIVIDAD 13 Y DEL PROGRAMA 45 - PREVENCIÓN Y CONTROL DE ENFERMEDADES CRÓNICAS NO TRANSMIS		06/05/2026 -		BICAMERAL PERMANENTE MIXTA REVISORA DE CUENTAS				
S	129	2026	PD	"UÑAC: PROYECTO DE DECLARACIÓN QUE DECLARA DE INTERÉS EL LIBRO ""ESTACIONES FERROVIARIAS EN LA PROVINCIA DE SAN JUAN"", DE AUTORÍA DEL INVESTIGADOR DANIEL ROBERTO POMBA."	7/2026	11/03/2026 -	UÑAC, SERGIO MAURICIO -	DE EDUCACIÓN Y CULTURA				
OV	128	2026	CA	"AUDITORIA GENERAL DE LA NACION: COMUNICA RESOLUCION N° 110/26, QUE APRUEBA EL INFORME DE AUDITORIA REALIZADO EN EL AMBITO DE LA SECRETARÍA DE ENERGIA, EL ENTE NACIONAL REGULADOR DE LA ELECTRICIDAD (ENRE) Y EL MINISTERIO DE SALUD, REFERIDO A ""BENEFICIOS OTORGADOS A USUARIOS ELECTRODEPENDIENTES POR"		06/05/2026 -		BICAMERAL PERMANENTE MIXTA REVISORA DE CUENTAS				
PE	128	2026	AC	MENSAJE N° 136/26 QUE SOLICITA ACUERDO PARA DESIGNAR CONJUECES DE LOS JUZGADOS FEDERALES DE PRIMERA INSTANCIA DE LA JURISDICCIÓN DE LA CÁMARA FEDERAL DE APELACIONES DE CÓRDOBA.	11/2026	24/04/2026 -		DE ACUERDOS				
S	128	2026	PR	UÑAC: PROYECTO DE RESOLUCION QUE CITA AL MINISTRO DE ECONOMÍA DE LA NACIÓN, LIC. LUIS ANDRÉS CAPUTO, Y OTROS FUNCIONARIOS DE CONFORMIDAD AL ART. 71 DE LA C.N. Y EL ART. 214 DEL REGLAMENTO DE LA H. CAMARA, A FIN DE BRINDAR INFORME SOBRE LA RESOL. 79/26 Y CUESTIONES CONEXAS.	7/2026	11/03/2026 -	UÑAC, SERGIO MAURICIO -	DE ASUNTOS CONSTITUCIONALES	DE PRESUPUESTO Y HACIENDA	DE MINERÍA, ENERGÍA Y COMBUSTIBLES		
OV	127	2026	CA	"AUDITORIA GENERAL DE LA NACION: COMUNICA RESOLUCION N° 109/26, QUE APRUEBA EL INFORME DE AUDITORIA REALIZADO EN EL AMBITO DE LA DIRECCION NACIONAL DE VIALIDAD Y EN EL EX MINISTERIO DE TRANSPORTE, REFERIDO A LA ""EVALUACION DE LOS CONTRATOS RED DE AUTOPISTAS Y RUTAS SEGURAS - ETAPA I ADJUDICADOS BAJO"		06/05/2026 -		BICAMERAL PERMANENTE MIXTA REVISORA DE CUENTAS				
PE	127	2026	AC	MENSAJE N° 135/26 QUE SOLICITA ACUERDO PARA DESIGNAR VOCAL DE LA CAMARA NACIONAL DE APELACIONES EN LO COMERCIAL DE LA CAPITAL FEDERAL, SALA B, A LA DRA. MATILDE EVANGELINA BALLERINI.	11/2026	24/04/2026 -		DE ACUERDOS				
S	127	2026	PC	SALINO Y OTROS: PROYECTO DE COMUNICACIÓN QUE SOLICITA INFORME SOBRE DIVERSOS PUNTOS RELACIONADOS A LOS INDICADORES SANITARIOS Y POLÍTICAS PÚBLICAS DE NUESTRO PAÍS.	7/2026	11/03/2026 -	SALINO, FERNANDO ALDO - BENSUSÁN, DANIEL PABLO - LEWANDOWSKI, MARCELO NÉSTOR - REJAL, JESÚS FERNANDO -	DE SALUD				
OV	126	2026	CA	"AUDITORÍA GENERAL DE LA NACIÓN: COMUNICA RESOLUCIÓN N° 108/26, QUE APRUEBA EL INFORME REALIZADO EN EL AMBITO DEL EX MINISTERIO DE EDUCACION RESPECTO A LA GESTION SOBRE EL ""PLAN APRENDER CONECTADOS"", - PERIODO AUDITADO DEL 01/01/2018 AL 18/08/2020."		06/05/2026 -		BICAMERAL PERMANENTE MIXTA REVISORA DE CUENTAS				
PE	126	2026	AC	MENSAJE N° 134/26 QUE SOLICITA ACUERDO PARA DESIGNAR FISCAL ANTE EL JUZGADO FEDERAL DE PRIMERA INSTANCIA DE GUALEGUAYCHÚ, PROV. DE ENTRE RÍOS, AL DR. PEDRO MARIANO REBOLLO.	11/2026	24/04/2026 -		DE ACUERDOS				
S	126	2026	PD	"SCHNEIDER: PROYECTO DE DECLARACION QUE EXPRESA BENEPLÁCITO POR EL ""97° ANIVERSARIO DE LA FUNDACIÓN DE COLONIAS UNIDAS"" LOC. DE LA PROV. DEL CHACO, EL 28 DE MARZO DE 2026."	7/2026	11/03/2026 -	SCHNEIDER, SILVANA LORENA -	DE ASUNTOS ADMINISTRATIVOS Y MUNICIPALES				
OV	125	2026	CA	AUDITORÍA GENERAL DE LA NACIÓN: COMUNICA RESOLUCIÓN N° 107/26, QUE APRUEBA EL INFORME SOBRE CONTROLES -INTERNO Y CONTABLE-, RESPECTO DE LOS ESTADOS CONTABLES DE TALLERES NAVALES DARSENA NORTE SACIYN (TANDANOR), CORRESPONDIENTE AL EJERCICIO FINALIZADO EL 31/12/2023, Y ADJUNTA SOBRE RESERVADO.		06/05/2026 -		BICAMERAL PERMANENTE MIXTA REVISORA DE CUENTAS				
PE	125	2026	AC	MENSAJE N° 133/26 QUE SOLICITA ACUERDO PARA DESIGNAR FISCAL GENERAL ANTE LOS TRIBUNALES ORALES EN LO PENAL ECONÓMICO DE LA CAPITAL FEDERAL FISCALÍA N° 3, A LA DRA. NATALIA CECILIA CREDE.	11/2026	24/04/2026 -		DE ACUERDOS				
S	125	2026	PD	"SCHNEIDER: PROYECTO DE DECLARACION QUE EXPRESA BENEPLÁCITO POR EL ""91° ANIVERSARIO DE LA FUNDACIÓN DE TACO POZO"" LOC. DE LA PROV. DEL CHACO, EL 18 DE MARZO DE 2026."	7/2026	11/03/2026 -	SCHNEIDER, SILVANA LORENA -	DE ASUNTOS ADMINISTRATIVOS Y MUNICIPALES				
OV	124	2026	CA	AUDITORÍA GENERAL DE LA NACIÓN: COMUNICA RESOLUCIÓN N° 106/26, QUE APRUEBA EL INFORME REFERIDO A LOS ESTADOS CONTABLES DE TALLERES NAVALES DARSENA NORTE S.A.C.I.YN. (TANDANOR), CORRESPONDIENTE AL EJERCICIO FINALIZADO EL 31/12/2023.		06/05/2026 -		BICAMERAL PERMANENTE MIXTA REVISORA DE CUENTAS				
PE	124	2026	AC	MENSAJE N° 132/26 QUE SOLICITA ACUERDO PARA DESIGNAR FISCAL GENERAL ANTE LOS TRIBUNALES ORALES EN LO PENAL ECONÓMICO DE LA CAPITAL FEDERAL, FISCALÍA N° 4, A LA DRA. MARÍA ÁNGELES RAMOS.	11/2026	24/04/2026 -		DE ACUERDOS				
S	124	2026	PL	AVILA: PROYECTO DE LEY QUE DECLARA MONUMENTO HISTORICO NACIONAL AL CEMENTERIO OESTE DE SAN MIGUEL DE TUCUMAN, PROV. DE TUCUMAN.	7/2026	11/03/2026 -	AVILA, BEATRIZ LUISA -	DE EDUCACIÓN Y CULTURA				
OV	123	2026	CA	AUDITORÍA GENERAL DE LA NACIÓN: COMUNICA RESOLUCIÓN N° 105/26, QUE APRUEBA EL EXAMEN ESPECIAL SOBRE CONTROL INTERNO Y CONTABLE EN EL AMBITO DE LA HIDROVIA (VIA NAVEGABLE TRONCAL - VNT) Y LA AGENCIA NACIONAL DE PUERTOS Y NAVEGACION (ANPYN) EX ADMINISTRACION GENERAL DE PUERTOS SAU (AGP SAU) CORRES		06/05/2026 -		BICAMERAL PERMANENTE MIXTA REVISORA DE CUENTAS				
PE	123	2026	AC	MENSAJE N° 131/26 QUE SOLICITA ACUERDO PARA DESIGNAR FISCAL GENERAL ANTE LOS TRIBUNALES ORALES EN LO PENAL ECONÓMICO DE LA CAPITAL FEDERAL, FISCALÍA N° 2, AL DR. SANTIAGO ROLDAN.	11/2026	24/04/2026 -		DE ACUERDOS				
S	123	2026	PL	"AVILA: PROYECTO DE LEY QUE CREA EL ""PROGRAMA NACIONAL TRANSPORTE SEGURO""."	6/2026	11/03/2026 -	AVILA, BEATRIZ LUISA -	DE INFRAESTRUCTURA, VIVIENDA Y TRANSPORTE	DE PRESUPUESTO Y HACIENDA			
OV	122	2026	CA	AUDITORÍA GENERAL DE LA NACIÓN: COMUNICA RESOLUCIÓN N° 104/26, QUE APRUEBA EL INFORME SOBRE CONTROLES - INTERNO Y CONTABLE- RESPECTO DE LOS ESTADOS CONTABLES DEL INSTITUTO NACIONAL DE SERVICIOS SOCIALES PARA JUBILADOS Y PENSIONADOS AL 31/12/2022. Y ADJUNTA SOBRE RESERVADO.		06/05/2026 -		BICAMERAL PERMANENTE MIXTA REVISORA DE CUENTAS				
PE	122	2026	AC	MENSAJE N° 130/26 QUE SOLICITA ACUERDO PARA DESIGNAR JUEZ DEL JUZGADO NACIONAL DE PRIMERA INSTANCIA EN LO COMERCIAL N° 10 DE LA CAPITAL FEDERAL, AL DR. GUSTAVO ALEJANDRO ROQUE CULTRARO.	11/2026	24/04/2026 -		DE ACUERDOS				
S	122	2026	PL	AVILA: PROYECTO DE LEY QUE CREA EL SISTEMA DE ALERTA TEMPRANA EDUCATIVO (SATE).	6/2026	11/03/2026 -	AVILA, BEATRIZ LUISA -	DE EDUCACIÓN Y CULTURA	DE PRESUPUESTO Y HACIENDA			
OV	121	2026	CA	AUDITORÍA GENERAL DE LA NACIÓN: COMUNICA RESOLUCIÓN N° 103/26, QUE APRUEBA EL INFORME REFERIDO A LOS ESTADOS CONTABLES DEL INSTITUTO NACIONAL DE SERVICIOS SOCIALES PARA JUBILADOS Y PENSIONADOS POR EL EJERCICIO FINALIZADO EL 31/12/2022.		06/05/2026 -		BICAMERAL PERMANENTE MIXTA REVISORA DE CUENTAS				
PE	121	2026	AC	MENSAJE N° 129/26 QUE SOLICITA ACUERDO PARA DESIGNAR JUEZ DE CAMARA DEL TRIBUNAL ORAL EN LO CRIMINAL FEDERAL N° 2 DE SAN MARTIN, PROV. DE BUENOS AIRES, AL DR. BERNARDO MARIA RODRIGUEZ PALMA.	11/2026	24/04/2026 -		DE ACUERDOS				
S	121	2026	PL	AVILA: PROYECTO DE LEY QUE MODIFICA SU SIMILAR 26.150 - PROGRAMA NACIONAL DE EDUCACION SEXUAL INTEGRAL - DE INCORPORACION DE PREVENCION SOBRE CONSUMO DIGITAL DE PORNOGRAFIA Y ADICCION A CONTENIDOS SEXUALES EN NIÑOS, NIÑAS Y ADOLESCENTES.	6/2026	11/03/2026 -	AVILA, BEATRIZ LUISA -	DE SALUD	DE SISTEMAS, MEDIOS DE COMUNICACIÓN Y LIBERTAD DE EXPRESIÓN			
OV	120	2026	CA	AUDITORÍA GENERAL DE LA NACIÓN: COMUNICA RESOLUCIÓN N° 102/26, QUE APRUEBA EL INFORME REFERIDO A LOS ESTADOS CONTABLES DEL ENTE REGULADOR DE AGUA Y SANEAMIENTO (ERAS), POR EL EJERCICIO FINALIZADO EL 31/12/2022.		06/05/2026 -		BICAMERAL PERMANENTE MIXTA REVISORA DE CUENTAS				
PE	120	2026	AC	MENSAJE N° 128/26 QUE SOLICITA ACUERDO PARA DESIGNAR JUEZ DEL JUZGADO NACIONAL EN LO CRIMINAL Y CORRECCIONAL N° 41 DE LA CAPITAL FEDERAL, AL DR. FERNANDO CARLOS DAMIAN PASCUAL.		24/04/2026 -						
S	120	2026	PL	AVILA: PROYECTO DE LEY QUE MODIFICA SU SIMILAR 26.687 (ANTITABAQUISMO) QUE REGULA LA PUBLICIDAD, PROMOCION Y CONSUMO DE LOS PRODUCTOS ELABORADOS CON TABACO Y SUSTANCIAS DESTINADAS AL VAPEO.	6/2026	11/03/2026 -	AVILA, BEATRIZ LUISA -	DE SALUD	DE SISTEMAS, MEDIOS DE COMUNICACIÓN Y LIBERTAD DE EXPRESIÓN			
OV	119	2026	CA	AUDITORÍA GENERAL DE LA NACIÓN: COMUNICA RESOLUCIÓN N° 101/26, QUE APRUEBA EL INFORME REFERIDO A LOS ESTADOS CONTABLES DE OPTAR OPERADOR MAYORISTA DE SERVICIOS TURISTICOS SAU, POR EL EJERCICIO FINALIZADO EL 31/12/2024.		06/05/2026 -		BICAMERAL PERMANENTE MIXTA REVISORA DE CUENTAS				
PE	119	2026	AC	MENSAJE N° 127/26 QUE SOLICITA ACUERDO PARA DESIGNAR JUEZA DE CAMARA DEL TRIBUNAL ORAL EN LO CRIMINAL Y CORRECCIONAL N° 25 DE LA CAPITAL FEDERAL, A LA DRA. MARIANA SALDUNA.	11/2026	24/04/2026 -		DE ACUERDOS				
S	119	2026	PL	AVILA: PROYECTO DE LEY QUE GARANTIZA LA INCLUSIÓN EN EL (PMO), DE LA COBERTURA DEL TRATAMIENTO INTEGRAL DE LA PSORIASIS Y ARTRITIS PSORIÁSICA, EN CARÁCTER DE ENFERMEDAD CRONICA.	6/2026	11/03/2026 -	AVILA, BEATRIZ LUISA -	DE SALUD	DE TRABAJO Y PREVISIÓN SOCIAL			
OV	118	2026	CA	AUDITORÍA GENERAL DE LA NACIÓN: COMUNICA RESOLUCIÓN N° 100/26, QUE APRUEBA EL MEMORANDO SOBRE SISTEMA DE CONTROL INTERNO CONTABLE DEL FIDEICOMISO DE ADMINISTRACION PROYECTO REACTOR CAREM, DEL BANCO DE LA NACION ARGENTINA, CORRESPONDIENTE AL EJERCICIO FINALIZADO EL 31/12/2023. Y ADJUNTA SOBRE RES		06/05/2026 -		BICAMERAL PERMANENTE MIXTA REVISORA DE CUENTAS				
PE	118	2026	AC	MENSAJE N° 126/26 QUE SOLICITA ACUERDO PARA DESIGNAR JUEZA DE CAMARA DEL TRIBUNAL ORAL EN LO CRIMINAL Y CORRECCIONAL N° 16 DE LA CAPITAL FEDERAL, A LA DRA. VANESA SILVANA ALFARO.	11/2026	24/04/2026 -		DE ACUERDOS				
S	118	2026	PL	AVILA: PROYECTO DE LEY QUE REGULA Y PROMUEVE LAS TERAPIAS Y ACTIVIDADES ASISTIDAS CON ANIMALES (TAACA).	6/2026	11/03/2026 -	AVILA, BEATRIZ LUISA -	DE TRABAJO Y PREVISIÓN SOCIAL	DE SALUD			
OV	117	2026	CA	AUDITORÍA GENERAL DE LA NACIÓN: COMUNICA RESOLUCIÓN N° 99/26, QUE APRUEBA EL INFORME REFERIDO A LOS ESTADOS CONTABLES DEL FIDEICOMISO DE ADMINISTRACIÓN PROYECTO REACTOR CAREM, DEL BANCO DE LA NACION ARGENTINA, PERIODO AUDITADO DEL 01/01/2023 AL  31/12/2023.		06/05/2026 -		BICAMERAL PERMANENTE MIXTA REVISORA DE CUENTAS				
PE	117	2026	AC	MENSAJE N° 125/26 QUE SOLICITA ACUERDO PARA DESIGNAR JUEZA DEL JUZGADO NACIONAL DE PRIMERA INSTANCIA EN LO CIVIL N° 27 DE LA CAPITAL FEDERAL, A LA DRA. BARBARA RASTELLINO.	11/2026	24/04/2026 -		DE ACUERDOS				
S	117	2026	PL	LOSADA: PROYECTO DE LEY QUE INCORPORA EL ART. 158 BIS A SU SIMILAR 11.179 - CODIGO PENAL DE LA NACION - RESPECTO DEL DELITO DE BLOQUEOS EXTORSIVOS.	6/2026	11/03/2026 -	LOSADA, CAROLINA -	DE JUSTICIA Y ASUNTOS PENALES				
OV	116	2026	CV	AUDITORÍA GENERAL DE LA NACIÓN: COMUNICA RESOLUCIÓN N° 98/26, QUE APRUEBA EL MEMORANDUM SOBRE EL SISTEMA DE CONTROL INTERNO CORRESPONDIENTE AL EJERCICIO FINALIZADO EL 31/12/2025 DEL BANCO DE LA NACIÓN ARGENTINA, Y ADJUNTA SOBRE CERRADO.		06/05/2026 -		BICAMERAL PERMANENTE MIXTA REVISORA DE CUENTAS				
PE	116	2026	AC	MENSAJE N° 124/26 QUE SOLICITA ACUERDO PARA DESIGNAR JUEZ DEL JUZGADO NACIONAL EN LO CRIMINAL Y CORRECCIONAL N° 3 DE LA CAPITAL FEDERAL, AL DR. JAVIER RODRIGO PEREYRA.	11/2026	24/04/2026 -		DE ACUERDOS				
S	116	2026	PL	"ROJAS DECUT: PROYECTO DE LEY QUE DECLARA A LA PROVINCIA DE MISIONES COMO ""CAPITAL NACIONAL DE LA EDUCACION DISRUPTIVA""."	6/2026	11/03/2026 -	ROJAS DECUT, SONIA ELIZABETH -	DE EDUCACIÓN Y CULTURA				
OV	115	2026	CV	AUDITORÍA GENERAL DE LA NACIÓN: COMUNICA RESOLUCIÓN Nº 97/26, QUE APRUEBA LOS INFORMES DE LOS ESTADOS FINANCIEROS CONSOLIDADOS Y SEPARADOS DEL BANCO DE LA NACIÓN ARGENTINA, PERIODO AUDITADO 01/01/2025 AL 31/12/2025.		06/05/2026 -		BICAMERAL PERMANENTE MIXTA REVISORA DE CUENTAS				
PE	115	2026	AC	MENSAJE N° 123/26 QUE SOLICITA ACUERDO PARA DESIGNAR VOCAL DE LA CAMARA NACIONAL DE APELACIONES EN LO CIVIL DE LA CAPITAL FEDERAL, SALA D, AL DR. AGUSTIN RAUL RUBIERO.	11/2026	24/04/2026 -		DE ACUERDOS				
S	115	2026	PD	"ROJAS DECUT: PROYECTO DE DECLARACION QUE DECLARA DE INTERES EL PRIMER ""MUNDIAL DE LA YERBA MATE"", A REALIZARSE EN EL MUSEO DEL MATE, CABA, DEL 5 AL 7 DE JUNIO DE 2026."	6/2026	11/03/2026 -	ROJAS DECUT, SONIA ELIZABETH - VALENZUELA, MERCEDES GABRIELA -	DE EDUCACIÓN Y CULTURA				
OV	114	2026	CV	AUDITORIA GENERAL DE LA NACION: COMUNICA RESOLUCION Nº 96/26, QUE TOMA CONOCIMIENTO DE LOS INFORMES DE REVISION DE LOS ESTADOS FINANCIEROS INTERMEDIOS CONSOLIDADOS CONDENSADOS Y SEPARADOS CONDENSADOS REFERIDOS AL BANCO DE LA NACION ARGENTINA, PERIODO AUDITADO 01/01/2025 AL 30/09/2025.		06/05/2026 -		BICAMERAL PERMANENTE MIXTA REVISORA DE CUENTAS				
PE	114	2026	AC	MENSAJE N° 122/26 QUE SOLICITA ACUERDO PARA DESIGNAR VOCAL DE LA CAMARA FEDERAL DE LA SEGURIDAD SOCIAL, SALA III, A LA DRA. ALICIA ISABEL BRAGHINI.	11/2026	24/04/2026 -		DE ACUERDOS				
S	114	2026	PD	"ROJAS DECUT: PROYECTO DE DECLARACION QUE DECLARA DE INTERES LA REALIZACION DEL ""PROGRAMA POSADAS STARTUP 2026"", EN LA CDAD. DE POSADAS, PROV. DE MISIONES, ENTRE EL 9 DE MARZO Y EL 4 DE JUNIO DE 2026."	6/2026	11/03/2026 -	ROJAS DECUT, SONIA ELIZABETH -	DE ECONOMÍAS REGIONALES, ECONOMÍA SOCIAL, MICRO, PEQUEÑA Y MEDIANA EMPRESA				
OV	113	2026	CV	AUDITORÍA GENERAL DE LA NACIÓN: COMUNICA RESOLUCIÓN Nº 95/26, QUE TOMA CONOCIMIENTO DE LOS INFORMES DE REVISIÓN SOBRE LOS ESTADOS FINANCIEROS INTERMEDIOS CONSOLIDADOS CONDENSADOS Y SEPARADOS CONDENSADOS REFERIDOS AL BANCO DE LA NACIÓN ARGENTINA, PERIODO AUDITADO 01/01/2025 AL 30/06/2025.		06/05/2026 -		BICAMERAL PERMANENTE MIXTA REVISORA DE CUENTAS				
PE	113	2026	AC	MENSAJE N° 121/26 QUE SOLICITA ACUERDO PARA DESIGNAR JUEZA DEL JUZGADO NACIONAL DE PRIMERA INSTANCIA EN LO CIVIL N° 66 DE LA CAPITAL FEDERAL, A LA DRA. FLORENCIA INÉS CORDOBA.	11/2026	24/04/2026 -		DE ACUERDOS				
S	113	2026	PL	LEWANDOWSKI: PROYECTO DE LEY DE FOMENTO A LA INDUSTRIA NACIONAL DEL ALUMINIO Y ACERO, Y DEFENSA DE LA COMPETITIVIDAD PRODUCTIVA.	6/2026	11/03/2026 -	LEWANDOWSKI, MARCELO NÉSTOR -	DE PRESUPUESTO Y HACIENDA	DE INDUSTRIA Y COMERCIO			
OV	112	2026	CV	AUDITORÍA GENERAL DE LA NACIÓN: COMUNICA RESOLUCIÓN Nº 94/26, QUE TOMA CONOCIMIENTO DE LOS INFORMES DE REVISIÓN RESPECTO DE LOS ESTADOS FINANCIEROS INTERMEDIOS CONSOLIDADOS CONDENSADOS Y SEPARADOS CONDENSADOS, REFERIDOS AL BANCO DE LA NACIÓN ARGENTINA, PERIODO AUDITADO 01/01/2025 AL 31/03/2025		06/05/2026 -		BICAMERAL PERMANENTE MIXTA REVISORA DE CUENTAS				
PE	112	2026	AC	MENSAJE N° 120/26 QUE SOLICITA ACUERDO PARA DESIGNAR JUEZA DEL JUZGADO NACIONAL DE PRIMERA INSTANCIA EN LO CIVIL N° 9 DE LA CAPITAL FEDERAL, A LA DRA. LUCILA CALIFANO.	11/2026	24/04/2026 -		DE ACUERDOS				
OV	111	2026	CV	AUDITORÍA GENERAL DE LA NACIÓN: COMUNICA RESOLUCIÓN N° 93/26, QUE APRUEBA EL EXAMEN ESPECIAL SOBRE LA EJECUCIÓN PRESUPUESTARIA DE LA SECRETARIA DE HACIENDA DEL MINISTERIO DE ECONOMÍA, CORRESPONDIENTE AL PRIMER TRIMESTRE DE 2025.		06/05/2026 -		BICAMERAL PERMANENTE MIXTA REVISORA DE CUENTAS				
PE	111	2026	AC	MENSAJE N° 119/26 QUE SOLICITA ACUERDO PARA DESIGNAR DEFENSOR PUBLICO OFICIAL ANTE LOS TRIBUNALES ORALES EN LO PENAL ECONOMICO DE LA CAPITAL FEDERAL, DEFENSORIA N° 2, AL DR. HERNAN ENRIQUE FIGUEROA.	11/2026	24/04/2026 -		DE ACUERDOS				
S	111	2026	PD	"FULLONE Y BEDIA: PROYECTO DE DECLARACIÓN QUE DECLARA DE INTERÉS EL EMPRENDIMIENTO ""FORRAJETECNOL"", EN LA CDAD. DE VIEDMA, PROV. DE RIO NEGRO."	6/2026	10/03/2026 -	FULLONE, ENZO PAOLO - BEDIA, VILMA FACUNDA - ALMEIDA, ROMINA MARÍA -	DE AGRICULTURA, GANADERÍA Y PESCA				
PE	110	2026	AC	MENSAJE N° 118/26 QUE SOLICITA ACUERDO PARA DESIGNAR DEFENSOR PUBLICO OFICIAL ADJUNTO ANTE LOS TRIBUNALES ORALES EN LO CRIMINAL Y CORRECCIONAL DE LA CAPITAL FEDERAL, DEFENSORIA N° 11, AL DR. GERMAN LUIS ARTOLA.	11/2026	24/04/2026 -		DE ACUERDOS				
S	110	2026	PD	FULLONE Y BEDIA: PROYECTO DE DECLARACION QUE DECLARA DE INTERES LA TRAYECTORIA DEPORTIVA DEL EQUIPO DE VELA PAPRIKA 4747, REPRESENTANTES DE LA PROV. DE RIO NEGRO, POR LOS LOGROS OBTENIDOS EN DIVERSOS CAMPEONATOS Y SU PARTICIPACION EN EL CAMPEONATO MUNDIAL 2026 A REALIZARSE EN ITALIA.	6/2026	10/03/2026 -	FULLONE, ENZO PAOLO - BEDIA, VILMA FACUNDA - ALMEIDA, ROMINA MARÍA -	DE DEPORTE				
PE	109	2026	AC	MENSAJE N° 117/26 QUE SOLICITA ACUERDO PARA DESIGNAR DEFENSORA PUBLICA OFICIAL ADJUNTA ANTE LOS TRIBUNALES ORALES EN LO CRIMINAL Y CORRECCIONAL DE LA CAPITAL FEDERAL, DEFENSORIA N° 15, A LA DRA. NURIA SABA SARDAÑONS.	11/2026	24/04/2026 -		DE ACUERDOS				
S	109	2026	PD	"FULLONE Y BEDIA: PROYECTO DE DECLARACIÓN QUE DECLARA DE INTERÉS LA DESTACADA ACTUACIÓN DEL DEPORTISTA PALISTA, ARAMIS SÁNCHEZ, EN UNA COMPETENCIA DE CANOTAJE CONOCIDA COMO ""LA REMONTADA DE ARAMIS SANCHEZ""."	6/2026	10/03/2026 -	FULLONE, ENZO PAOLO - BEDIA, VILMA FACUNDA - ALMEIDA, ROMINA MARÍA -	DE DEPORTE				
PE	108	2026	AC	MENSAJE N° 116/26 QUE SOLICITA ACUERDO PARA DESIGNAR DEFENSOR PUBLICO OFICIAL ANTE EL TRIBUNAL ORAL EN LO CRIMINAL FEDERAL DE LA RIOJA, PROV. DE LA RIOJA, AL DR. JOSE NICOLAS CELESTINO CHUMBITA.	11/2026	24/04/2026 -		DE ACUERDOS				
S	108	2026	PD	FULLONE Y BEDIA: PROYECTO DE DECLARACION QUE DECLARA DE INTERÉS LA TRAYECTORIA DEPORTIVA AL PALISTA RIONEGRINO SANTIAGO MAÑONE KISSNER, REPRESENTANDO A LA REPÚBLICA ARGENTINA COMO INTEGRANTE DE LA SELECCIÓN NACIONAL.	6/2026	10/03/2026 -	FULLONE, ENZO PAOLO - BEDIA, VILMA FACUNDA - ALMEIDA, ROMINA MARÍA -	DE DEPORTE				
OV	107	2026	CA	AUDITORIA GENERAL DE LA NACION: COMUNICA DISPOSICION N° 220/26, QUE RESUELVE IMPUTAR AL FONDO ESPECIAL DE RESERVA DE LA AGN CREADO POR DISPOSICION N° 283/25-AGN.		04/05/2026 -		BICAMERAL PERMANENTE MIXTA REVISORA DE CUENTAS				
PE	107	2026	AC	MENSAJE N° 115/26 QUE SOLICITA ACUERDO PARA DESIGNAR DEFENSORA PUBLICA DE VICTIMA CON ASIENTO EN LA PROV. DE SANTIAGO DEL ESTERO, A LA DRA. SOFIA BEATRIZ DEL MILAGRO MARTIN.	11/2026	24/04/2026 -		DE ACUERDOS				
S	107	2026	PD	ROJAS DECUT Y ARCE: PROYECTO DE DECLARACIÓN QUE CONMEMORA UN NUEVO ANIVERSARIO DE LA INVASION MILITAR DE LA FEDERACION RUSA A UCRANIA, EL 24 DE FEBRERO DE 2026.	6/2026	10/03/2026 -	ROJAS DECUT, SONIA ELIZABETH - ARCE, CARLOS OMAR -	DE RELACIONES EXTERIORES Y CULTO				
OV	106	2026	CA	"AUDITORIA GENERAL DE LA NACION: COMUNICA RESOLUCION N° 92/26, QUE APRUEBA EL INFORME DE AUDITORIA ELABORADO EN EL AMBITO DEL ENTONCES MIN. DE OBRAS PUBLICAS, ACTUAL SEC. DE OBRAS PUBLICAS, REFERIDO A LOS FONDOS TRANSFERIDOS A GOBIERNOS MUNICIPALES A TRAVES DEL PROGRAMA 72 DESTINADOS AL PLAN ""ARGENT"		04/05/2026 -		BICAMERAL PERMANENTE MIXTA REVISORA DE CUENTAS				
PE	106	2026	AC	MENSAJE N° 114/26 QUE SOLICITA ACUERDO PARA DESIGNAR DEFENSOR PUBLICO DE MENORES E INCAPACES ANTE LOS TRIBUNALES ORALES EN LO CRIMINAL Y CORRECCIONAL DE LA CAPITAL FEDERAL, DEFENSORIA N° 4, AL DR. MAXIMILIANO EDUARDO NICOLAS.	11/2026	24/04/2026 -		DE ACUERDOS				
S	106	2026	PD	"ROJAS DECUT Y ARCE: PROYECTO DE DECLARACIÓN QUE DECLARA DE INTERES EL ""CONGRESO INTERNACIONAL DE DERECHO PROCESAL: PRESENTE Y FUTURO DEL DERECHO PROCESAL"", A REALIZARSE EN LA CDAD. DE PUERTO IGUAZU, PROV. DE MISIONES, EL 19 Y 20 DE MARZO DE 2026."	6/2026	10/03/2026 -	ROJAS DECUT, SONIA ELIZABETH - ARCE, CARLOS OMAR -	DE LEGISLACIÓN GENERAL				
OV	105	2026	CA	AUDITORIA GENERAL DE LA NACION: COMUNICA RESOLUCION N° 91/26, QUE APRUEBA EL INFORME DE AUDITORIA REALIZADO EN EL AMBITO DE LA CAMARA NAC. ELECTORAL REFERIDO A LA EVALUACION DE LA RENDICION DE CUENTAS- FONDO ANUAL ESPECIAL (ART. 4, INC. D, LEY 19.108 Y S/M)- EJERCICIO 2022.		04/05/2026 -		BICAMERAL PERMANENTE MIXTA REVISORA DE CUENTAS				
PE	105	2026	AC	MENSAJE N° 113/26 QUE SOLICITA ACUERDO PARA DESIGNAR DEFENSORA PUBLICA DE VICTIMA CON ASIENTO EN LA PROV. DE RIO NEGRO, A LA DRA. MARIA LAURA IRASTORZA.	11/2026	24/04/2026 -		DE ACUERDOS				
OV	104	2026	CA	AUDITORIA GENERAL DE LA NACION: COMUNICA RESOLUCION N° 90/26, QUE APRUEBA EL INFORME DE AUDITORIA REALIZADO EN EL AMBITO DE LA CAMARA NAC. ELECTORAL REFERIDO A LA EVALUACION DE LA RENDICION DE CUENTAS- FONDO ANUAL ESPECIAL (ART. 4, INC. D, LEY 19.108 Y S/M)- EJERCICIO 2021.		04/05/2026 -		BICAMERAL PERMANENTE MIXTA REVISORA DE CUENTAS				
PE	104	2026	AC	MENSAJE N° 112/26 QUE SOLICITA ACUERDO PARA DESIGNAR DEFENSORA PUBLICA OFICIAL FEDERAL DEL INTERIOR DEL PAIS CON ASIENTO EN LA CIUDAD DE FORMOSA, PROV. DE FORMOSA, A LA DRA. MARIA ESTHER PINOS.	11/2026	24/04/2026 -		DE ACUERDOS				
S	104	2026	PL	LOPEZ C. Y OTROS: PROYECTO DE LEY DE ENERGIA CON EQUIDAD SOCIAL.	6/2026	10/03/2026 -	LÓPEZ, CÁNDIDA CRISTINA - KIRCHNER, ALICIA MARGARITA ANTONIA - FERNÁNDEZ SAGASTI, ANABEL - SORIA, MARTIN IGNACIO - GONZÁLEZ, MARÍA TERESA MARGARITA - LINARES, CARLOS ALBERTO - CAPITANICH, JORGE MILTON - CARAMBIA, JOSÉ MARÍA - CORPACCI, LUCÍA BENIGNA - MARKS, ANA INÉS - MAYANS, JOSÉ MIGUEL ÁNGEL - LÓPEZ, MARÍA FLORENCIA - BENSUSÁN, DANIEL PABLO - DI TULLIO, JULIANA - RECALDE, MARIANO - GIMÉNEZ NAVARRO, MARÍA CELESTE - BAHL, ADÁN HUMBERTO - GADANO, NATALIA ELENA -	DE ASUNTOS CONSTITUCIONALES	DE MINERÍA, ENERGÍA Y COMBUSTIBLES	DE PRESUPUESTO Y HACIENDA		
OV	103	2026	CA	AUDITORIA GENERAL DE LA NACION: COMUNICA RESOLUCION N° 89/26, QUE APRUEBA EL INFORME REFERIDO A LA GESTION DE LAS TICS (TECNOLOGIAS DE LA INFORMACION Y LA COMUNICACIÓN) PARA LA IMPLEMENTACION Y SEG. DE LOS ODS-SEGUIMIENTO DEL INFORME APROBADO POR RES. N° 39/2020, EN EL AMBITO DEL CONSEJO NAC. DE		04/05/2026 -		BICAMERAL PERMANENTE MIXTA REVISORA DE CUENTAS				
PE	103	2026	AC	MENSAJE N° 111/26 QUE SOLICITA ACUERDO PARA DESIGNAR DEFENSORA PUBLICA OFICIAL ANTE LA CAMARA FEDERAL DE CASACION PENAL, DEFENSORIA N° 3, A LA DRA. ANA CLARISA GALAN MUÑOZ.	11/2026	24/04/2026 -		DE ACUERDOS				
S	103	2026	PD	CORROZA: PROYECTO DE DECLARACIÓN QUE ADHIERE AL 116° ANIVERSARIO DE LA LOCALIDAD DE TRICAO MALAL, DEPTO. CHOS MALAL, PROV. DEL NEUQUEN, EL 10 DE MARZO DE 2026.	6/2026	10/03/2026 -	CORROZA, JULIETA -	DE ASUNTOS ADMINISTRATIVOS Y MUNICIPALES				
OV	102	2026	CA	"AUDITORIA GENERAL DE LA NACION: COMUNICA RESOLUCION N° 88/26, QUE APRUEBA EL INFORME DE AUDITORIA REALIZADO EN EL AMBITO DE LA EX SEC. DE MEDIOS Y COMUNICACIÓN PUBLICA REFERIDO A ""VERIFICAR LA GESTION DESARROLLADA POR LA SEC. DE GOBIERNO DEL SISTEMA FEDERAL DE MEDIOS Y CONTENIDOS PUBLICOS PARA LA"		04/05/2026 -		BICAMERAL PERMANENTE MIXTA REVISORA DE CUENTAS				
PE	102	2026	PL	MENSAJE N° 110/26 Y PROYECTO DE LEY DE REFORMA ELECTORAL INTEGRAL.	28/2026	22/04/2026 -		DE ASUNTOS CONSTITUCIONALES				
S	102	2026	PD	CORROZA: PROYECTO DE DECLARACIÓN QUE ADHIERE AL 91° ANIVERSARIO DE LA LOCALIDAD DE PLOTTIER, DEPTO. CONFLUENCIA, PROV. DEL NEUQUEN, EL 26 DE MARZO DE 2026.	5/2026	10/03/2026 -	CORROZA, JULIETA -	DE ASUNTOS ADMINISTRATIVOS Y MUNICIPALES				
OV	101	2026	CA	AUDITORIA GENERAL DE LA NACION: COMUNICA RESOLUCION N° 87/26, QUE APRUEBA EL INFORME DE AUDITORIA REFERIDO A LA GESTION DE TECNOLOGIA DE LA INFORMACION - SISTEMAS DE INFORMACION - SISTEMA PRESUPUESTARIO Y CONTABLE, EN EL AMBITO DE LA EX SOC. DEL ESTADO CASA DE MONEDA ACTUAL CASA DE MONEDA SAU - PER		04/05/2026 -		BICAMERAL PERMANENTE MIXTA REVISORA DE CUENTAS				
S	101	2026	PD	CORROZA: PROYECTO DE DECLARACIÓN QUE ADHIERE AL 38° ANIVERSARIO DE LA LOCALIDAD DE VILLA CURÍ LEUVÚ, DEPTO. CHOS MALAL, PROV. DEL NEUQUEN, EL 11 DE MARZO DE 2026.	5/2026	10/03/2026 -	CORROZA, JULIETA -	DE ASUNTOS ADMINISTRATIVOS Y MUNICIPALES				
OV	100	2026	CA	AUDITORIA GENERAL DE LA NACION: COMUNICA RESOLUCION N° 86/26, QUE APRUEBA EL INFORME DE AUDITORIA REFERIDO A LA GESTION AMBIENTAL DEL PROGRAMA NACIONAL DE PROTECCION DE LOS BOSQUES NATIVOS ODS 15.2 ZONA CENTRAL DE LA REP. ARGENTINA, EN EL AMBITO DEL EX MIN. DE AMBIENTE Y DESARROLLO SOSTENIBLE ACTUA		04/05/2026 -		BICAMERAL PERMANENTE MIXTA REVISORA DE CUENTAS				
PE	100	2026	PL	MENSAJE N° 109/26 Y PROYECTO DE LEY CONTRA EL FRAUDE DE PENSIONES POR INVALIDEZ.	28/2026	20/04/2026 -		DE TRABAJO Y PREVISIÓN SOCIAL	DE POBLACIÓN Y DESARROLLO  HUMANO	DE PRESUPUESTO Y HACIENDA		
S	100	2026	PL	"ALVAREZ RIVERO: PROYECTO DE LEY QUE DECLARA EL 10 DE MARZO DE CADA AÑO, COMO ""DIA DE ENSEÑAR A LEER, ESCRIBIR Y PENSAR EN PRIMER GRADO""."	5/2026	10/03/2026 -	ALVAREZ RIVERO, CARMEN -	DE EDUCACIÓN Y CULTURA				
OV	99	2026	CA	AUDITORIA GENERAL DE LA NACION: COMUNICA RESOLUCION N° 85/26, QUE APRUEBA EL INFORME DE AUDITORIA REFERIDO AL PROGRAMA DE RESIDUOS REGULADOS EN EL AMBITO DEL SERVICIO NAC. DE SANIDAD Y CALIDAD AGROALIMENTARIA (SENASA) - PERIODO AUDITADO: 01/01/2019 AL 29/12/2023.		04/05/2026 -		BICAMERAL PERMANENTE MIXTA REVISORA DE CUENTAS				
PE	99	2026	PL	MENSAJE N° 108/26 Y PROYECTO DE LEY SOBRE MODIFICACIONES A LA LEY NACIONAL DE SALUD MENTAL N° 26.657.	28/2026	20/04/2026 -		DE SALUD	DE LEGISLACIÓN GENERAL			
S	99	2026	PC	LEWANDOWSKI: PROYECTO DE COMUNICACION QUE SOLICITA LA REANUDACION DE LAS OBRAS EN EL MONUMENTO NACIONAL A LA BANDERA Y SU TRASPASO AL GOBIERNO DE LA PROV. DE SANTA FE.	5/2026	10/03/2026 -	LEWANDOWSKI, MARCELO NÉSTOR -	DE PRESUPUESTO Y HACIENDA				
OV	98	2026	CA	AUDITORIA GENERAL DE LA NACION: COMUNICA RESOLUCION N° 84/26, QUE APRUEBA EL INFORME DE AUDITORIA REFERIDO A LAS ACCIONES IMPLEMENTADAS PARA LA CONSERVACION DE ESPECIES AMENAZADAS ODS 15. VIDA DE ECOSISTEMAS TERRESTRES META 15.5 EN EL AMBITO DE LA ENTONCES SEC. DE TURISMO, AMBIENTE Y DEPORTES - PER		04/05/2026 -		BICAMERAL PERMANENTE MIXTA REVISORA DE CUENTAS				
PE	98	2026	PL	MENSAJE N° 107/26 Y PROYECTO DE LEY QUE APRUEBA EL ACUERDO DE CONCILIACION CON BAINBRIDGE LTD. Y EL GRUPO DE ACREEDORES ENCABEZADO POR ATTESTOR VALUE MASTER FUND LP.	26/2026	20/04/2026 -		DE PRESUPUESTO Y HACIENDA	DE ECONOMÍA NACIONAL E INVERSIÓN	DE PRESUPUESTO Y HACIENDA	DE ECONOMÍA NACIONAL E INVERSIÓN	
S	98	2026	PL	ABAD: REPRODUCE PROYECTO DE LEY QUE MODIFICA EL ART. 41 QUINQUIES DEL CODIGO PENAL RESPECTO DE LA DEFINICION DEL DELITO DE TERRORISMO, Y SU SIMILAR 25.246 - ENCUBRIMIENTO Y LAVADO DE ACTIVO DE ORIGEN DELICTIVO-, SOBRE LA UNIDAD DE INFORMACION FINANCIERA (REF. S. 1241/2024).	5/2026	09/03/2026 -	ABAD, MAXIMILIANO -	DE JUSTICIA Y ASUNTOS PENALES	DE PRESUPUESTO Y HACIENDA			
OV	97	2026	CA	AUDITORIA GENERAL DE LA NACION: COMUNICA RESOLUCION N° 83/26, QUE APRUEBA EL INFORME DE AUDITORIA REFERIDO AL PROGRAMA NACIONAL PARA EL ESTUDIO Y LA INVESTIGACION DEL USO MEDICINAL DE LA PLANTA DE CANNABIS Y SUS DERIVADOS Y TRATAMIENTOS NO CONVENCIONALES, EN EL AMBITO DEL MIN. DE SALUD - PERIODO AU		04/05/2026 -		BICAMERAL PERMANENTE MIXTA REVISORA DE CUENTAS				
PE	97	2026	PL	MENSAJE N° 106/26 Y PROYECTO DE LEY QUE APRUEBA LA ENMIENDA AL PROTOCOLO DE MONTEVIDEO SOBRE EL COMERCIO DE SERVICIOS DEL MERCOSUR - LISTAS DE COMPROMISOS ESPECÍFICOS SUSCRIPTA EN LA CDAD. DE RIO DE JANEIRO, REP. FEDERATIVA DEL BRASIL, EL 7 DE DICIEMBRE DE 2023.	26/2026	17/04/2026 -		DE RELACIONES EXTERIORES Y CULTO				
S	97	2026	PL	ABAD: REPRODUCE PROYECTO DE LEY QUE MODIFICA EL ART. 1° DE SU SIMILAR 26.872 - PATOLOGIA MAMARIA -, RESPECTO DE INCLUIR EN LAS OBRAS SOCIALES LA COBERTURA DE LA CIRUGIA RECONSTRUCTIVA Y LA CIRUGIA DE SIMETRIZACION DE LA MAMA CONTRALATERAL (REF. S.405/2024).	5/2026	09/03/2026 -	ABAD, MAXIMILIANO -	DE SALUD	DE TRABAJO Y PREVISIÓN SOCIAL			
OV	96	2026	CA	AUDITORIA GENERAL DE LA NACION: COMUNICA RESOLUCION N° 82/26, QUE APRUEBA EL INFORME DE AUDITORIA REALIZADO EN EL AMBITO DEL EX MIN. DE DESARROLLO SOCIAL EN CUANTO A LA GESTION DE COMPRAS Y CONTRATACIONES - PERIODO AUDITADO: 01/01/2018 AL 31/12/2022.		04/05/2026 -		BICAMERAL PERMANENTE MIXTA REVISORA DE CUENTAS				
S	96	2026	PL	ABAD: REPRODUCE PROYECTO DE LEY QUE CREA UNA NUEVA SALA EN LA CAMARA FEDERAL DE APELACIONES DE MAR DEL PLATA. (REF. S. 1064/24)	5/2026	09/03/2026 -	ABAD, MAXIMILIANO - JURI, MARIANA -	DE JUSTICIA Y ASUNTOS PENALES	DE PRESUPUESTO Y HACIENDA			
OV	95	2026	CA	"AUDITORIA GENERAL DE LA NACION: COMUNICA RESOLUCION N° 81/26, QUE APRUEBA EL INFORME DE AUDITORIA INDEPENDIENTE SOBRE LOS ESTADOS FINANCIEROS DEL ""PROGRAMA FEDERAL DE SEGURIDAD"" (C.P. N° 4113/OC-AR BID), POR EL EJERCICIO N° 4, INICIADO EL 01/01/2022 Y FINALIZADO EL 31/12/2022."		04/05/2026 -		BICAMERAL PERMANENTE MIXTA REVISORA DE CUENTAS				
PE	95	2026	PL	MENSAJE N° 105/26 Y PROYECTO DE LEY QUE APRUEBA EL CONVENIO SOBRE SEGURIDAD SOCIAL CON LA REPÚBLICA DE SAN MARINO Y EL ACUERDO ADMINISTRATIVO PARA LA APLICACIÓN DEL CONVENIO SOBRE SEGURIDAD SOCIAL CON LA REPÚBLICA DE SAN MARINO, CELEBRADO EN CABA, EL 25 DE AGOSTO DE 2023.	24/2026	13/04/2026 -		DE RELACIONES EXTERIORES Y CULTO				
S	95	2026	PL	"ABAD: REPRODUCE PROYECTO DE LEY QUE INSTITUYE EL DIA 9 DE SEPTIEMBRE DE CADA AÑO, COMO EL DIA DEL ""DIALOGO, ACUERDO Y FORMACIÓN POLÍTICA"", EN CONMEMORACIÓN DEL FALLECIMIENTO DEL DR. RICARDO BALBIN. (REF. S. 441/24)."	5/2026	09/03/2026 -	ABAD, MAXIMILIANO -	DE EDUCACIÓN Y CULTURA				
OV	94	2026	CA	"AUDITORIA GENERAL DE LA NACION: COMUNICA RESOLUCION N° 80/26, QUE APRUEBA EL INFORME DE AUDITORIA INDEPENDIENTE SOBRE LOS ESTADOS FINANCIEROS DEL PROGRAMA ""MEJORA DE LA INCLUSION EN EDUCACION SECUNDARIA Y SUPERIOR"" - PARTE 1, (C.P. N° 8999-AR BIRF),  EJERCICIO N° 5 DESDE EL 01/01/2024 AL 31/12/20"		04/05/2026 -		BICAMERAL PERMANENTE MIXTA REVISORA DE CUENTAS				
PE	94	2026	PL	MENSAJE N° 104/26 Y PROYECTO DE LEY QUE APRUEBA EL CONVENIO DE SEGURIDAD SOCIAL CON LA CONFEDERACION SUIZA Y EL ACUERDO ADMINISTRATIVO PARA LA APLICACIÓN DEL CONVENIO DE SEGURIDAD SOCIAL CON LA CONFEDERACION SUIZA, SUSCRIPTO EN CABA, EL 27 DE MAYO DE 2024.	24/2026	13/04/2026 -		DE RELACIONES EXTERIORES Y CULTO				
S	94	2026	PL	"ABAD: REPRODUCE PROYECTO DE LEY QUE INSTITUYE LA PRIMERA SEMANA DE OCTUBRE, COMO LA ""SEMANA NACIONAL DE LAS INVERSORAS Y LOS INVERSORES"". (REF. S. 1955/24)."	5/2026	09/03/2026 -	ABAD, MAXIMILIANO -	DE ECONOMÍA NACIONAL E INVERSIÓN	DE EDUCACIÓN Y CULTURA			
OV	93	2026	CA	"AUDITORIA GENERAL DE LA NACION: COMUNICA RESOLUCION N° 79/26, QUE APRUEBA EL INFORME DE AUDITORIA INDEPENDIENTE SOBRE LOS ESTADOS FINANCIEROS DEL ""PROGRAMA PROMOCION DE SISTEMAS AGROALIMENTARIOS RESILIENTES Y SOSTENIBLES PARA LA AGRICULTURA FAMILIAR"", C.P Nª FONPLATA ARG 055/2021, EJERCICO Nª 2 F"		04/05/2026 -		BICAMERAL PERMANENTE MIXTA REVISORA DE CUENTAS				
PE	93	2026	AC	MENSAJE N° 103/26 QUE SOLICITA ACUERDO PARA DESIGNAR DEFENSOR PUBLICO DE VICTIMA CON ASIENTO EN LA PROVINCIA DE ENTRE RIOS, AL DR. JUAN IGNACIO LAZZANEO.	10/2026	09/04/2026 -		DE ACUERDOS				
S	93	2026	PL	ABAD: REPRODUCE PROYECTO DE LEY QUE MODIFICA SU SIMILAR 26.045 - REGISTRO NACIONAL DE PRECURSORES QUIMICOS-, RESPECTO DE ACTUALIZAR LAS MULTAS Y SE GARANTICE UN PORCENTAJE DE LO RECAUDADO PARA LA FINANCIACION DE POLITICAS DE PREVENCION. (REF. S. 1984/24).	5/2026	09/03/2026 -	ABAD, MAXIMILIANO -	DE SEGURIDAD INTERIOR Y NARCOTRÁFICO				
OV	92	2026	CA	"AUDITORIA GENERAL DE LA NACION: COMUNICA RESOLUCION N° 78/26, QUE APRUEBA EL INFORME DE AUDITORIA INDEPENDIENTE SOBRE LOS ESTADOS FINANCIEROS DEL ""PROGRAMA PROMOCION DE SISTEMAS AGROALIMENTARIOS RESILIENTES Y SOSTENIBLES PARA LA AGRICULTURA FAMILIAR"", CONVENIO DE FINANCIADION FIDA N 2000003982-AR ("		04/05/2026 -		BICAMERAL PERMANENTE MIXTA REVISORA DE CUENTAS				
PE	92	2026	AC	MENSAJE N° 102/26 QUE SOLICITA ACUERDO PARA DESIGNAR VOCAL DE LA CAMARA FEDERAL DE APELACIONES DE MENDOZA, PROVINCIA DE MENDOZA, SALA A, AL DR. SEBASTIAN GUILLERMO SONEIRA.	10/2026	09/04/2026 -		DE ACUERDOS				
S	92	2026	PD	MENDOZA: PROYECTO DE DECLARACIÓN QUE ADHIERE AL ANIVERSARIO DE LA BATALLA DE TUCUMAN, EL 24 DE SEPTIEMBRE DE 2026, RINDIENDO DISTINTOS HOMENAJES AFINES Y EXPRESA RECONOCIMIENTO A LA FESTIVIDAD DE NUESTRA SEÑORA DE LA MERCED.	5/2026	06/03/2026 -	MENDOZA, SANDRA MARIELA -	DE EDUCACIÓN Y CULTURA				
OV	91	2026	CA	"AUDITORIA GENERAL DE LA NACION: COMUNICA RESOLUCION N° 77/26, QUE APRUEBA EL INFORME DE AUDITORIA INDEPENDIENTE RESPECTO DE LOS ESTADOS FINANCIEROS CORRESPONDIENTES AL ""PROGRAMA PARA EL DESARROLLO DE LA INFRAESTRUCTURA DESTINADA A PROMOVER LA CAPACIDAD EMPRENDEDORA"", DE JGM (CP N° 8919-CAF), EJERC"		04/05/2026 -		BICAMERAL PERMANENTE MIXTA REVISORA DE CUENTAS				
PE	91	2026	AC	MENSAJE N° 101/26 QUE SOLICITA ACUERDO PARA DESIGNAR JUEZ DE CAMARA DEL TRIBUNAL ORAL EN LO CRIMINAL Y CORRECCIONAL N°8 DE LA CAPITAL FEDERAL, AL DR. JUAN MANUEL MEJUTO.	10/2026	09/04/2026 -		DE ACUERDOS				
S	91	2026	PD	"CARAMBIA Y OTROS: PROYECTO DE DECLARACIÓN QUE EXPRESA BENEPLÁCITO POR LA CELEBRACIÓN DE LA 8° EDICIÓN DE LA ""FIESTA DE LA ESTEPA PATAGÓNICA"", A REALIZARSE EN LAS HERAS, PROV. DE SANTA CRUZ DEL 13 AL 15 DE MARZO DE 2026."	5/2026	06/03/2026 -	CARAMBIA, JOSÉ MARÍA - FAMA, FLAVIO SERGIO - GADANO, NATALIA ELENA - LÓPEZ, CÁNDIDA CRISTINA -	DE EDUCACIÓN Y CULTURA				
OV	90	2026	CA	"AUDITORIA GENERAL DE LA NACION: COMUNICA RESOLUCION N° 76/26, QUE APRUEBA LA CERTIFICACION DE INDICADORES VINCULADOS A DESEMBOLSOS (IVD) MARZO 2025 DEL ""FINANCIAMIENTO ADICIONAL PARA EL PROYECTO MEJORA DE LA INCLUSION EDUCATIVA EN EL NIVEL SECUNDARIO Y SUPERIOR"" DEL MIN. DE CAPITAL HUMANO (C.P. N°"		04/05/2026 -		BICAMERAL PERMANENTE MIXTA REVISORA DE CUENTAS				
PE	90	2026	AC	MENSAJE N° 100/26 QUE SOLICITA ACUERDO PARA DESIGNAR JUEZ DE CAMARA DEL TRIBUNAL ORAL EN LO CRIMINAL Y CORRECCIONAL N°2 DE LA CAPITAL FEDERAL, AL DR. MARCELO ALEJANDRO PELUZZI.	10/2026	09/04/2026 -		DE ACUERDOS				
S	90	2026	PD	CAPITANICH: PROYECTO DE DECLARACION QUE DECLARA DE INTERES EL 50° ANIVERSARIO DEL DIA NACIONAL DE LA MEMORIA POR LA VERDAD Y LA JUSTICIA, EL 24 DE MARZO DE 2026.	5/2026	06/03/2026 -	CAPITANICH, JORGE MILTON -	DE DERECHOS Y GARANTÍAS				
OV	89	2026	CA	"AUDITORIA GENERAL DE LA NACION: COMUNICA RESOLUCION N° 75/26, QUE APRUEBA EL INFORME DE AUDITORIA INDEPENDIENTE SOBRE LOS ESTADOS FINANCIEROS DEL ""PROGRAMA DE GESTION INTEGRAL DE RESIDUOS SOLIDOS URBANOS EN MUNICIPIOS TURISTICOS - SUBPROGRAMA 1"". C.P. BID. 3249/OC-AR POR (EJERCICIO Nº9 FINALIZADO"		04/05/2026 -		BICAMERAL PERMANENTE MIXTA REVISORA DE CUENTAS				
PE	89	2026	AC	MENSAJE N° 99/26 QUE ASIGNA SALAS Y VOCALIAS A MENSAJES REMITIDOS SOLICITANDO ACUERDO PARA DESIGNAR A MAGISTRADOS JUDICIALES.	10/2026	09/04/2026 -		DE ACUERDOS				
S	89	2026	PD	CAPITANICH: PROYECTO DE DECLARACION QUE ADHIERE AL DIA INTERNACIONAL DE LA MUJER, EL 8 DE MARZO.	5/2026	06/03/2026 -	CAPITANICH, JORGE MILTON - BAHL, ADÁN HUMBERTO - GONZÁLEZ, MARÍA TERESA MARGARITA -	BANCA DE LA MUJER				
OV	88	2026	CA	AUDITORIA GENERAL DE LA NACION: COMUNICA RESOLUCION N° 74/26, QUE APRUEBA EL INFORME EMITIDO POR EL AUDITOR INDEPENDIENTE RESPECTO DE ESTADOS CONTABLES DE LA CASA DE MONEDA SOCIEDAD ANONIMA UNIPERSONAL (SAU), EJERCICIO FINALIZADO EL 31/12/2024.		04/05/2026 -		BICAMERAL PERMANENTE MIXTA REVISORA DE CUENTAS				
PE	88	2026	AC	MENSAJE N° 98/26 QUE SOLICITA ACUERDO PARA DESIGNAR JUEZA DEL JUZGADO NACIONAL DE PRIMERA INSTANCIA EN LO CIVIL N° 77 DE LA CAPITAL FEDERAL, A LA DRA. PAULA DIANA MARINKOVIC.	9/2026	08/04/2026 -		DE ACUERDOS				
S	88	2026	PC	CAPITANICH: PROYECTO DE COMUNICACIÓN QUE SOLICITA LA INCLUSION DE MATERIAS RELACIONADAS AL EJERCICIO PROFESIONAL DE LOS TECNICOS, Y LAS NORMATIVAS DE SEGURIDAD EMERGENTES EN LOS CONTENIDOS CURRICULARES DE LAS ESCUELAS TECNICAS.	5/2026	06/03/2026 -	CAPITANICH, JORGE MILTON - BAHL, ADÁN HUMBERTO -	DE EDUCACIÓN Y CULTURA				
OV	87	2026	CA	AUDITORIA GENERAL DE LA NACION: COMUNICA RESOLUCION N° 73/26, QUE APRUEBA EL INFORME EMITIDO POR EL AUDITOR INDEPENDIENTE RESPECTO DE LOS ESTADOS CONTABLES DE LA SOCIEDAD DEL ESTADO CASA DE MONEDA, EJERCICIO FINALIZADO EL 30/11/2024.		04/05/2026 -		BICAMERAL PERMANENTE MIXTA REVISORA DE CUENTAS				
PE	87	2026	AC	MENSAJE N° 97/26 QUE SOLICITA ACUERDO PARA DESIGNAR JUEZ DEL JUZGADO NACIONAL EN LO CRIMINAL Y CORRECCIONAL N° 31 DE LA CAPITAL FEDERAL, AL DR. DIEGO JAVIER SOUTO.	9/2026	08/04/2026 -		DE ACUERDOS				
S	87	2026	PL	CAPITANICH: PROYECTO DE LEY QUE CREA EL PROGRAMA DE INSERCION LABORAL (PIL).	5/2026	06/03/2026 -	CAPITANICH, JORGE MILTON - BAHL, ADÁN HUMBERTO -	DE TRABAJO Y PREVISIÓN SOCIAL	DE LEGISLACIÓN GENERAL	DE PRESUPUESTO Y HACIENDA		
PE	86	2026	AC	MENSAJE N° 96/26 QUE SOLICITA ACUERDO PARA DESIGNAR JUEZ DEL JUZGADO FEDERAL DE PRIMERA INSTANCIA DE SAN CARLOS DE BARILOCHE, PROV. DE RIO NEGRO, AL DR. LEANDRO AGUSTIN GOMEZ CONSTENLA.	9/2026	08/04/2026 -		DE ACUERDOS				
S	86	2026	PL	CAPITANICH: PROYECTO DE LEY QUE CREA EL REGIMEN DE ENERGIA ELECTRICA, TARIFA DIFERENCIADA, PARA LOS USUARIOS DE LA CATEGORIA RESIDENCIAL DE LA REGION DEL NORTE GRANDE ARGENTINO (NOA Y NEA).	5/2026	06/03/2026 -	CAPITANICH, JORGE MILTON -	DE MINERÍA, ENERGÍA Y COMBUSTIBLES	DE PRESUPUESTO Y HACIENDA			
PE	85	2026	AC	MENSAJE N° 95/26 QUE SOLICITA ACUERDO PARA DESIGNAR JUEZ DEL JUZGADO FEDERAL DE PRIMERA INSTANCIA N° 2 DE SALTA, PROV. DE SALTA, AL DR. DIEGO ANZORREGUY.	8/2026	07/04/2026 -		DE ACUERDOS				
S	85	2026	PD	OROZCO Y OTROS: PROYECTO DE DECLARACIÓN QUE REPUDIA LAS EXPRESIONES DEL DIRIGENTE SOCIAL LUIS D'ELIA, NEGANDO LA RESPONSABILIDAD Y PARTICIPACIÓN DE LA REPÚBLICA ISLÁMICA DE IRÁN EN EL ATENTADO A LA SEDE DE LA AMIA.	5/2026	05/03/2026 -	OROZCO, MARÍA EMILIA - JUEZ, LUIS ALFREDO - BULLRICH, PATRICIA - OLIVERA LUCERO, BRUNO ANTONIO - ABDALA, BARTOLOMÉ ESTEBAN - PAGOTTO, JUAN CARLOS - MONTE DE OCA, MARÍA BELÉN - FULLONE, ENZO PAOLO - CERVI, MARIO PABLO - GUZMÁN CORAITA, GONZALO -	DE RELACIONES EXTERIORES Y CULTO				
PE	84	2026	AC	MENSAJE N° 94/26 QUE SOLICITA ACUERDO PARA DESIGNAR JUEZ DEL JUZGADO NACIONAL DE PRIMERA INSTANCIA EN LO COMERCIAL N° 4 DE LA CAPITAL FEDERAL, AL DR. JUAN PEDRO GIUDICI.	8/2026	07/04/2026 -		DE ACUERDOS				
S	84	2026	PC	AVILA: PROYECTO DE COMUNICACION QUE SOLICITA INFORME SOBRE DIVERSOS PUNTOS RELACIONADOS AL SERVICIO DE TREN DE LARGA DISTANCIA QUE VINCULA BUENOS AIRES Y LA PROV. DE TUCUMÁN.	5/2026	05/03/2026 -	AVILA, BEATRIZ LUISA -	DE INFRAESTRUCTURA, VIVIENDA Y TRANSPORTE				
PE	83	2026	AC	MENSAJE N° 93/26 QUE SOLICITA ACUERDO PARA DESIGNAR JUEZA DEL JUZGADO FEDERAL DE PRIMERA INSTANCIA DE EJECUCIONES FISCALES TRIBUTARIAS N° 4 DE LA CAPITAL FEDERAL, A LA DRA. MARIA FLORENCIA MASSA.	8/2026	07/04/2026 -		DE ACUERDOS				
S	83	2026	PL	LOSADA: PROYECTO DE LEY QUE ESTABLECE LA ELIMINACIÓN DE CARGOS HEREDITARIOS EN LA ADMINISTRACIÓN PÚBLICA NACIONAL.	4/2026	05/03/2026 -	LOSADA, CAROLINA -	DE ASUNTOS ADMINISTRATIVOS Y MUNICIPALES	DE TRABAJO Y PREVISIÓN SOCIAL			
PE	82	2026	AC	MENSAJE N° 92/26 QUE SOLICITA ACUERDO PARA DESIGNAR JUEZA DEL JUZGADO NACIONAL DE PRIMERA INSTANCIA EN LO CIVIL N° 94 DE LA CAPITAL FEDERAL, A LA DRA. GABRIELA MARIEL PALOPOLI.	8/2026	07/04/2026 -		DE ACUERDOS				
S	82	2026	PL	LOPEZ FLORENCIA: PROYECTO DE LEY QUE MODIFICA EL ART. 22 BIS DE SU SIMILAR 24.241 - SISTEMA INTEGRADO DE JUBILACIONES Y PENSIONES -, RESPECTO DEL RECONOCIMIENTO PREVISIONAL DE AÑOS DE SERVICIOS POR TAREAS DE CUIDADO SIN DISTINCION DE GENERO.	4/2026	05/03/2026 -	LÓPEZ, MARÍA FLORENCIA -	DE TRABAJO Y PREVISIÓN SOCIAL				
PE	81	2026	AC	MENSAJE N° 91/26 QUE SOLICITA ACUERDO PARA DESIGNAR JUEZ DE CAMARA DEL TRIBUNAL ORAL EN LO CRIMINAL FEDERAL N° 2 DE SAN MARTIN, PROV. DE BUENOS AIRES, AL DR. MARIO ALBERTO FERRARIO.	8/2026	07/04/2026 -		DE ACUERDOS				
S	81	2026	PD	MENDOZA: PROYECTO DE DECLARACION QUE ADHIERE A LA CONMEMORACIÓN DEL DIA NACIONAL DE LA MEMORIA POR LA VERDAD Y LA JUSTICIA, EN EL MARCO DEL 50° ANIVERSARIO DEL GOLPE DE ESTADO DE 1976.	4/2026	05/03/2026 -	MENDOZA, SANDRA MARIELA - ANDRADA, GUILLERMO EDUARDO -	DE DERECHOS Y GARANTÍAS				
PE	80	2026	AC	MENSAJE N° 90/26 QUE SOLICITA ACUERDO PARA DESIGNAR JUEZ DEL TRIBUNAL FEDERAL DE JUICIO DE NEUQUEN, PROV. DEL NEUQUEN, AL DR. PABLO ANTONIO MATKOVIC.	8/2026	07/04/2026 -		DE ACUERDOS				
PE	79	2026	AC	MENSAJE N° 89/26 QUE SOLICITA ACUERDO PARA DESIGNAR JUEZ DEL JUZGADO FEDERAL DE PRIMERA INSTANCIA DE RAFAELA, PROV. DE SANTA FE, AL DR. SANTIAGO JOAQUIN SAUX.	8/2026	07/04/2026 -		DE ACUERDOS				
S	79	2026	PL	"ABDALA: REPRODUCE PROYECTO DE LEY MODIFICA LOS ARTICULOS 186 Y 189 DEL CODIGO PENAL DE LA NACION, RESPECTO DE INCREMENTAR LAS PENAS DE LOS DELITOS CONTRA LA SEGURIDAD PUBLICA RELACIONADOS A LOS INCENDIOS 
(REF. S.1918/24)"	4/2026	05/03/2026 -	ABDALA, BARTOLOMÉ ESTEBAN -	DE JUSTICIA Y ASUNTOS PENALES				
PE	78	2026	AC	MENSAJE N° 88/26 QUE SOLICITA ACUERDO PARA DESIGNAR JUEZ DEL JUZGADO NACIONAL EN LO CRIMINAL Y CORRECCIONAL N° 7 DE LA CAPITAL FEDERAL, AL DR. MARIANO FRANCISCO AMADURI.	8/2026	07/04/2026 -		DE ACUERDOS				
S	78	2026	PL	"ABDALA: REPRODUCE PROYECTO DE LEY QUE INSTITUYE EL 9 DE OCTUBRE DE CADA AÑO COMO EL ""DÍA NACIONAL DE LA CONCIENTIZACIÓN DE LA ENFERMEDAD CARDIOVASCULAR EN LA MUJER"" (REF. S. 608/24)."	4/2026	05/03/2026 -	ABDALA, BARTOLOMÉ ESTEBAN -	DE SALUD	BANCA DE LA MUJER			
OV	77	2026	CV	CONSEJO DE LA MAGISTRATURA - PODER JUDICIAL DE LA NACIÓN: PONE EN CONOCIMIENTO EL INFORME ANUAL DEL REGISTRO DE PRISIONES PREVENTIVAS 2025, EN LOS TERMINOS DE LAS RES. CM 226/02 Y 245/07, CORRESPONDIENTE AL AÑO 2025 Y ADJUNTA SOBRE RESERVADO.		24/04/2026 -						
PE	77	2026	AC	MENSAJE N° 87/26 QUE SOLICITA ACUERDO PARA DESIGNAR JUEZ DE CAMARA DEL TRIBUNAL ORAL EN LO CRIMINAL FEDERAL N° 5 DE SAN MARTIN, PROV. DE BUENOS AIRES, AL DR. JUAN MANUEL GASET MAISONAVE.	8/2026	07/04/2026 -		DE ACUERDOS				
S	77	2026	PD	SCHNEIDER: PROYECTO DE DECLARACIÓN QUE ADHIERE AL DIA INTERNACIONAL DE LA MUJER, A CONMEMORARSE EL 8 DE MARZO.	4/2026	05/03/2026 -	SCHNEIDER, SILVANA LORENA -	BANCA DE LA MUJER				
PE	76	2026	AC	MENSAJE N° 86/26 QUE SOLICITA ACUERDO PARA DESIGNAR JUEZ DEL JUZGADO NACIONAL EN LO CRIMINAL Y CORRECCIONAL N° 1 DE LA CAPITAL FEDERAL, AL DR. JOSE MIGUEL GUERRERO.	8/2026	07/04/2026 -		DE ACUERDOS				
S	76	2026	PD	SCHNEIDER: PROYECTO DE DECLARACIÓN QUE EXPRESA BENEPLACITO POR EL 138° ANIVERSARIO DE LA FUNDACION DE LA LOC. COLONIA BENITEZ, PROV. DEL CHACO, EL 11 DE MARZO DE 2026.	4/2026	05/03/2026 -	SCHNEIDER, SILVANA LORENA -	DE ASUNTOS ADMINISTRATIVOS Y MUNICIPALES				
PE	75	2026	AC	MENSAJE N° 85/26 QUE SOLICITA ACUERDO PARA DESIGNAR JUEZA DE CAMARA DEL TRIBUNAL ORAL EN LO CRIMINAL FEDERAL N° 1 DE LA PLATA, PROV. DE BUENOS AIRES, A LA DRA. JESICA YAEL SIRCOVICH.	7/2026	06/04/2026 -		DE ACUERDOS				
S	75	2026	PD	MENDOZA: PROYECTO DE DECLARACION QUE ADHIERE A LA CONMEMORACIÓN DEL 50° ANIVERSARIO DEL GOLPE DE ESTADO DE 1976.		04/03/2026 -	MENDOZA, SANDRA MARIELA -	DE DERECHOS Y GARANTÍAS				
PE	74	2026	PL	"MENSAJE Nº 82/26 Y PROYECTO DE LEY QUE APRUEBA EL ACUERDO DE LIBRE COMERCIO ENTRE EL MERCADO COMUN DEL SUR ""MERCOSUR"" Y LA REPUBLICA DE SINGAPUR, CELEBRADO EN LA CDAD. DE RIO DE JANEIRO, REP. FEDERATIVA DEL BRASIL, EL 7 DE DICIEMBRE DE 2023."	19/2026	06/04/2026 -		DE RELACIONES EXTERIORES Y CULTO				
S	74	2026	PD	"MENDOZA: PROYECTO DE DECLARACION QUE REPUDIA Y REFLEXIONA AL CUMPLIRSE UN NUEVO ANIVERSARIO DEL ""OPERATIVO INDEPENDENCIA"", OCURRIDO EN LA CDAD. DE FAMAILLÁ, PROV. DE TUCUMÁN, EL 9 DE FEBRERO DE 2026."	4/2026	04/03/2026 -	MENDOZA, SANDRA MARIELA -	DE EDUCACIÓN Y CULTURA				
PE	73	2026	AC	MENSAJE N° 84/26 QUE SOLICITA ACUERDO PARA DESIGNAR FISCAL GENERAL ANTE LOS TRIBUNALES ORALES EN LO CRIMINAL Y CORRECCIONAL DE LA CAPITAL FEDERAL, FISCALIA N°9, AL DR.  SANTIAGO VISMARA.	6/2026	01/04/2026 -		DE ACUERDOS				
S	73	2026	PD	MENDOZA: PROYECTO DE DECLARACION QUE ADHIERE A LA CELEBRACION DEL 210° ANIVERSARIO DE LA INDEPENDENCIA DE LA NACION ARGENTINA, EL 9 DE JULIO DE 2026.	4/2026	04/03/2026 -	MENDOZA, SANDRA MARIELA -	DE EDUCACIÓN Y CULTURA				
PE	72	2026	AC	MENSAJE N° 83/26 QUE SOLICITA ACUERDO PARA DESIGNAR DEFENSOR PUBLICO OFICIAL FEDERAL DEL INTERIOR DEL PAIS CON ASIENTO EN LA CDAD. DE MENDOZA, PROV. DE MENDOZA, AL DR. CARLOS AGUSTIN PARMA.	6/2026	01/04/2026 -		DE ACUERDOS				
S	72	2026	PC	KIRCHNER Y OTROS: PROYECTO DE COMUNICACIÓN QUE SOLICITA INFORMES SOBRE EL ESTADO DE LOS PROGRAMAS SOCIALES VOLVER AL TRABAJO Y DE ACOMPAÑAMIENTO SOCIAL.	4/2026	04/03/2026 -	KIRCHNER, ALICIA MARGARITA ANTONIA - GIMÉNEZ NAVARRO, MARÍA CELESTE - GONZÁLEZ, MARÍA TERESA MARGARITA - LÓPEZ, CÁNDIDA CRISTINA - SORIA, MARTIN IGNACIO -	DE POBLACIÓN Y DESARROLLO  HUMANO				
PE	71	2026	AC	MENSAJE N° 81/26 QUE SOLICITA ACUERDO PARA DESIGNAR VOCAL DE LA CAMARA NACIONAL DE APELACIONES EN LO CRIMINAL Y CORRECCIONAL DE LA CAPITAL FEDERAL, VOCALIA N° 14, A LA DRA. YAMILE SUSANA BERNAN.	5/2026	31/03/2026 -		DE ACUERDOS				
S	71	2026	PD	CRISTINA: PROYECTO DE DECLARACIÓN QUE DECLARA DE INTERÉS LA 88° EXPO RURAL Y 46° FERIA DEL CARNERO A CAMPO, EN LA CDAD. DE COMODORO RIVADAVIA, PROVINCIA DEL CHUBUT, DEL 5 AL 8 DE MARZO DE 2026.	4/2026	04/03/2026 -	CRISTINA, ANDREA MARCELA -	DE AGRICULTURA, GANADERÍA Y PESCA				
PE	70	2026	AC	MENSAJE N° 80/26 QUE SOLICITA ACUERDO PARA DESIGNAR JUEZA DEL JUZGADO NACIONAL DE PRIMERA INSTANCIA EN LO COMERCIAL N° 22 DE LA CAPITAL FEDERAL, A LA DRA. MARIA AGUSTINA BOYAJIAN RIVAS.	5/2026	31/03/2026 -		DE ACUERDOS				
S	70	2026	PL	VIGO: REPRODUCE PROYECTO DE LEY QUE TIPIFICA LA VIOLENCIA DIGITAL O TELEMATICA CONTRA LAS MUJERES (REF. S. 1982/24)	4/2026	04/03/2026 -	VIGO, ALEJANDRA MARÍA -	DE JUSTICIA Y ASUNTOS PENALES				
PE	69	2026	AC	MENSAJE N° 79/26 QUE SOLICITA ACUERDO PARA DESIGNAR JUEZA DEL JUZGADO FEDERAL DE PRIMERA INSTANCIA DE EJECUCIONES FISCALES TRIBUTARIAS N° 3 DE LA CAPITAL FEDERAL, A LA DRA. MARIA LAURA AMERI.	5/2026	31/03/2026 -		DE ACUERDOS				
S	69	2026	PD	FAMA: PROYECTO DE DECLARACION QUE DECLARA DE INTERES LA 8ª CONFERENCIA ARPEL EN LA CDAD. DE BUENOS AIRES DEL 1 AL 4 DE JUNIO DE 2026.	4/2026	04/03/2026 -	FAMA, FLAVIO SERGIO -	DE MINERÍA, ENERGÍA Y COMBUSTIBLES				
PE	68	2026	AC	MENSAJE N° 78/26 QUE SOLICITA ACUERDO PARA DESIGNAR JUEZ DEL JUZGADO FEDERAL DE PRIMERA INSTANCIA DE LA SEGURIDAD SOCIAL N° 10 DE LA CAPITAL FEDERAL, AL DR. DIEGO ALLIEVI.	5/2026	31/03/2026 -		DE ACUERDOS				
S	68	2026	PC	LOSADA: PROYECTO DE COMUNICACIÓN QUE SOLICITA LA REALIZACION DE UNA CAMPAÑA DE COMUNICACIÓN ORIENTADA A LA PREVENCION Y CONCIENTIZACION DE LA LUDOPATIA INFANTIL, Y DE LA AUTODEPENDENCIA A DISPOSITIVOS MOVILES, VIDEOJUEGOS Y REDES SOCIALES EN MENORES DE 18 AÑOS.	4/2026	04/03/2026 -	LOSADA, CAROLINA -	DE SISTEMAS, MEDIOS DE COMUNICACIÓN Y LIBERTAD DE EXPRESIÓN				
PE	67	2026	AC	MENSAJE N° 77/26 QUE SOLICITA ACUERDO PARA DESIGNAR JUEZ DEL JUZGADO NACIONAL DE PRIMERA INSTANCIA EN LO CIVIL N° 25 DE LA CAPITAL FEDERAL, AL DR. SANTOS ENRIQUE CIFUENTES.	5/2026	31/03/2026 -		DE ACUERDOS				
S	67	2026	PL	LOSADA: PROYECTO DE LEY QUE ESTABLECE COMO HORA OFICIAL EN TODO EL TERRITORIO DEL PAIS LA DEL HUSO HORARIO DE CUATRO HORAS AL OESTE DEL MERIDIANO DE GREENWICH.	4/2026	04/03/2026 -	LOSADA, CAROLINA -	DE LEGISLACIÓN GENERAL				
PE	66	2026	AC	MENSAJE N° 76/26 QUE SOLICITA ACUERDO PARA DESIGNAR JUEZ DEL JUZGADO FEDERAL DE GARANTIAS N° 2 DE SANTA FE, PROVINCIA DE SANTA FE, AL DR. WALTER ALBERTO RODRIGUEZ.	5/2026	31/03/2026 -		DE ACUERDOS				
S	66	2026	PL	LOSADA: PROYECTO DE LEY QUE MODIFICA EL ART. 404 DEL CODIGO CIVIL Y COMERCIAL DE LA NACION, SOBRE FALTA DE EDAD NUPCIAL.	4/2026	04/03/2026 -	LOSADA, CAROLINA -	DE LEGISLACIÓN GENERAL				
PE	65	2026	AC	MENSAJE N° 75/26 QUE SOLICITA ACUERDO PARA DESIGNAR JUEZ DEL JUZGADO NACIONAL EN LO CRIMINAL Y CORRECCIONAL Nª 47 DE LA CAPITAL FEDERAL AL DR. PABLO FEDERICO MOYA.	5/2026	31/03/2026 -		DE ACUERDOS				
S	65	2026	PL	LOSADA: PROYECTO DE LEY QUE MODIFICA EL ART. 189 BIS DEL CÓDIGO PENAL DE LA NACIÓN, SOBRE TENENCIA DE ARMAS DE FUEGO.	4/2026	04/03/2026 -	LOSADA, CAROLINA -	DE JUSTICIA Y ASUNTOS PENALES				
PE	64	2026	AC	MENSAJE N° 74/26 QUE SOLICITA ACUERDO PARA DESIGNAR JUEZA DEL JUZGADO FEDERAL DE PRIMERA INSTANCIA DE HURLINGHAM, PROV. DE BUENOS AIRES A LA DRA. MARIA CRISTINA JUAN.	5/2026	31/03/2026 -		DE ACUERDOS				
S	64	2026	PL	LOSADA: PROYECTO DE LEY QUE MODIFICA EL CODIGO PENAL DE LA NACION RESPECTO DE LA PRESCRIPCION DE LA ACCION PENAL PARA LAS VICTIMAS DE ABUSO SEXUAL INFANTIL.	4/2026	04/03/2026 -	LOSADA, CAROLINA -	DE JUSTICIA Y ASUNTOS PENALES				
PE	63	2026	AC	MENSAJE N° 73/26 QUE SOLICITA ACUERDO PARA DESIGNAR VOCAL DE LA CAMARA NACIONAL DE APELACIONES EN LO COMERCIAL DE LA CAPITAL FEDERAL, SALA B, AL DR. JORGE DJIVARIS.	5/2026	31/03/2026 -		DE ACUERDOS				
S	63	2026	PL	LOSADA: PROYECTO DE LEY QUE MODIFICA EL CODIGO PENAL DE LA NACION RESPECTO DE INCORPORAR LA FIGURA DE CORRUPCION DE MENORES CON FINES DELICTIVOS.	4/2026	04/03/2026 -	LOSADA, CAROLINA -	DE JUSTICIA Y ASUNTOS PENALES				
PE	62	2026	AC	MENSAJE N° 72/26 QUE SOLICITA ACUERDO PARA DESIGNAR VOCAL DE LA CAMARA FEDERAL DE APELACIONES DE LA PLATA, PROV. DE BUENOS AIRES, SALA I, AL DR. LAUREANO ALBERTO DURAN.	5/2026	31/03/2026 -		DE ACUERDOS				
S	62	2026	PL	CAPITANICH: PROYECTO DE LEY QUE ESTABLECE EL JUICIO POR JURADOS PARA EL FUERO CIVIL, PENAL Y COMERCIAL A NIVEL FEDERAL.	4/2026	04/03/2026 -	CAPITANICH, JORGE MILTON -	DE ASUNTOS CONSTITUCIONALES	DE JUSTICIA Y ASUNTOS PENALES			
PE	61	2026	AC	MENSAJE N° 71/26 QUE SOLICITA ACUERDO PARA DESIGNAR JUEZ DE CAMARA DEL TRIBUNAL ORAL EN LO PENAL ECONOMICO N° 2 DE LA CAPITAL FEDERAL, AL DR. FEDERICO NOVELLO.	5/2026	31/03/2026 -		DE ACUERDOS				
S	61	2026	PL	CAPITANICH: PROYECTO DE LEY QUE CREA LA JUSTICIA DE PROXIMIDAD EN EL AMBITO DE LA JUSTICIA NACIONAL	3/2026	04/03/2026 -	CAPITANICH, JORGE MILTON - BAHL, ADÁN HUMBERTO -	DE JUSTICIA Y ASUNTOS PENALES	DE PRESUPUESTO Y HACIENDA			
PE	60	2026	AC	MENSAJE N° 70/26 QUE SOLICITA ACUERDO PARA DESIGNAR JUEZ DE CAMARA DEL TRIBUNAL ORAL EN LO CRIMINAL FEDERAL N° 5 DE SAN MARTIN, PROVINCIA DE BUENOS AIRES, AL DR. JAVIER MATIAS ARZUBI CALVO.	5/2026	31/03/2026 -		DE ACUERDOS				
S	60	2026	PL	CAPITANICH: PROYECTO DE LEY QUE RESTABLECE LA VIGENCIA DEL FONDO NACIONAL DE INCENTIVO DOCENTE, POR EL TERMINO DE DOS (2) AÑOS A PARTIR DEL 01 DE ENERO DE 2026.	3/2026	04/03/2026 -	CAPITANICH, JORGE MILTON - BAHL, ADÁN HUMBERTO -	DE PRESUPUESTO Y HACIENDA	DE EDUCACIÓN Y CULTURA			
PE	59	2026	AC	MENSAJE N° 69/26 QUE SOLICITA ACUERDO PARA DESIGNAR FISCAL ANTE LOS JUZGADOS NACIONALES EN LO PENAL ECONOMICO, FISCALIA N° 1, AL DR. JUAN ANDRES MOLDES.	4/2026	30/03/2026 -		DE ACUERDOS				
S	59	2026	PL	CAPITANICH: PROYECTO DE LEY QUE RESTABLECE LA VIGENCIA DE LOS ART. 5°, 6° Y 7° DE LA LEY N° 27.614 - FINANCIAMIENTO DEL SISTEMA NACIONAL DE CIENCIA, TECNOLOGIA E INNOVACION.	3/2026	04/03/2026 -	CAPITANICH, JORGE MILTON - BAHL, ADÁN HUMBERTO -	DE PRESUPUESTO Y HACIENDA	DE CIENCIA Y TECNOLOGÍA			
PE	58	2026	AC	MENSAJE N° 68/26 QUE SOLICITA ACUERDO PARA DESIGNAR JUEZ DEL TRIBUNAL FEDERAL DE JUICIO DE SANTA FE, PROVINCIA DE SANTA FE, AL DR. EMILIO ROSATTI.	4/2026	30/03/2026 -		DE ACUERDOS				
S	58	2026	PL	"GALARETTO: REPRODUCE PROYECTO DE LEY QUE MODIFICA SU SIMILAR 23.298 - ORGÁNICA DE LOS PARTIDOS POLÍTICOS-, Y 23.551 -ASOCIACIONES SINDICALES-, SOBRE INHABILITACIÓN PARA PRECANDIDATOS O CANDIDATOS A CARGOS ELECTIVOS O PARTIDARIOS CON SENTENCIA CONDENATORIA.
(REF. S. 319/24)"	3/2026	04/03/2026 -	GALARETTO, EDUARDO HORACIO -	DE ASUNTOS CONSTITUCIONALES	DE JUSTICIA Y ASUNTOS PENALES			
PE	57	2026	AC	MENSAJE N° 67/26 QUE SOLICITA ACUERDO PARA DESIGNAR JUEZA DEL JUZGADO NACIONAL DE PRIMERA INSTANCIA EN LO CIVIL Nº 62 DE LA CAPITAL FEDERAL, A LA DRA. LAURA WISZNIACKI.	4/2026	30/03/2026 -		DE ACUERDOS				
S	57	2026	PL	GALARETTO: REPRODUCE PROYECTO DE LEY DE PREVENCION DE LA VIOLENCIA SANITARIA (REF. S. 393/24)	3/2026	04/03/2026 -	GALARETTO, EDUARDO HORACIO -	DE SALUD	DE SEGURIDAD INTERIOR Y NARCOTRÁFICO	DE PRESUPUESTO Y HACIENDA		
PE	56	2026	AC	MENSAJE N° 66/26 QUE SOLICITA ACUERDO PARA DESIGNAR JUEZ DE CAMARA DEL TRIBUNAL ORAL EN LO CRIMINAL Y CORRECCIONAL Nº 7 DE LA CAPITAL FEDERAL AL DR. NICOLAS RAMON CEBALLOS.	4/2026	30/03/2026 -		DE ACUERDOS				
S	56	2026	PL	GALARETTO: REPRODUCE PROYECTO DE LEY QUE TRANSFIERE A TITULO GRATUITO A FAVOR DE LA MUNICIPALIDAD DE SAN JUSTO, EL INMUEBLE PROPIEDAD DEL ESTADO NACIONAL, DPTO. Y LOC. DE SAN JUSTO, PROV. DE SANTA FE, IDENTIFICADO CATASTRALMENTE COMO DPTO.: 06 -DISTRITO: 11 - SECCION 01 - MANZANA: 257 - PARCELA: 1 (	3/2026	04/03/2026 -	GALARETTO, EDUARDO HORACIO -	DE ASUNTOS ADMINISTRATIVOS Y MUNICIPALES				
PE	55	2026	AC	MENSAJE Nº 65/26 QUE SOLICITA ACUERDO PARA DESIGNAR JUEZA DEL JUZGADO NACIONAL EN LO CRIMINAL Y CORRECCIONAL N° 23 DE LA CAPITAL FEDERAL, A LA DRA. LAURA FABIANA KVITKO.	4/2026	30/03/2026 -		DE ACUERDOS				
S	55	2026	PL	GALARETTO: REPRODUCE PROYECTO DE LEY QUE MODIFICA SU SIMILAR 26.687 - DE PUBLICIDAD, PROMOCION Y CONSUMO DE LOS PRODUCTOS ELABORADOS CON TABACO, RESPECTO DEL ALCANCE LEGISLATIVO Y COMPETENCIA (REF. S. 1376/24)	3/2026	04/03/2026 -	GALARETTO, EDUARDO HORACIO -	DE SALUD	DE SISTEMAS, MEDIOS DE COMUNICACIÓN Y LIBERTAD DE EXPRESIÓN			
PE	54	2026	AC	MENSAJE N° 31/26 QUE SOLICITA ACUERDO PARA DESIGNAR JUEZ DE CÁMARA DEL TRIBUNAL ORAL EN LO CRIMINAL FEDERAL N° 3 DE SAN MARTÍN, PROVINCIA DE BUENOS AIRES, AL DR. PABLO JAVIER FLORES.	4/2026	30/03/2026 -		DE ACUERDOS				
S	54	2026	PL	GALARETTO: REPRODUCE PROYECTO DE LEY DE ACCESO A LA INFORMACION SOBRE REPARACION Y MANTENIMIENTO DEL VEHICULO AUTOMOTOR (REF. S. 1989/24)	3/2026	04/03/2026 -	GALARETTO, EDUARDO HORACIO -	DE INFRAESTRUCTURA, VIVIENDA Y TRANSPORTE	DE SISTEMAS, MEDIOS DE COMUNICACIÓN Y LIBERTAD DE EXPRESIÓN			
PE	53	2026	AC	MENSAJE N° 64/26 QUE SOLICITA ACUERDO PARA DESIGNAR VOCAL DE LA CAMARA FEDERAL DE LA SEGURIDAD SOCIAL, SALA III, AL DR. FERNANDO STRASSER.	4/2026	30/03/2026 -		DE ACUERDOS				
S	53	2026	PL	GALARETTO: REPRODUCE PROYECTO DE LEY QUE TRANSFIERE A TITULO GRATUITO A FAVOR DE LA COMUNA DE LANTERI EL PREDIO PROPIEDAD DEL ESTADO NACIONAL, UBICADO ENTRE LAS CALLES DE NORTE A SUR 9 DE JULIO Y HÉROES DE MALVINAS Y DE ESTE A OESTE ESTANISLAO LÓPEZ Y SALOMÓN MALDONADO, DPTO. DE GRAL. OBLIGADO, P	3/2026	04/03/2026 -	GALARETTO, EDUARDO HORACIO -	DE ASUNTOS ADMINISTRATIVOS Y MUNICIPALES				
PE	52	2026	AC	MENSAJE N° 63/26 QUE SOLICITA ACUERDO PARA DESIGNAR VOCAL DE LA CAMARA FEDERAL DE LA SEGURIDAD SOCIAL, SALA II, AL DR. WALTER FABIAN CARNOTA.	4/2026	30/03/2026 -		DE ACUERDOS				
S	52	2026	PL	GALARETTO: REPRODUCE PROYECTO DE LEY QUE TRANSFIERE A TITULO GRATUITO A FAVOR DE LA COMUNA DE LANTERI EL PREDIO PROPIEDAD DEL ESTADO NACIONAL, UBICADO EN LA ZONA SUB URBANA DEL PARAJE FLOR DE ORO, DPTO. DE GRAL. OBLIGADO, PROV. DE SANTA FE (REF. S. 2050/24)	3/2026	04/03/2026 -	GALARETTO, EDUARDO HORACIO -	DE ASUNTOS ADMINISTRATIVOS Y MUNICIPALES				
PE	51	2026	AC	MENSAJE N° 62/26 QUE SOLICITA ACUERDO PARA DESIGNAR VOCAL DE LA CAMARA NACIONAL DE APELACIONES EN LO CIVIL DE LA CAPITAL FEDERAL, SALA K, A LA DRA. LUCILA INES CORDOBA.	4/2026	30/03/2026 -		DE ACUERDOS				
S	51	2026	PL	GALARETTO: REPRODUCE PROYECTO DE LEY SOBRE SUBTITULADO DE PELICULAS EMITIDAS EN IDIOMA ESPAÑOL (REF. S.2234/24)	3/2026	04/03/2026 -	GALARETTO, EDUARDO HORACIO -	DE EDUCACIÓN Y CULTURA	DE SISTEMAS, MEDIOS DE COMUNICACIÓN Y LIBERTAD DE EXPRESIÓN	DE POBLACIÓN Y DESARROLLO  HUMANO		
PE	50	2026	AC	MENSAJE N° 61/26 QUE SOLICITA ACUERDO PARA DESIGNAR VOCAL DE LA CAMARA NACIONAL DE APELACIONES EN LO CIVIL DE LA CAPITAL FEDERAL, SALA F, A LA DRA. PAULA ANDREA CASTRO.	4/2026	30/03/2026 -		DE ACUERDOS				
S	50	2026	PD	MONTE DE OCA: PROYECTO DE DECLARACIÓN QUE EXPRESA BENEPLACITO POR LA REALIZACION DEL XII CAMPEONATO INTERPATAGONICO DE ESGRIMA EN LA CDAD. DE USHUAIA, PROV. DE TIERRA DEL FUEGO, A.I.A.S., EL 7 DE MARZO DE 2026.	3/2026	04/03/2026 -	MONTE DE OCA, MARÍA BELÉN -	DE DEPORTE				
OV	49	2026	CV	AUDITORIA GENERAL DE LA NACION: REMITE INFORME ELABORADO POR EL RESPONSABLE DE ACCESO A LA INFORMACION PUBLICA, EN LOS TERMINOS DEL ART. 31 INC. G) DE LA LEY 27.275, CORRESPONDIENTE AL PRIMER TRIMESTRE DE 2026		07/04/2026 -		BICAMERAL PERMANENTE MIXTA REVISORA DE CUENTAS				
PE	49	2026	AC	MENSAJE N° 60/26 QUE SOLICITA ACUERDO PARA DESIGNAR VOCAL DE LA CAMARA NACIONAL DE APELACIONES EN LO CIVIL DE LA CAPITAL FEDERAL, SALA E, A LA DRA. SAMANTA CLAUDIA BISCARDI.	4/2026	30/03/2026 -		DE ACUERDOS				
S	49	2026	PC	"CAPITANICH: PROYECTO DE COMUNICACIÓN QUE SOLICITA INFORME SOBRE DIVERSOS PUNTOS RELACIONADOS AL PROYECTO DE OBRA ""SEGUNDO PUENTE CHACO-CORRIENTES""."	3/2026	03/03/2026 -	CAPITANICH, JORGE MILTON -	DE INFRAESTRUCTURA, VIVIENDA Y TRANSPORTE				
PE	48	2026	AC	MENSAJE N° 59/26 QUE SOLICITA ACUERDO PARA DESIGNAR VOCAL DE LA CAMARA NACIONAL DE APELACIONES EN LO CIVIL DE LA CAPITAL FEDERAL, SALA E, A LA DRA. ANALIA VICTORIA ROMERO.	4/2026	30/03/2026 -		DE ACUERDOS				
S	48	2026	PR	CAPITANICH Y GONZALEZ: PROYECTO DE RESOLUCIÓN QUE MODIFICA LOS ARTS. 60 Y 81 DEL REGLAMENTO DEL HONORABLE SENADO DE LA NACIÓN, RESPECTO DE LA COMISIÓN DE POBLACIÓN Y DESARROLLO HUMANO.	3/2026	03/03/2026 -	CAPITANICH, JORGE MILTON - GONZÁLEZ, MARÍA TERESA MARGARITA - BAHL, ADÁN HUMBERTO - GIMÉNEZ NAVARRO, MARÍA CELESTE -	DE ASUNTOS CONSTITUCIONALES				
OV	47	2026	CA	AUDITORIA GENERAL DE LA NACION: REMITE NOTA EN SOPORTE DIGITAL VINCULADA A LOS INFORMES ELABORADOS POR EL RESPONSABLE DE ACCESO A LA INFORMACION PUBLICA DE LA AGN, EN LOS TERMINOS DE LA LEY DE ACCESO A LA INFORMACION PUBLICA N° 27.275.		31/03/2026 -		BICAMERAL PERMANENTE MIXTA REVISORA DE CUENTAS				
PE	47	2026	AC	MENSAJE N° 58/26 QUE SOLICITA ACUERDO PARA DESIGNAR VOCAL DE LA CAMARA NACIONAL DE APELACIONES EN LO CIVIL DE LA CAPITAL FEDERAL, SALA F,  AL DR. OSVALDO FELIPE PITRAU.	4/2026	30/03/2026 -		DE ACUERDOS				
S	47	2026	PL	CAPITANICH: PROYECTO DE LEY QUE CREA EL PROGRAMA DE DESARROLLO DEL NORTE GRANDE.	3/2026	03/03/2026 -	CAPITANICH, JORGE MILTON -	DE INFRAESTRUCTURA, VIVIENDA Y TRANSPORTE	DE PRESUPUESTO Y HACIENDA	DE ECONOMÍAS REGIONALES, ECONOMÍA SOCIAL, MICRO, PEQUEÑA Y MEDIANA EMPRESA		
OV	46	2026	CA	AUDITORIA GENERAL DE LA NACION: COMUNICA DISPOSICION N° 34/26 QUE APRUEBA EL INFORME SOBRE LOS ESTADOS CONTABLES Y FINANCIEROS DE LA AUDITORIA GENERAL DE LA NACION AL 31 DE DICIEMBRE DE 2025.		31/03/2026 -		BICAMERAL PERMANENTE MIXTA REVISORA DE CUENTAS				
PE	46	2026	AC	MENSAJE N° 57/26 QUE SOLICITA ACUERDO PARA DESIGNAR VOCAL DE LA CAMARA NACIONAL DE APELACIONES EN LO CRIMINAL Y CORRECCIONAL DE LA CAPITAL FEDERAL, VOCALIA N° 20,  AL DR. SANTIAGO QUIAN ZAVALIA.	4/2026	30/03/2026 -		DE ACUERDOS				
S	46	2026	PL	CAPITANICH: PROYECTO DE LEY QUE CREA EL ESQUEMA NACIONAL DE PAGOS INTEROPERABLES (ENPI) PARA LA FORMALIZACIÓN ECONÓMICA Y LABORAL.	3/2026	03/03/2026 -	CAPITANICH, JORGE MILTON - BAHL, ADÁN HUMBERTO -	DE PRESUPUESTO Y HACIENDA	DE TRABAJO Y PREVISIÓN SOCIAL	DE ECONOMÍA NACIONAL E INVERSIÓN		
PE	45	2026	AC	MENSAJE N° 56/26 QUE SOLICITA ACUERDO PARA DESIGNAR JUEZ DEL TRIBUNAL FEDERAL DE JUICIO DE FORMOSA, PROVINCIA DE FORMOSA, AL DR. GERARDO DANIEL CACACE.	4/2026	30/03/2026 -		DE ACUERDOS				
S	45	2026	PL	CAPITANICH: PROYECTO DE LEY QUE CREA EL RÉGIMEN DE TARIFA DIFERENCIAL ELÉCTRICA PARA LOS ORGANISMOS PÚBLICOS DE SALUD Y EDUCACIÓN.	3/2026	03/03/2026 -	CAPITANICH, JORGE MILTON - BAHL, ADÁN HUMBERTO - GIMÉNEZ NAVARRO, MARÍA CELESTE -	DE MINERÍA, ENERGÍA Y COMBUSTIBLES	DE PRESUPUESTO Y HACIENDA			
PE	44	2026	AC	MENSAJE N° 55/26 QUE SOLICITA ACUERDO PARA DESIGNAR JUEZ DEL JUZGADO NACIONAL DE PRIMERA INSTANCIA EN LO CIVIL N° 64 DE LA CAPITAL FEDERAL, AL DR. GERMAN AUGUSTO DEGANO.	4/2026	30/03/2026 -		DE ACUERDOS				
S	44	2026	PL	CAPITANICH Y OTROS: PROYECTO DE LEY QUE RESTABLECE LA VIGENCIA DEL ART. 52 DE LA LEY 26.058 -EDUCACIÓN TÉCNICO PROFESIONAL-.	3/2026	03/03/2026 -	CAPITANICH, JORGE MILTON - LEWANDOWSKI, MARCELO NÉSTOR - GONZÁLEZ, MARÍA TERESA MARGARITA - BAHL, ADÁN HUMBERTO - GIMÉNEZ NAVARRO, MARÍA CELESTE -	DE EDUCACIÓN Y CULTURA	DE PRESUPUESTO Y HACIENDA			
PE	43	2026	AC	MENSAJE N° 54/26 QUE SOLICITA ACUERDO PARA DESIGNAR JUEZ DEL JUZGADO NACIONAL DE PRIMERA INSTANCIA EN LO CIVIL N° 80 DE LA CAPITAL FEDERAL, AL DR. EZEQUIEL JAVIER SOBRINO REIG.	4/2026	30/03/2026 -		DE ACUERDOS				
S	43	2026	PL	CAPITANICH: PROYECTO DE LEY QUE MODIFICA SU SIMILAR 23.548 - COPARTICIPACION FEDERAL DE IMPUESTOS-, RESPECTO DE LA DISTRIBUCION DE IMPUESTOS COPARTICIPABLES.	3/2026	03/03/2026 -	CAPITANICH, JORGE MILTON - BAHL, ADÁN HUMBERTO -	DE PRESUPUESTO Y HACIENDA	DE COPARTICIPACIÓN FEDERAL DE IMPUESTOS			
PE	42	2026	AC	MENSAJE N° 53/26 QUE SOLICITA ACUERDO PARA DESIGNAR JUEZ DE CAMARA DEL TRIBUNAL ORAL EN LO CRIMINAL Y CORRECCIONAL N° 3 DE LA CAPITAL FEDERAL, AL DR. HUGO FABIAN DECARIA.	4/2026	30/03/2026 -		DE ACUERDOS				
S	42	2026	PL	CAPITANICH: PROYECTO DE LEY QUE CREA LA ASIGNACIÓN UNIVERSAL DEPORTIVA Y CULTURAL EN TODO EL TERRITORIO DE LA REPÚBLICA ARGENTINA.	3/2026	03/03/2026 -	CAPITANICH, JORGE MILTON - BAHL, ADÁN HUMBERTO - GIMÉNEZ NAVARRO, MARÍA CELESTE -	DE DEPORTE	DE EDUCACIÓN Y CULTURA	DE PRESUPUESTO Y HACIENDA		
OV	41	2026	CV	CONCEJO DELIBERANTE DE FLORENCIO VARELA, PROV. DE BS. AS.: RECHAZA EL PROYECTO QUE MODIFICA LA LEY 26.639 DE PRESUPUESTOS MÍNIMOS PARA LA PRESERVACIÓN DE LOS GLACIARES Y DEL MEDIO PERIGLARIAL.		25/03/2026 -						
PE	41	2026	AC	MENSAJE N° 52/26 QUE SOLICITA ACUERDO PARA DESIGNAR DEFENSOR PUBLICO CURADOR DE LA DEFENSORIA GENERAL DE LA NACION, DEFENSORIA PUBLICA CURADURIA N° 4, AL DR. FELIPE ALBERTO ALLIAUD.	4/2026	30/03/2026 -		DE ACUERDOS				
S	41	2026	PL	CAPITANICH: PROYECTO DE LEY QUE CREA EL FUERO ESPECIAL DE MEDIDAS CAUTELARES ADMINISTRATIVAS Y EJECUCION EN LA ORBITA DEL PODER JUDICIAL DE LA NACION.	2/2026	03/03/2026 -	CAPITANICH, JORGE MILTON - BAHL, ADÁN HUMBERTO -	DE JUSTICIA Y ASUNTOS PENALES	DE PRESUPUESTO Y HACIENDA			
PE	40	2026	AC	MENSAJE N° 51/26 QUE SOLICITA ACUERDO PARA DESIGNAR DEFENSOR PUBLICO DE MENORES E INCAPACES ANTE LOS JUZGADOS NACIONALES DE PRIMERA INSTANCIA EN LO CIVIL, COMERCIAL Y DEL TRABAJO DE LA CAPITAL FEDERAL, DEFENSORIA N° 2, AL DR. LUCAS MARCELO BELLOTTI SAN MARTIN.	4/2026	30/03/2026 -		DE ACUERDOS				
S	40	2026	PL	CAPITANICH: PROYECTO DE LEY QUE TRANSFIERE A TITULO GRATUITO A FAVOR DE LA PROV. DEL CHACO, DIVERSOS INMUEBLES PROPIEDAD DEL ESTADO NACIONAL.	2/2026	03/03/2026 -	CAPITANICH, JORGE MILTON -	DE ASUNTOS ADMINISTRATIVOS Y MUNICIPALES				
PE	39	2026	AC	MENSAJE N° 50/26 QUE SOLICITA ACUERDO PARA DESIGNAR DEFENSORA PUBLICA DE MENORES E INCAPACES ANTE LOS JUZGADOS NACIONALES DE PRIMERA INSTANCIA EN LO CIVIL, COMERCIAL Y DEL TRABAJO DE LA CAPITAL FEDERAL, DEFENSORIA N° 3, A LA DRA. MARCELA LORENA SASSO.	4/2026	30/03/2026 -		DE ACUERDOS				
S	39	2026	PL	CAPITANICH: PROYECTO DE LEY DE MECENAZGO CULTURAL.	2/2026	03/03/2026 -	CAPITANICH, JORGE MILTON - BAHL, ADÁN HUMBERTO -	DE EDUCACIÓN Y CULTURA	DE PRESUPUESTO Y HACIENDA			
PE	38	2026	AC	MENSAJE N° 49/26 QUE SOLICITA ACUERDO PARA DESIGNAR DEFENSORA PUBLICA DE MENORES E INCAPACES ANTE LOS JUZGADOS NACIONALES DE PRIMERA INSTANCIA EN LO CIVIL, COMERCIAL Y DEL TRABAJO DE LA CAPITAL FEDERAL, DEFENSORIA N° 7, A LA DRA. VERONICA MABEL POLVERINI.	4/2026	30/03/2026 -		DE ACUERDOS				
S	38	2026	PL	CAPITANICH: PROYECTO DE LEY QUE DECLARA LA EMERGENCIA ECONÓMICA Y AMBIENTAL EN LA REGIÓN IMPENETRABLE DE LA PROVINCIA DEL CHACO, POR EL PLAZO DE 365 DÍAS	2/2026	03/03/2026 -	CAPITANICH, JORGE MILTON -	DE PRESUPUESTO Y HACIENDA	DE AMBIENTE Y DESARROLLO SUSTENTABLE	DE TRABAJO Y PREVISIÓN SOCIAL		
PE	37	2026	AC	MENSAJE N° 48/26 QUE SOLICITA ACUERDO PARA DESIGNAR VOCAL DE LA CAMARA NACIONAL DE APELACIONES EN LO PENAL ECONOMICO, SALA A, AL DR. JUAN PEDRO GALVAN GREENWAY.	4/2026	30/03/2026 -		DE ACUERDOS				
S	37	2026	PL	CAPITANICH: PROYECTO DE LEY QUE CREA EL RÉGIMEN FEDERAL DE COMPENSACIÓN LOGÍSTICA PARA LAS ECONOMÍAS REGIONALES DEL NORTE GRANDE.	2/2026	03/03/2026 -	CAPITANICH, JORGE MILTON -	DE LEGISLACIÓN GENERAL	DE INFRAESTRUCTURA, VIVIENDA Y TRANSPORTE	DE PRESUPUESTO Y HACIENDA		
PE	36	2026	AC	MENSAJE N° 47/26 QUE SOLICITA ACUERDO PARA DESIGNAR JUEZ DE CAMARA DEL TRIBUNAL ORAL EN LO CRIMINAL FEDERAL N° 2 DE LA PLATA, PROVINCIA DE BUENOS AIRES, AL DR. PABLO EZEQUIEL WILK.	4/2026	30/03/2026 -		DE ACUERDOS				
S	36	2026	PL	CAPITANICH: PROYECTO DE LEY QUE CREA EL PROGRAMA DE TURISMO CULTURAL	2/2026	03/03/2026 -	CAPITANICH, JORGE MILTON - BAHL, ADÁN HUMBERTO - GIMÉNEZ NAVARRO, MARÍA CELESTE -	DE TURISMO	DE EDUCACIÓN Y CULTURA	DE PRESUPUESTO Y HACIENDA		
PE	35	2026	AC	MENSAJE N° 46/26 QUE SOLICITA ACUERDO PARA DESIGNAR VOCAL DE LA CAMARA NACIONAL DE APELACIONES EN LO PENAL ECONOMICO, SALA B,  AL DR. ALEJANDRO JAVIER CATANIA.	4/2026	30/03/2026 -		DE ACUERDOS				
S	35	2026	PL	CAPITANICH: PROYECTO DE LEY QUE RECONOCE EL TRATADO INTERPROVINCIAL DE CREACIÓN DE LA REGIÓN NORTE GRANDE ARGENTINO (NOA-NEA).	2/2026	03/03/2026 -	CAPITANICH, JORGE MILTON -	DE ASUNTOS CONSTITUCIONALES				
PE	34	2026	AC	MENSAJE N° 45/26 QUE SOLICITA ACUERDO PARA DESIGNAR CONJUECES DE LOS JUZGADOS NACIONALES DE PRIMERA INSTANCIA EN LO CIVIL CON COMPETENCIA EXCLUSIVA EN ASUNTOS DE FAMILIA Y CAPACIDAD DE LAS PERSONAS DE LA JURISDICCION DE LA CAMARA NACIONAL DE APELACIONES EN LO CIVIL DE LA CAPITAL FEDERAL.	4/2026	30/03/2026 -		DE ACUERDOS				
S	34	2026	PL	CAPITANICH: PROYECTO DE LEY QUE DECLARA LA EMERGENCIA ALIMENTARIA REGIONAL EN TODO EL TERRITORIO DEL NORTE GRANDE ARGENTINO POR EL PERIODO DE UN AÑO, PRORROGABLE POR IGUAL TERMINO.	2/2026	03/03/2026 -	CAPITANICH, JORGE MILTON -	DE PRESUPUESTO Y HACIENDA	DE POBLACIÓN Y DESARROLLO  HUMANO			
PE	33	2026	AC	MENSAJE N° 44/26 QUE SOLICITA ACUERDO PARA DESIGNAR JUEZA DE CAMARA DEL TRIBUNAL ORAL EN LO CRIMINAL FEDERAL N° 3 DE LA PLATA, PROVINCIA DE BUENOS AIRES, A LA DRA. MARIA JULIA SOSA.	4/2026	30/03/2026 -		DE ACUERDOS				
S	33	2026	PL	CAPITANICH: PROYECTO DE LEY QUE CREA EL RÉGIMEN FEDERAL DE SUBSIDIO AL TRANSPORTE PÚBLICO DEL AUTOMOTOR DE PASAJEROS DEL NORTE GRANDE ARGENTINO.	2/2026	03/03/2026 -	CAPITANICH, JORGE MILTON -	DE LEGISLACIÓN GENERAL	DE INFRAESTRUCTURA, VIVIENDA Y TRANSPORTE	DE PRESUPUESTO Y HACIENDA		
PE	32	2026	AC	MENSAJE N° 43/26 QUE SOLICITA ACUERDO PARA DESIGNAR JUEZ DEL JUZGADO NACIONAL DE PRIMERA INSTANCIA EN LO CIVIL N° 95 DE LA CAPITAL FEDERAL, AL DR. JUAN MARTIN BALCAZAR.	4/2026	30/03/2026 -		DE ACUERDOS				
S	32	2026	PL	CAPITANICH: PROYECTO DE LEY QUE ESTABLECE LA OBLIGATORIEDAD DEL EXAMEN PSICOFISICO Y TOXICOLOGICO PARA FUNCIONARIOS PUBLICOS QUE OCUPEN CARGOS DE ELECCION POPULAR.	2/2026	03/03/2026 -	CAPITANICH, JORGE MILTON - BAHL, ADÁN HUMBERTO -	DE ASUNTOS CONSTITUCIONALES	DE SALUD			
PE	31	2026	AC	MENSAJE N° 42/26 QUE SOLICITA ACUERDO PARA DESIGNAR JUEZA DE CAMARA DEL TRIBUNAL ORAL EN LO CRIMINAL FEDERAL N° 3 DE LA PLATA, PROVINCIA DE BUENOS AIRES, A LA DRA. MARIA VERONICA MICHELLI.	4/2026	30/03/2026 -		DE ACUERDOS				
S	31	2026	PD	"LOPEZ, FLORENCIA: PROYECTO DE DECLARACIÓN QUE DECLARA DE INTERÉS LA CELEBRACIÓN DEL TINKUNACO, TAMBIÉN CONOCIDA COMO ""FIESTA DEL ENCUENTRO"" QUE SE CELEBRA EN LA CIUDAD DE LA RIOJA, EL 31 DE DICIEMBRE Y 1° DE ENERO DE CADA AÑO."	2/2026	03/03/2026 -	LÓPEZ, MARÍA FLORENCIA -	DE EDUCACIÓN Y CULTURA				
OV	30	2026	CA	AUDITORIA GENERAL DE LA NACION: COMUNICA RESOLUCIÓN N° 71/26, QUE APRUEBA EL INFORME CORRESPONDIENTE AL 3ER. TRIMESTRE DE 2025 DE LA AUDITORIA GENERAL DE LA NACION. -		13/03/2026 -		BICAMERAL PERMANENTE MIXTA REVISORA DE CUENTAS				
PE	30	2026	AC	MENSAJE N° 41/26 QUE SOLICITA ACUERDO PARA DESIGNAR JUEZ DE CAMARA DEL TRIBUNAL ORAL EN LO CRIMINAL FEDERAL N° 3 DE LA PLATA, PROVINCIA DE BUENOS AIRES, AL DR. CARLOS FABIAN CUESTA.	4/2026	30/03/2026 -		DE ACUERDOS				
S	30	2026	PD	LOPEZ, FLORENCIA: PROYECTO DE DECLARACIÓN QUE EXPRESA BENEPLÁCITO POR LA FIESTA PROVINCIAL DE LA PISADA DE LA UVA - 13° EDICIÓN, EN LA LOC. DE ANJULLÓN, DPTO. CASTRO BARROS, DE LA PROV. DE LA RIOJA.	2/2026	03/03/2026 -	LÓPEZ, MARÍA FLORENCIA -	DE AGRICULTURA, GANADERÍA Y PESCA				
OV	29	2026	CA	AUDITORIA GENERAL DE LA NACION: COMUNICA RESOLUCIÓN N° 70/26, QUE APRUEBA EL INFORME CORRESPONDIENTE AL 2DO TRIMESTRE DE 2025 DE LA AUDITORIA GENERAL DE LA NACION. -		13/03/2026 -		BICAMERAL PERMANENTE MIXTA REVISORA DE CUENTAS				
PE	29	2026	AC	MENSAJE N° 40/26 QUE SOLICITA ACUERDO PARA DESIGNAR JUEZA DEL JUZGADO NACIONAL EN LO CRIMINAL Y CORRECCIONAL N° 18 DE LA CAPITAL FEDERAL, A LA DRA. SOLEDAD EUGENIA MARIÑO.	4/2026	30/03/2026 -		DE ACUERDOS				
S	29	2026	PD	"LOPEZ FLORENCIA: PROYECTO DE DECLARACIÓN QUE EXPRESA BENEPLACITO POR LA LABOR DEL EQUIPO RIOJANO, GANADOR EN EL PROGRAMA FEDERAL DE FORMACION ""GESTION PARA EL DESARROLLO""."	2/2026	03/03/2026 -	LÓPEZ, MARÍA FLORENCIA -	DE EDUCACIÓN Y CULTURA				
OV	28	2026	CA	AUDITORIA GENERAL DE LA NACION: COMUNICA RESOLUCIÓN N° 69/26, QUE APRUEBA EL INFORME CORRESPONDIENTE AL PRIMER TRIMESTRE DE 2025 DE LA AUDITORIA GENERAL DE LA NACION.-		13/03/2026 -		BICAMERAL PERMANENTE MIXTA REVISORA DE CUENTAS				
PE	28	2026	AC	MENSAJE N° 39/26 QUE SOLICITA ACUERDO PARA DESIGNAR JUEZA DEL JUZGADO NACIONAL EN LO CRIMINAL Y CORRECCIONAL N° 14 DE LA CAPITAL FEDERAL, A LA DRA. PAULA FUERTES.	4/2026	30/03/2026 -		DE ACUERDOS				
S	28	2026	PL	LÓPEZ FLORENCIA: PROYECTO DE LEY DE PROTECCIÓN DE ACTIVOS ESTRATÉGICOS DEL ESTADO NACIONAL - INEMBARGABILIDAD Y PROHIBICIÓN DE CESIÓN EN GARANTÍA DE FINANCIAMIENTO EXTERNO.	2/2026	03/03/2026 -	LÓPEZ, MARÍA FLORENCIA -	DE PRESUPUESTO Y HACIENDA	DE ASUNTOS CONSTITUCIONALES			
OV	27	2026	CA	AUDITORIA GENERAL DE LA NACION: COMUNICA RESOLUCIÓN N° 68/26, QUE APRUEBA EL INFORME REFERIDO A LA GESTION DEL DESARROLLO DE LAS CADENAS CAPRINAS (PRODECCA), EN EL AMBITO DEL MINISTERIO DE ECONOMIA, PERIODO AUDITADO 01/01/2020 AL 31/03/2024.		13/03/2026 -		BICAMERAL PERMANENTE MIXTA REVISORA DE CUENTAS				
PE	27	2026	AC	MENSAJE N° 38/26 QUE SOLICITA ACUERDO PARA DESIGNAR JUEZ DE CAMARA DEL TRIBUNAL ORAL EN LO CRIMINAL FEDERAL N° 1 DE LA PLATA, PROVINCIA DE BUENOS AIRES, AL DR. CLAUDIO RICARDO SILVESTRI.	4/2026	30/03/2026 -		DE ACUERDOS				
S	27	2026	PL	LOPEZ FLORENCIA: PROYECTO DE LEY QUE MODIFICA SU SIMILAR 24.240 - DEFENSA DEL CONSUMIDOR-, RESPECTO DEL TIEMPO Y MODO DE ATENCION AL USUARIO O CONSUMIDOR.	2/2026	03/03/2026 -	LÓPEZ, MARÍA FLORENCIA -	DE DERECHOS Y GARANTÍAS				
OV	26	2026	CA	AUDITORIA GENERAL DE LA NACION: COMUNICA RESOLUCIÓN N° 67/26, QUE APRUEBA EL INFORME REALIZADO EN EL AMBITO DE LA CAMARA NACIONAL ELECTORAL REFERIDA AL INGRESO Y GASTOS DEL FONDO ANUAL ESPECIAL - ART. 4, INC. D), LEY 19.108 Y MODIFICATORIAS. CONVENIO. EJERCICIO 2020.		13/03/2026 -		BICAMERAL PERMANENTE MIXTA REVISORA DE CUENTAS				
PE	26	2026	AC	MENSAJE N° 37/26 QUE SOLICITA ACUERDO PARA DESIGNAR DEFENSORA PUBLICA OFICIAL ANTE LOS JUZGADOS Y ANTE LA CAMARA NACIONAL DE APELACIONES EN LO PENAL ECONOMICO, DEFENSORIA N° 1, A LA DRA. MARIA INES RESTON.	4/2026	30/03/2026 -		DE ACUERDOS				
S	26	2026	PC	GALARETTO Y VALENZUELA: PROYECTO DE COMUNICACIÓN QUE SOLICITA INTENSIFICAR LAS CAMPAÑAS DE INFORMACIÓN Y PREVENCIÓN SOBRE LAS ENFERMEDADES DE TRANSMISIÓN SEXUAL, EN ESPECIAL SOBRE LA SÍFILIS.	2/2026	03/03/2026 -	GALARETTO, EDUARDO HORACIO - VALENZUELA, MERCEDES GABRIELA -	DE SALUD				
OV	25	2026	CA	AUDITORIA GENERAL DE LA NACION: COMUNICA RESOLUCIÓN N° 66/26, QUE APRUEBA EL INFORME DE AUDITORÍA, INFORME EJECUTIVO Y FICHA DE PRENSA REFERIDO AL EXAMEN DE LA GESTIÓN DEL FONDO DE GARANTÍAS ARGENTINO (FOGAR) - FONDO DE AFECTACIÓN ESPECÍFICA DISPUESTO POR DNU N° 326/2020 - PERÍODO AUDITADO		13/03/2026 -		BICAMERAL PERMANENTE MIXTA REVISORA DE CUENTAS				
PE	25	2026	AC	MENSAJE N° 36/26 QUE SOLICITA ACUERDO PARA DESIGNAR JUEZA DEL JUZGADO NACIONAL EN LO CRIMINAL Y CORRECCIONAL N° 17 DE LA CAPITAL FEDERAL, A LA DRA. MARIA GLORIA CAPANEGRA.	4/2026	30/03/2026 -		DE ACUERDOS				
S	25	2026	PC	GALARETTO Y VALENZUELA: PROYECTO DE COMUNICACIÓN QUE SOLICITA SE ADOPTEN LAS MEDIDAS NECESARIAS PARA FORTALECER LA ATENCIÓN PRIMARIA DE LA SALUD (APS).	2/2026	03/03/2026 -	GALARETTO, EDUARDO HORACIO - VALENZUELA, MERCEDES GABRIELA -	DE SALUD				
OV	24	2026	CA	AUDITORIA GENERAL DE LA NACION: COMUNICA RESOLUCIÓN N° 65/26, QUE APRUEBA EL INFORME REFERIDO A LA ADMINISTRACIÓN NACIONAL DE LA SEGURIDAD SOCIAL - PROGRAMA DE INGRESO FAMILIAR DE EMERGENCIA (IFE) 2020 - PERÍODO AUDITADO 01/04/2020 AL 31/12/2020.		13/03/2026 -		BICAMERAL PERMANENTE MIXTA REVISORA DE CUENTAS				
PE	24	2026	AC	MENSAJE N° 35/26 QUE SOLICITA ACUERDO PARA DESIGNAR VOCAL DE LA CAMARA FEDERAL DE APELACIONES DE LA PLATA, PROVINCIA DE BUENOS AIRES, SALA III, AL DR. EMILIO SANTIAGO FAGGI.	4/2026	30/03/2026 -		DE ACUERDOS				
S	24	2026	PC	CAPITANICH: PROYECTO DE COMUNICACIÓN QUE SOLICITA LA ACEPTACIÓN Y FIRMA DEL PRÉSTAMO APROBADO POR EL BANCO INTERAMERICANO DE DESARROLLO (BID) MEDIANTE LA LÍNEA DE CRÉDITO PARA PROYECTOS DE INVERSIÓN (CCLIP) EN NOVIEMBRE DE 2023, DESTINADO A FINANCIAR LA CONSTRUCCIÓN DEL SEGUNDO PUENTE CHACO-C	2/2026	03/03/2026 -	CAPITANICH, JORGE MILTON -	DE INFRAESTRUCTURA, VIVIENDA Y TRANSPORTE				
OV	23	2026	CA	AUDITORIA GENERAL DE LA NACION: COMUNICA RESOLUCIÓN N° 64/26, QUE APRUEBA EL INFORME REALIZADO EN EL AMBITO DE LA ADMINISTRACION PUBLICA NACIONAL DE LA SEGURIDAD SOCIAL (ANSES) REFERIDO AL PROGRAMA DE ASISTENCIA DE EMERGENCIA AL TRABAJO Y LA PRODUCCION (ATP) PERIODO AUDITADO 01/04/20 AL 31/12/20.		13/03/2026 -		BICAMERAL PERMANENTE MIXTA REVISORA DE CUENTAS				
PE	23	2026	AC	MENSAJE N° 34/26 QUE SOLICITA ACUERDO PARA DESIGNAR JUEZ DEL JUZGADO NACIONAL EN LO CRIMINAL Y CORRECCIONAL N° 59 DE LA CAPITAL FEDERAL, AL DR. SANTIAGO JOSE JAIMES MUNILLA.	4/2026	30/03/2026 -		DE ACUERDOS				
S	23	2026	PL	CAPITANICH: PROYECTO DE LEY QUE CREA EL REGISTRO PUBLICO DE FINANCIAMIENTO ESTATAL A MEDIOS DE COMUNICACIÓN AUDIOVISUAL PRIVADOS.	2/2026	03/03/2026 -	CAPITANICH, JORGE MILTON - BAHL, ADÁN HUMBERTO - GIMÉNEZ NAVARRO, MARÍA CELESTE -	DE SISTEMAS, MEDIOS DE COMUNICACIÓN Y LIBERTAD DE EXPRESIÓN	DE LEGISLACIÓN GENERAL			
OV	22	2026	CA	AUDITORIA GENERAL DE LA NACION: COMUNICA RESOLUCIÓN N° 63/26, QUE APRUEBA EL MEMORANDO SOBRE EL SISTEMA DE CONTROL INTERNO CONTABLE CORRESPONDIENTE AL EJERCICIO FINALIZADO EL 31/12/2021, DEL FONDO FIDUCIARIO PARA EL DESARROLLO PROVINCIAL FIDUCIARIO BANCO DE LA NACION ARGENTINA. Y ADJUNTA SOBRE CER		13/03/2026 -		BICAMERAL PERMANENTE MIXTA REVISORA DE CUENTAS				
PE	22	2026	AC	MENSAJE N° 33/26 QUE SOLICITA ACUERDO PARA DESIGNAR JUEZA DE CAMARA DEL TRIBUNAL ORAL EN LO CRIMINAL Y CORRECCIONAL N° 20 DE LA CAPITAL FEDERAL, A LA DRA. IVANA SANDRA QUINTEROS.	4/2026	30/03/2026 -		DE ACUERDOS				
S	22	2026	PL	CAPITANICH: PROYECTO DE LEY QUE MODIFICA SU SIMILAR 26.571 - VOLUNTARIEDAD DEL SUFRAGIO EN PRIMARIAS, REALIZACION CON COMPETENCIA EFECTIVA, PROCLAMACION CONTROLADA Y FORTALECIMIENTO DE LA DEMOCRACIA PARTIDARIA.	2/2026	03/03/2026 -	CAPITANICH, JORGE MILTON -	DE ASUNTOS CONSTITUCIONALES				
OV	21	2026	CA	AUDITORÍA GENERAL DE LA NACIÓN: COMUNICA RESOLUCIÓN N° 62/26, QUE APRUEBA EL INFORME REFERIDO A LOS ESTADOS CONTABLES FIDUCIARIOS CORRESPONDIENTE AL BANCO DE LA NACIÓN ARGENTINA - FONDO FIDUCIARIO PARA EL DESARROLLO PROVINCIAL, PERIODO AUDITADO 01/01/2021 AL 31/12/2021.		13/03/2026 -		BICAMERAL PERMANENTE MIXTA REVISORA DE CUENTAS				
PE	21	2026	AC	MENSAJE N° 32/26 QUE SOLICITA ACUERDO PARA DESIGNAR VOCAL DE LA CAMARA NACIONAL DE CASACION EN LO CRIMINAL Y CORRECCIONAL DE LA CAPITAL FEDERAL, VOCALIA N° 10, AL DR. NICOLAS GRAPPASONNO.	4/2026	30/03/2026 -		DE ACUERDOS				
S	21	2026	PL	CAPITANICH: PROYECTO DE LEY QUE CREA EL PROGAMA NACIONAL DE FOMENTO DE LA PRODUCCIÓN ALGODONERA.	1/2026	03/03/2026 -	CAPITANICH, JORGE MILTON -	DE AGRICULTURA, GANADERÍA Y PESCA	DE PRESUPUESTO Y HACIENDA	DE LEGISLACIÓN GENERAL		
OV	20	2026	CA	AUDITORÍA GENERAL DE LA NACIÓN: COMUNICA RESOLUCIÓN N° 61/26, QUE APRUEBA EL INFORME REFERIDO A LOS ESTADOS CONTABLES CORRESPONDIENTES A AEROLINEAS ARGENTINAS S.A. POR EL EJERCICIO FINALIZADO EL 31 DE DICIEMBRE DE 2024.		13/03/2026 -		BICAMERAL PERMANENTE MIXTA REVISORA DE CUENTAS				
PE	20	2026	AC	MENSAJE N° 30/26 QUE SOLICITA ACUERDO PARA DESIGNAR JUEZ DEL JUZGADO NACIONAL DE PRIMERA INSTANCIA EN LO CIVIL N° 44 DE LA CAPITAL FEDERAL, AL DR. JULIAN HERRERA.	4/2026	30/03/2026 -		DE ACUERDOS				
S	20	2026	PL	CAPITANICH: PROYECTO DE LEY QUE TRANSFIERE A TITULO GRATUITO A LA PROV. DEL CHACO EL DOMINIO Y TODOS LOS DERECHOS Y ACCIONES QUE EL ESTADO NACIONAL POSEE SOBRE EL INMUEBLE DE SU PROPIEDAD, EN LA LOC. DE BARRANQUERAS, EN EL DPTO. SAN FERNANDO.	1/2026	03/03/2026 -	CAPITANICH, JORGE MILTON -	DE ASUNTOS ADMINISTRATIVOS Y MUNICIPALES				
OV	19	2026	CA	AUDITORÍA GENERAL DE LA NACIÓN: COMUNICA RESOLUCIÓN N° 60/26, QUE TOMA CONOCIMIENTO DE LA CERTIFICACIÓN DE LAS TRANSFERENCIAS DE FONDOS DEL ESTADO NACIONAL A AEROLÍNEAS ARGENTINAS S.A. EN CONCEPTO DE TRANSFERENCIAS CORRIENTES SEPTIEMBRE 2023 SEGÚN NOTA DE SOLICITUD DE FONDOS DEF N° 19/2023.		13/03/2026 -		BICAMERAL PERMANENTE MIXTA REVISORA DE CUENTAS				
PE	19	2026	AC	MENSAJE N° 29/26 QUE SOLICITA ACUERDO PARA DESIGNAR JUEZ DEL JUZGADO NACIONAL DE MENORES N° 2 DE LA CAPITAL FEDERAL AL DR. IGNACIO LABADENS.	4/2026	30/03/2026 -		DE ACUERDOS				
S	19	2026	PL	CAPITANICH: PROYECTO DE LEY QUE CREA LAS OFICINAS JUDICIALES FEDERALES (OFJ) EN EL ÁMBITO DEL PODER JUDICIAL DE LA NACIÓN.	1/2026	03/03/2026 -	CAPITANICH, JORGE MILTON -	DE JUSTICIA Y ASUNTOS PENALES	DE PRESUPUESTO Y HACIENDA			
OV	18	2026	CA	AUDITORÍA GENERAL DE LA NACIÓN: COMUNICA RESOLUCIÓN N° 59/26, QUE TOMA CONOCIMIENTO DE LA CERTIFICACIÓN DE LAS TRASFERENCIAS DE FONDOS DEL ESTADO NACIONAL A AEROLÍNEAS ARGENTINAS S.A. EN CONCEPTO DE TRASFERENCIAS CORRIENTES JUNIO 2023 SEGÚN NOTA DE SOLICITUD DE FONDOS DEF N° 13/2023.		13/03/2026 -		BICAMERAL PERMANENTE MIXTA REVISORA DE CUENTAS				
PE	18	2026	AC	MENSAJE N° 28/26 QUE SOLICITA ACUERDO PARA DESIGNAR JUEZ DEL JUZGADO NACIONAL DE PRIMERA INSTANCIA EN LO CIVIL N° 5 DE LA CAPITAL FEDERAL, AL DR. JAVIER ALBERTO SANTISO.	4/2026	30/03/2026 -		DE ACUERDOS				
S	18	2026	PL	CAPITANICH Y GONZALEZ: PROYECTO DE LEY QUE ESTABLECE EL RÉGIMEN PREVISIONAL ESPECIAL, INCORPORADO AL SISTEMA INTEGRADO DE PREVISIÓN SOCIAL (SIPA), PARA LOS TRABAJADORES Y TRABAJADORAS CON SINDROME DE DOWN DE LA REPÚBLICA ARGENTINA.	1/2026	03/03/2026 -	CAPITANICH, JORGE MILTON - GONZÁLEZ, MARÍA TERESA MARGARITA - BAHL, ADÁN HUMBERTO - GIMÉNEZ NAVARRO, MARÍA CELESTE -	DE TRABAJO Y PREVISIÓN SOCIAL	DE POBLACIÓN Y DESARROLLO  HUMANO			
OV	17	2026	CA	"AUDITORÍA GENERAL DE LA NACIÓN: COMUNICA RESOLUCIÓN N° 58/26, QUE APRUEBA EL INFORME SOBRE LOS ESTADOS FINANCIEROS DEL ""PROGRAMA INTEGRAL DEL HÁBITAT"" CONTRATO DE PRÉSTAMO CAF N° 10099, EJERCICIO N° 5 ENTRE EL 01/01/2023 Y EL 31/12/2023."		13/03/2026 -		BICAMERAL PERMANENTE MIXTA REVISORA DE CUENTAS				
PE	17	2026	AC	MENSAJE N° 27/26 QUE SOLICITA ACUERDO PARA DESIGNAR JUEZ DEL JUZGADO NACIONAL EN LO CRIMINAL Y CORRECCIONAL N° 13 DE LA CAPITAL FEDERAL, AL DR. SANTIAGO ALBERTO PONCIO.	4/2026	30/03/2026 -		DE ACUERDOS				
S	17	2026	PL	CAPITANICH: PROYECTO DE LEY QUE ESTABLECE EL SEGURO MULTIRRIESGO OBLIGATORIO PARA LA PRODUCCIÓN AGRÍCOLA.	1/2026	03/03/2026 -	CAPITANICH, JORGE MILTON - BAHL, ADÁN HUMBERTO -	DE AGRICULTURA, GANADERÍA Y PESCA	DE PRESUPUESTO Y HACIENDA			
OV	16	2026	CA	AUDITORIA GENERAL DE LA NACION: COMUNICA RESOLUCIÓN N° 57/26, QUE APRUEBA EL INFORME SOBRE LOS ESTADOS CONTABLES REFERIDO AL BANCO DE LA NACION ARGENTINA - FIDEICOMISO BANCO DE ENTRE RIOS S.A. (BERSA), PERÍODO AUDITADO 01/01/2024 AL 31/12/2024.		13/03/2026 -		BICAMERAL PERMANENTE MIXTA REVISORA DE CUENTAS				
PE	16	2026	AC	MENSAJE N° 26/26 QUE SOLICITA ACUERDO PARA DESIGNAR JUEZ DE CAMARA DEL TRIBUNAL ORAL EN LO CRIMINAL Y CORRECCIONAL N° 1 DE LA CAPITAL FEDERAL, AL DR. NICOLAS ANTONIO PACILIO.	4/2026	30/03/2026 -		DE ACUERDOS				
S	16	2026	PL	CAPITANICH: PROYECTO DE LEY QUE MODIFICA EL ART. 13 DE SU SIMILAR 24.284 - DEFENSORIA DEL PUEBLO DE LA NACION -, EN RELACION A LA DESIGNACION DE UN DEFENSOR ADJUNTO EN CASO DE ACEFALIA DE LA DEFENSORIA DEL PUEBLO.	1/2026	03/03/2026 -	CAPITANICH, JORGE MILTON - BAHL, ADÁN HUMBERTO - GIMÉNEZ NAVARRO, MARÍA CELESTE -	DE ASUNTOS CONSTITUCIONALES				
OV	15	2026	CA	AUDITORIA GENERAL DE LA NACION: COMUNICA RESOLUCIÓN N° 56/26, QUE APRUEBA EL INFORME SOBRE LA AUDITORÍA DE LOS ESTADOS FINANCIEROS DE LA ENTIDAD BINACIONAL YACYRETÁ (EBY), POR EL EJERCICIO FINALIZADO EL 31/12/2023.		13/03/2026 -		BICAMERAL PERMANENTE MIXTA REVISORA DE CUENTAS				
PE	15	2026	AC	MENSAJE N° 25/26 QUE SOLICITA ACUERDO PARA DESIGNAR JUEZ DE CAMARA DEL TRIBUNAL ORAL DE MENORES N° 3 DE LA CAPITAL FEDERAL, AL DR. RICARDO SANTIAGO LOMBARDO.	4/2026	30/03/2026 -		DE ACUERDOS				
S	15	2026	PL	CAPITANICH: PROYECTO DE LEY QUE DECLARA DE INTERES NACIONAL AL CORREDOR BIOCEANICO DE LA REGION NORTE GRANDE.	1/2026	03/03/2026 -	CAPITANICH, JORGE MILTON -	DE RELACIONES EXTERIORES Y CULTO	DE INFRAESTRUCTURA, VIVIENDA Y TRANSPORTE			
OV	14	2026	CA	AUDITORIA GENERAL DE LA NACION: COMUNICA RESOLUCIÓN N° 55/26, QUE APRUEBA EL INFORME SOBRE LA AUDITORÍA DE LOS ESTADOS FINANCIEROS DE LA ENTIDAD BINACIONAL YACYRETÁ (EBY), POR EL EJERCICIO FINALIZADO EL 30/06/2023.		13/03/2026 -		BICAMERAL PERMANENTE MIXTA REVISORA DE CUENTAS				
S	14	2026	PL	CAPITANICH: PROYECTO DE LEY QUE CREA UN JUZGADO FEDERAL DE PRIMERA INSTANCIA EN CHARATA, PROV. DEL CHACO.	1/2026	03/03/2026 -	CAPITANICH, JORGE MILTON -	DE JUSTICIA Y ASUNTOS PENALES	DE PRESUPUESTO Y HACIENDA			
OV	13	2026	CA	AUDITORIA GENERAL DE LA NACION: COMUNICA RESOLUCIÓN N° 54/26, QUE APRUEBA EL INFORME SOBRE LA AUDITORÍA DE LOS ESTADOS FINANCIEROS DE LA ENTIDAD BINACIONAL YACYRETÁ (EBY), POR EL EJERCICIO FINALIZADO EL 31/12/2022.		13/03/2026 -		BICAMERAL PERMANENTE MIXTA REVISORA DE CUENTAS				
PE	13	2026	PL	MENSAJE Nº 22/26 Y PROYECTO DE LEY SOBRE INVIOLABILIDAD DE LA PROPIEDAD PRIVADA.	16/2026	27/03/2026 -		DE ASUNTOS CONSTITUCIONALES	DE LEGISLACIÓN GENERAL			
S	13	2026	PL	CAPITANICH: PROYECTO DE LEY DE SPONSORIZACION DEL DEPORTE.	1/2026	03/03/2026 -	CAPITANICH, JORGE MILTON - BAHL, ADÁN HUMBERTO -	DE DEPORTE	DE PRESUPUESTO Y HACIENDA			
OV	12	2026	CA	"AUDITORIA GENERAL DE LA NACION: COMUNICA RESOLUCIÓN N° 53/26, QUE APRUEBA EL INFORME SOBRE LOS ESTADOS FINANCIEROS DEL ""PROYECTO FOMENTAR MEJORES EMPLEOS CON PROGRAMAS INTEGRADOS DE FORMACIÓN Y EMPLEO"", CONVENIO DE PRÉSTAMO BIRF 9337-AR, POR EL EJERCICIO N° 2 COMPRENDIDO ENTRE EL 01/01/2023 Y E"		13/03/2026 -		BICAMERAL PERMANENTE MIXTA REVISORA DE CUENTAS				
S	12	2026	PL	CAPITANICH: PROYECTO DE LEY QUE MODIFICA SU SIMILAR 20.247- LEY DE SEMILLAS Y CREACIONES FITOGENETICAS.	1/2026	03/03/2026 -	CAPITANICH, JORGE MILTON - BAHL, ADÁN HUMBERTO -	DE AGRICULTURA, GANADERÍA Y PESCA	DE LEGISLACIÓN GENERAL	DE PRESUPUESTO Y HACIENDA		
OV	11	2026	CA	AUDITORIA GENERAL DE LA NACION: COMUNICA RESOLUCION N° 52/26 QUE APRUEBA EL MEMORANDUM SOBRE LA EVALUACION DE CONTROL INTERNO CORRESPONDIENTE AL EJERCICIO FINALIZADO EL 31/12/2025 DEL BANCO DE INVERSION Y COMERCIO EXTERIOR SOCIEDAD ANONIMA (BICE S.A.), Y ADJUNTA SOBRE CERRADO RESERVADO.		11/03/2026 -		BICAMERAL PERMANENTE MIXTA REVISORA DE CUENTAS				
S	11	2026	PL	CAPITANICH: PROYECTO DE LEY QUE MODIFICA SU SIMILAR N° 27.716 - DIAGNOSTICO HUMANIZADO -, RESPECTO DE AMPLIAR LA COBERTURA DE DERECHOS.	1/2026	03/03/2026 -	CAPITANICH, JORGE MILTON - GONZÁLEZ, MARÍA TERESA MARGARITA - BAHL, ADÁN HUMBERTO - GIMÉNEZ NAVARRO, MARÍA CELESTE -	DE SALUD				
OV	10	2026	CA	AUDITORIA GENERAL DE LA NACION: COMUNICA RESOLUCIÓN N° 51/26, QUE APRUEBA LOS INFORMES DE LOS ESTADOS FINANCIEROS CONSOLIDADOS Y SEPARADOS DEL BANCO DE INVERSIÓN Y COMERCIO EXTERIOR SOCIEDAD ANONIMA (BICE SA), PERÍODO AUDITADO 01/01/2025 AL 31/12/2025.		11/03/2026 -		BICAMERAL PERMANENTE MIXTA REVISORA DE CUENTAS				
PE	10	2026	AC	MENSAJE N° 20/26 QUE SOLICITA ACUERDO PARA DESIGNAR DIRECTOR DEL BANCO CENTRAL DE LA REPÚBLICA ARGENTINA, AL LICENCIADO EN ECONOMÍA MARTÍN VAUTHIER.	3/2026	25/03/2026 -		DE ACUERDOS				
S	10	2026	PL	CAPITANICH: PROYECTO DE LEY QUE ESTABLECE EL MARCO REGULATORIO PARA LA FORMALIZACION DEL MERCADO ALGODONERO NACIONAL (MERCAL).	1/2026	03/03/2026 -	CAPITANICH, JORGE MILTON -	DE PRESUPUESTO Y HACIENDA	DE ECONOMÍAS REGIONALES, ECONOMÍA SOCIAL, MICRO, PEQUEÑA Y MEDIANA EMPRESA	DE LEGISLACIÓN GENERAL		
OV	9	2026	CA	AUDITORIA GENERAL DE LA NACION: COMUNICA RESOLUCION Nº 50/26, QUE TOMA CONOCIMIENTO DE LOS INFORMES DE REVISION DE LOS ESTADOS FINANCIEROS CONSOLIDADOS CONDENSADOS Y SEPARADOS CONDENSADOS REFERIDOS AL BANCO DE INVERSIÓN Y COMERCIO EXTERIOR SOCIEDAD ANONIMA (BICE SA) DEL PERÍODO INTERMEDIO AUDITAD		11/03/2026 -		BICAMERAL PERMANENTE MIXTA REVISORA DE CUENTAS				
S	9	2026	PL	CAPITANICH: PROYECTO DE LEY QUE ESTABLECE UN REGIMEN COMPENSATORIO DE SEGMENTACION DE DERECHOS DE EXPORTACION (DEX) PARA PEQUEÑOS Y MEDIANOS PRODUCTORES AGRICOLAS.	1/2026	03/03/2026 -	CAPITANICH, JORGE MILTON - BAHL, ADÁN HUMBERTO -	DE PRESUPUESTO Y HACIENDA	DE AGRICULTURA, GANADERÍA Y PESCA			
OV	8	2026	CA	AUDITORIA GENERAL DE LA NACION: COMUNICA RESOLUCION N° 49/26 QUE TOMA CONOCIMIENTO DE LOS INFORMES DE REVISION DE LOS ESTADOS FINANCIEROS CONSOLIDADOS CONDENSADOS Y SEPARADOS CONDENSADOS REFERIDOS AL BANCO DE INVERSION Y COMERCIO EXTERIOR SOCIEDAD ANONIMA (BICE SA), DEL PERIODO INTERMEDIO AUDITADO		11/03/2026 -		BICAMERAL PERMANENTE MIXTA REVISORA DE CUENTAS				
PE	8	2026	PL	"MENSAJE Nº 12/26 Y PROYECTO DE LEY QUE APRUEBA EL ""ACUERDO SOBRE MEDIDAS DEL ESTADO RECTOR DEL PUERTO DESTINADAS A PREVENIR, DESALENTAR Y ELIMINAR LA PESCA ILEGAL, NO DECLARADA Y NO REGLAMENTADA"", CELEBRADO EN ROMA -REPÚBLICA ITALIANA- EL 22 DE NOVIEMBRE DE 2009, EN EL MARCO DE LA CONFERENCIA DE L"	5/2026	06/03/2026 -		DE RELACIONES EXTERIORES Y CULTO				
S	8	2026	PC	KRONEBERGER: PROYECTO DE COMUNICACIÓN QUE SOLICITA INFORME SOBRE LA REACTIVACION DEL RADAR METEOROLOGICO DEL INTA, EN LA LOC. DE ANGUIL, PROV. DE LA PAMPA.	1/2026	03/03/2026 -	KRONEBERGER, DANIEL RICARDO -	DE AGRICULTURA, GANADERÍA Y PESCA				
OV	7	2026	CA	AUDITORIA GENERAL DE LA NACION: COMUNICA RESOLUCION N° 48/26 QUE TOMA CONOCIMIENTO DE LOS INFORMES DE REVISION DE LOS ESTADOS FINANCIEROS CONSOLIDADOS CONDENSADOS Y SEPARADOS CONDENSADOS REFERIDOS AL BANCO DE INVERSION Y COMERCIO EXTERIOR SOCIEDAD ANONIMA (BICE SA), DEL PERIODO INTERMEDIO AUDITADO		11/03/2026 -		BICAMERAL PERMANENTE MIXTA REVISORA DE CUENTAS				
S	7	2026	PD	VALENZUELA: PROYECTO DE DECLARACION QUE DECLARA DE INTERES EL CONGRESO ANUAL DE CONFEDERACIONES RURALES ARGENTINAS CRA - JONAGRO 2026, A REALIZARSE EN CABA, EL 12 DE MAYO.	1/2026	02/03/2026 -	VALENZUELA, MERCEDES GABRIELA - ARCE, CARLOS OMAR - CERVI, MARIO PABLO -	DE AGRICULTURA, GANADERÍA Y PESCA				
S	6	2026	PD	REJAL: PROYECTO DE DECLARACION QUE EXPRESA BENEPLACITO POR EL DESEMPEÑO DEL CIRUJANO PEDIATRICO, DR. ANIBAL MARIANO OJEDA, DE LA PROV. DE LA RIOJA.	1/2026	02/03/2026 -	REJAL, JESÚS FERNANDO -	DE SALUD				
OV	5	2026	CV	MINISTERIO DE JUSTICIA: REMITE LA RECEPCION DE LA COMUNICACIÓN OL 2/2026 DE LOS PROCEDIMIENTO ESPECIALES DEL CONSEJO DE DERECHOS HUMANOS DE LAS NACIONES UNIDAS VINCULADA AL PROYECTO DE REFORMA DE LA LEY DE 26.639 DE PRESUPUESTOS MÍNIMOS DE PROTECCIÓN AMBIENTAL PARA LA PRESERVACIÓN DE GLACIARES Y		04/03/2026 -		DE AMBIENTE Y DESARROLLO SUSTENTABLE				
S	5	2026	PD	"REJAL: PROYECTO DE DECLARACION QUE DECLARA DE INTERES LA PRODUCCION AUDIOVISUAL RIOJANA TITULADA ""ZILINE, ENTRE EL MAR Y LA MONTAÑA"", DIRIGIDA POR FERNANDO BERMUDEZ Y PRODUCIDA POR DIEGO DIAZ."	1/2026	02/03/2026 -	REJAL, JESÚS FERNANDO -	DE EDUCACIÓN Y CULTURA				
S	4	2026	PD	REJAL: PROYECTO DE DECLARACION QUE DECLARA DE INTERES LOS ESTUDIOS DE EVALUACION DE AGUAS TERMALES Y FACTIBILIDAD PARA LA PRODUCCION DE ENERGIA GEOTERMICA QUE SE REALIZAN A TRAVES DE LA OBRA PARQUE GEOTERMICO TERMAS DE SANTA TERESITA EN LA PROV. DE LA RIOJA.	1/2026	02/03/2026 -	REJAL, JESÚS FERNANDO -	DE MINERÍA, ENERGÍA Y COMBUSTIBLES				
CD	3	2026	PL	PROYECTO DE LEY EN REVISION QUE MODIFICA LA LEY 25.565, DE PRESUPUESTO GENERAL DE GASTOS DE LA ADM. NACIONAL PARA EL EJERCICIO 2002 SOBRE READECUACION DEL REGIMEN DE SUBSIDIOS A LOS CONSUMOS RESIDENCIALES DE GAS NATURAL EN ZONAS FRIAS, REGULARIZACION DE DEUDAS ELECTRICAS Y DEROGA LOS DECRETOS 277/20	38/2026	21/05/2026 -		DE MINERÍA, ENERGÍA Y COMBUSTIBLES	DE PRESUPUESTO Y HACIENDA			
OV	3	2026	CV	PROCURADOR GENERAL DE LA NACION: REMITE INFORME ANUAL DEL MINISTERIO PUBLICO FISCAL CORRESPONDIENTE AL AÑO 2025, EN CUMPLIMIENTO DE LO DISPUESTO POR EL ART. 21 Y 6 DE LAS LEYES N° 24.946 Y 27148, RESPECTIVAMENTE Y CONCORDANTES.		04/03/2026 -		DE JUSTICIA Y ASUNTOS PENALES				
S	3	2026	PL	VIGO Y ESPINOLA: PROYECTO DE LEY QUE MODIFICA SU SIMILAR 27.640- BIOCOMBUSTIBLES-, RESPECTO DE NUEVOS CRONOGRAMAS RELATIVOS A LA EXTENSIÓN TEMPORAL DE LAS REGULACIONES Y DE LA IMPLEMENTACIÓN DE LAS CUOTAS DE CORTES DE COMBUSTIBLES FOSILES.	1/2026	02/03/2026 -	ESPÍNOLA, CARLOS MAURICIO - VIGO, ALEJANDRA MARÍA - MOISES, MARÍA CAROLINA - MENDOZA, SANDRA MARIELA -	DE MINERÍA, ENERGÍA Y COMBUSTIBLES	DE PRESUPUESTO Y HACIENDA			
CD	2	2026	PL	"PROYECTO DE LEY EN REVISION QUE RECONOCE LA ACTUACION DEL BRIGADIER (R) ""VGM"" JORGE FRANCISCO MARTINEZ EN LA ""GUERRA DEL ATLANTICO SUR""."	38/2026	21/05/2026 -		DE DEFENSA NACIONAL				
OV	2	2026	CV	AUDITORIA GENERAL DE LA NACION: COMUNICA DISPOSICION N° 51/26, QUE AUTORIZA A IMPUTAR AL FONDO ESPECIAL DE RESERVA CREADO POR DISPOSICION N° 283/25-AGN Y EFECTUAR DE LOS FONDOS ALLI RESERVADOS EL PAGO POR LA ADQUISICION DE BIENES CON LA FIRMA INDUSTRIAL TAYLOR S.A.		03/03/2026 -		BICAMERAL PERMANENTE MIXTA REVISORA DE CUENTAS				
S	2	2026	PD	ARCE: PROYECTO DE DECLARACIÓN QUE DECLARA DE INTERES EL 20° CURSO INTERNACIONAL DE CIRUGIA VAGINAL, EN LA CDAD. DE POSADAS, PROV. DE MISIONES, DEL 23 AL 25 DE ABRIL DE 2026.	1/2026	02/03/2026 -	ARCE, CARLOS OMAR -	DE SALUD				
CD	1	2026	PL	"PROYECTO DE LEY EN REVISION QUE DEROGA LA LEGISLACION OBSOLETA  - "" LEY DE HOJARASCA"" -."	38/2026	21/05/2026 -		DE ASUNTOS CONSTITUCIONALES	DE LEGISLACIÓN GENERAL			
OV	1	2026	CV	AUDITORIA GENERAL DE LA NACION: COMUNICA DISPOSICION N° 49/26, QUE AUTORIZA A IMPUTAR AL FONDO ESPECIAL DE RESERVA CREADO POR DISPOSICION N° 283/25-AGN Y EFECTUAR DE LOS FONDOS ALLI RESERVADOS EL PAGO POR LA ADQUISICION DE BIENES CON LA FIRMA PROPATO HERMANOS S.A.I.C.		03/03/2026 -		BICAMERAL PERMANENTE MIXTA REVISORA DE CUENTAS				
S	916	2026	PL	ROYÓN: PROYECTO DE LEY QUE ESTABLECE EL MARCO REGULATORIO DE LOS BIOCOMBUSTIBLES.		27/05/2026 -	ROYON, FLAVIA GABRIELA -	DE MINERÍA, ENERGÍA Y COMBUSTIBLES	DE PRESUPUESTO Y HACIENDA			
S	914	2026	PL	CARAMBIA: PROYECTO DE LEY QUE CREA EL REGIMEN DE INCENTIVOS PARA LA REUTILIZACION DE POZOS PETROLEROS INACTIVOS PARA LA GENERACION DE ENERGIA GEOTERMICA		27/05/2026 -	CARAMBIA, JOSÉ MARÍA -	DE MINERÍA, ENERGÍA Y COMBUSTIBLES	DE PRESUPUESTO Y HACIENDA			
PE	195	2026	AC	MENSAJE N° 190/26 QUE SOLICITA ACUERDO PARA DESIGNAR VOCAL DE LA CAMARA FEDERAL DE APELACIONES DE SAN JUSTO, PROVINCIA DE BUENOS AIRES, AL DR. ANDRES GUILLERMO FRAGA.	21/2026	04/06/2026 -		DE ACUERDOS				
PE	194	2026	AC	MENSAJE N° 188/26 QUE SOLICITA ACUERDO PARA DESIGNAR JUEZA DEL JUZGADO NACIONAL DE PRIMERA INSTANCIA EN LO CIVIL N° 69 DE LA CAPITAL FEDERAL, A LA DRA. KARINA GABRIELA RAPKINAS.	21/2026	04/06/2026 -		DE ACUERDOS				
PE	196	2026	AC	MENSAJE N° 189/26 QUE SOLICITA ACUERDO PARA PROMOVER AL GRADO INMEDIATO SUPERIOR, A PERSONAL MILITAR SUPERIOR DE LA FUERZA AÉREA ARGENTINA, AL 31 DE DICIEMBRE DE 2025.		04/06/2026 -		DE ACUERDOS				
S	1020	2026	PD	"ALMEIDA: PROYECTO DE DECLARACIÓN QUE DECLARA DE INTERES LA COMPOSICION ARTISTICA ""MI BANDERA ES ARGENTINA"", DEL CANTAUTOR Y DOCENTE DE MUSICA DIAMANTINO RUBEN DARIO GIMENEZ."	43/2026	10/06/2026 -	ALMEIDA, ROMINA MARÍA -	DE EDUCACIÓN Y CULTURA				
S	1019	2026	PL	GADANO: PROYECTO DE LEY QUE DISPONE QUE LAS EMPRESAS PRESTADORAS DE SERVICIOS DE TURISMO, QUE BRINDEN EXCURSIONES Y ACTIVIDADES QUE REPRESENTE UN RIESGO PARA LAS PERSONAS DENTRO DE AREAS Y PARQUES NACIONALES DEBERAN ENTREGAR UN DISPOSITIVO DE SEGUIMIENTO SATELITAL.	43/2026	10/06/2026 -	GADANO, NATALIA ELENA -	DE INDUSTRIA Y COMERCIO	DE TURISMO	DE PRESUPUESTO Y HACIENDA		
S	1018	2026	PD	CAPITANICH: PROYECTO DE DECLARACIÓN QUE RINDE HOMENAJE AL GRAL. DE DIVISION JUAN JOSE VALLE Y A LAS 30 VICTIMAS DE LOS FUSILAMIENTOS DE JUNIO DE 1956, AL CUMPLIRSE UN NUEVO ANIVERSARIO.	43/2026	10/06/2026 -	CAPITANICH, JORGE MILTON -	DE EDUCACIÓN Y CULTURA				
S	1017	2026	PD	"SCHNEIDER: PROYECTO DE DECLARACION QUE EXPRESA BENEPLACITO POR LA SELECCIÓN DE LAS DOCENTES CHAQUEÑAS VANESA ANABEL MEZA Y GLORIA ARGENTINA CISNEROS, COMO SEMIFINALISTAS NACIONALES EN LA EDICION 2026 DEL PREMIO ""DOCENTES QUE INSPIRAN""."	43/2026	10/06/2026 -	SCHNEIDER, SILVANA LORENA -	BANCA DE LA MUJER				
S	1016	2026	PD	MARKS: PROYECTO DE DECLARACION QUE DECLARA DE INTERES EL 2° CONGRESO PEDAGOGICO LATINOAMERICANO DE LA RED DE DOCENTES POR EL DERECHO AL ABORTO LEGAL, SEGURO Y GRATUITO, A REALIZARSE EN CABA, EL 12 DE SEPTIEMBRE DE 2026.	43/2026	10/06/2026 -	MARKS, ANA INÉS -	DE EDUCACIÓN Y CULTURA				
S	1015	2026	PC	GIMÉNEZ NAVARRO: PROYECTO DE COMUNICACIÓN QUE SOLICITA INFORME SOBRE LA CARTA DE INTENCIÓN SUSCRIPTA ENTRE LA ARMADA ARGENTINA Y LA CUARTA FLOTA DEL COMANDO SUR DE LOS ESTADOS UNIDOS.	43/2026	09/06/2026 -	GIMÉNEZ NAVARRO, MARÍA CELESTE -	DE DEFENSA NACIONAL				
S	1013	2026	PD	CORROZA: PROYECTO DE DECLARACIÓN QUE EXPRESA BENEPLACITO POR LA REALIZACION DEL ENCUENTRO BINACIONAL NEUQUEN - BIO BIO (ARGENTINA-CHILE), EN LA LOC. DE NEUQUEN, PROV. HOMONIMA, EL 10 DE JUNIO DE 2026.	43/2026	09/06/2026 -	CORROZA, JULIETA -	DE CIENCIA Y TECNOLOGÍA				
S	1011	2026	PL	CARAMBIA: PROYECTO DE LEY QUE MODIFICA EL ART. 8° DE SU SIMILAR 24.240 - DEFENSA DEL CONSUMIDOR - RESPECTO DE LOS EFECTOS DE LA PUBLICIDAD.	42/2026	09/06/2026 -	CARAMBIA, JOSÉ MARÍA -	DE DERECHOS Y GARANTÍAS				
S	1010	2026	PD	LOPEZ C.: PROYECTO DE DECLARACIÓN QUE DECLARA DE INTERES LA XIX EDICION DEL ENCUENTRO INTERNACIONAL DE MOTOVIAJEROS EN EL FIN DEL MUNDO, EN LA CDAD. DE USHUAIA, PROV. DE TIERRA DEL FUEGO,  A.I.A.S., DEL 20 AL 22 DE NOVIEMBRE DE 2026.	42/2026	09/06/2026 -	LÓPEZ, CÁNDIDA CRISTINA -	DE TURISMO				
S	1009	2026	PL	CAPITANICH: PROYECTO DE LEY DE REGIMEN FEDERAL DE PROMOCION DEL TRANSPORTE FLUVIAL DE CABOTAJE Y DESARROLLO PORTUARIO DE LA HIDROVIA PARANA-PARAGUAY.	42/2026	09/06/2026 -	CAPITANICH, JORGE MILTON -	DE INFRAESTRUCTURA, VIVIENDA Y TRANSPORTE	DE PRESUPUESTO Y HACIENDA			
S	1008	2026	PL	SORIA Y OTROS: PROYECTO DE LEY DE ACCESO A LA JUSTICIA PARA VICTIMAS DE VIOLENCIA DE GENERO.	42/2026	09/06/2026 -	SORIA, MARTIN IGNACIO - FERNÁNDEZ SAGASTI, ANABEL - LÓPEZ, CÁNDIDA CRISTINA - KIRCHNER, ALICIA MARGARITA ANTONIA - CAPITANICH, JORGE MILTON - BAHL, ADÁN HUMBERTO -	DE JUSTICIA Y ASUNTOS PENALES	BANCA DE LA MUJER	DE PRESUPUESTO Y HACIENDA		
S	1007	2026	PD	"LOPEZ C.: PROYECTO DE DECLARACIÓN QUE EXPRESA PESAR POR EL FALLECIMIENTO DE CARLOS ALBERTO ""INDIO"" SOLARI, EL 5 DE JUNIO DE 2026."	42/2026	08/06/2026 -	LÓPEZ, CÁNDIDA CRISTINA -	DE EDUCACIÓN Y CULTURA				
S	1006	2026	PD	MONTE DE OCA: PROYECTO DE DECLARACIÓN QUE EXPRESA BENEPLACITO POR EL 35° ANIVERSARIO DE LA JURA DE LA CONSTITUCION DE LA PROV. DE TIERRA DEL FUEGO, A.I.A.S., EL 1 DE JUNIO DE 2026.	42/2026	08/06/2026 -	MONTE DE OCA, MARÍA BELÉN -	DE EDUCACIÓN Y CULTURA				
S	1005	2026	PD	"SCHNEIDER: PROYECTO DE DECLARACIÓN QUE EXPRESA BENEPLACITO POR LA REALIZACION DE LA ""29 EDICION DE LA CABALGATA DE LA FE"" UNIENDO LAS LOC. DE QUITILIPI Y PAMPA DEL INDIO, PROV. DEL CHACO, EL 26 Y 27 DE JULIO DE 2026."	42/2026	08/06/2026 -	SCHNEIDER, SILVANA LORENA -	DE EDUCACIÓN Y CULTURA				
OV	217	2026	CV	CONCEJO DELIBERANTE DE AZUL, PROV. DE BS. AS.: EXPRESA PREOCUPACION ANTE LAS MODIFICACIONES DE LA LEY 27.637 DE AMPLIACION DEL REGIMEN POR ZONA FRIA.		09/06/2026 -						
OV	216	2026	CV	CONCEJO DELIBERANTE DE BALCARCE, PROV. DE BS. AS.: RECHAZA LA EVENTUAL ELIMINACION DEL REGIMEN DE SUBSIDIO POR ZONA FRIA, EN EL SERVICIO DE GAS NATURAL.		09/06/2026 -						
OV	215	2026	CV	CÁMARA DE REPRESENTANTES DE LA PROV. DE MISIONES: EXPRESA BENEPLÁCITO POR EL PROYECTO DE LEY QUE DECLARA EMERGENCIA SALARIAL DE LA EDUCACIÓN OBLIGATORIA DE GESTIÓN ESTATAL Y PRIVADA		09/06/2026 -						
OV	214	2026	CV	LEGISLATURA DE LA PROV. DEL CHUBUT: REPUDIA LAS DECLARACIONES DE LA MINISTRA DE SEGURIDAD DE LA NACIÓN, ALEJANDRA MONTEOLIVA, RESPECTO DE LA MINIMIZACIÓN DE LA FIGURA PENAL DE FEMICIDIO, AL REFERIRSE AL CRIMEN DE AGOSTINA VEGA		09/06/2026 -						
S	1040	2026	PL	"VALENZUELA: PROYECTO DE LEY QUE DECLARA FIESTA NACIONAL AL ""FESTIVAL DEL FOLCLORE CORRENTINO"", A REALIZARSE EN LA CDAD. DE SANTO TOME, PROV. DE CORRIENTES, EN EL MES DE DICIEMBRE DE CADA AÑO."		12/06/2026 -	VALENZUELA, MERCEDES GABRIELA -	DE EDUCACIÓN Y CULTURA				
S	1039	2026	PD	"ROJAS DECUT Y ARCE: PROYECTO DE DECLARACIÓN QUE DECLARA DE INTERES LA PUBLICACION DEL LIBRO ""SABER COMUNICAR PARA ELEGIR: CLAVES DE CAMBIO PARA LA SELECCIÓN DE CANDIDATOS EN EL CONSEJO DE LA MAGISTRATURA"" DE LA MAGISTER MARIA SOLEDAD JOULIA."		12/06/2026 -	ROJAS DECUT, SONIA ELIZABETH - ARCE, CARLOS OMAR -	DE EDUCACIÓN Y CULTURA				
S	1038	2026	PD	ROJAS DECUT Y ARCE: PROYECTO DE DECLARACIÓN QUE DECLARA DE INTERES LA PROPUESTA DIOCESANA CONMEMORATIVA DE LOS 400 AÑOS DE LA LLEGADA DE LAS MISIONES JESUITICAS Y LOS 40 AÑOS DE LA DIOCESIS DE PUERTO IGUAZU.		12/06/2026 -	ROJAS DECUT, SONIA ELIZABETH - ARCE, CARLOS OMAR -	DE EDUCACIÓN Y CULTURA				
S	1037	2026	PD	ROJAS DECUT Y ARCE: PROYECTO DE DECLARACIÓN QUE DECLARA DE INTERES LA CUARTA EDICION DEL CONGRESO INTERNACIONAL VETERINARIO DEL IGUAZU (CIVI), A REALIZARSE EN LA PROV. DE MISIONES, EL 2 Y 3 DE OCTUBRE DE 2026.		12/06/2026 -	ROJAS DECUT, SONIA ELIZABETH - ARCE, CARLOS OMAR -	DE EDUCACIÓN Y CULTURA				
S	1036	2026	PD	"ROJAS DECUT Y ARCE: PROYECTO DE DECLARACIÓN QUE DECLARA DE INTERES LA PUBLICACION DEL LIBRO ""RED CIDIR: 20 AÑOS DE INTEGRACION Y COOPERACION"" Y LA REALIZACION DE LA CATEDRA DOCTORAL INTERNACIONAL RED CIDIR 2026."		12/06/2026 -	ROJAS DECUT, SONIA ELIZABETH - ARCE, CARLOS OMAR -	DE EDUCACIÓN Y CULTURA				
S	1035	2026	PL	ARCE Y ROJAS DECUT : PROYECTO DE LEY QUE ESTABLECE EL  MARCO REGULATORIO DE LOS BIOCOMBUSTIBLES EN EL TERRITORIO NACIONAL.	43/2026	12/06/2026 -	ARCE, CARLOS OMAR - ROJAS DECUT, SONIA ELIZABETH -	DE MINERÍA, ENERGÍA Y COMBUSTIBLES	DE PRESUPUESTO Y HACIENDA			
S	1034	2026	PR	MAYANS Y OTROS: PROYECTO DE RESOLUCION QUE CITA AL JEFE DE GABINETE DE MINISTROS, SR. MANUEL ADORNI, PARA SER INTERPELADO CONFORME A LO ESTABLECIDO EN EL ART. 101 DE LA C.N., RESPECTO DE LAS INCONSISTENCIAS PATRIMONIALES EN SUS PRESENTACIONES ANTE LA OFICINA ANTICORRUPCION (OA) Y LA AGENCIA DE REGUL	43/2026	12/06/2026 -	MAYANS, JOSÉ MIGUEL ÁNGEL - FERNÁNDEZ SAGASTI, ANABEL - SALINO, FERNANDO ALDO - SORIA, MARTIN IGNACIO - RECALDE, MARIANO - CAPITANICH, JORGE MILTON - MARKS, ANA INÉS - GIMÉNEZ NAVARRO, MARÍA CELESTE - DE PEDRO, EDUARDO ENRIQUE - DI TULLIO, JULIANA - BENSUSÁN, DANIEL PABLO - LÓPEZ, CÁNDIDA CRISTINA - LINARES, CARLOS ALBERTO - MANZUR, JUAN LUIS - LÓPEZ, MARÍA FLORENCIA - LEWANDOWSKI, MARCELO NÉSTOR -	DE ASUNTOS CONSTITUCIONALES				
S	1033	2026	PL	HUALA: PROYECTO DE LEY QUE INCORPORA EL ART. 43 BIS A SU SIMILAR 27.799- RÉGIMEN PENAL TRIBUTARIO, RESPECTO DE LAS PERSONAS EXCLUIDAS DEL BENEFICIO IMPOSITIVO.	43/2026	11/06/2026 -	HUALA, MARÍA VICTORIA -	DE JUSTICIA Y ASUNTOS PENALES				
S	1031	2026	PD	"SCHNEIDER: PROYECTO DE DECLARACIÓN QUE EXPRESA BENEPLÁCITO POR LA REALIZACIÓN DE LA CUARTA EDICIÓN DEL ""SINERGIA MARATHON FEST 2026"", EN LA CDAD. DE RESISTENCIA, PROV. DEL CHACO, EL 13 Y 14 DE JUNIO."	43/2026	11/06/2026 -	SCHNEIDER, SILVANA LORENA -	DE DEPORTE				
S	1030	2026	PD	SCHNEIDER: PROYECTO DE DECLARACIÓN QUE EXPRESA BENEPLÁCITO POR LA CELEBRACIÓN DEL DÍA INSTITUCIONAL DE LA POLICÍA DE LA PROVINCIA DEL CHACO, EL 15 DE JUNIO DE CADA AÑO.	43/2026	11/06/2026 -	SCHNEIDER, SILVANA LORENA -	DE SEGURIDAD INTERIOR Y NARCOTRÁFICO				
S	1029	2026	PD	GUZMAN CORAITA Y OROZCO: PROYECTO DE DECLARACIÓN QUE DECLARA DE INTERES AL MUSEO DIDACTICO DE LA GESTA GUEMESIANA Y GAUCHA, EN LA LOC. DE SAN LORENZO, PROV. DE SALTA.	43/2026	11/06/2026 -	GUZMÁN CORAITA, GONZALO - OROZCO, MARÍA EMILIA -	DE EDUCACIÓN Y CULTURA				
S	1028	2026	PD	MOISES: PROYECTO DE DECLARACION QUE EXPRESA BENEPLACITO POR LA OBTENCION DE LA MEDALLA DE ORO POR PARTE DEL DEPORTISTA JUJEÑO SANTIAGO FEDERICO FERRARI, EN EL CAMPEONATO PANAMERICANO DISPUTADO EN MEDELLIN COLOMBIA, EN MAYO DE 2026.	43/2026	11/06/2026 -	MOISES, MARÍA CAROLINA -	DE DEPORTE				
S	1027	2026	PD	"MOISES: PROYECTO DE DECLARACION QUE DECLARA DE INTERES LA REALIZACION DE LAS XV JORNADAS DE ESTUDIANTES DE PSICOLOGIA, ""PSICOLOGIA PRE Y PERINATAL: SALUD MENTAL DESDE LOS INICIOS DE LA VIDA"" EN LA CDAD DE SAN SALVADOR DE JUJUY, PROV. DE JUJUY, EL 3 Y 4 DE SEPTIEMBRE DE 2026"	43/2026	11/06/2026 -	MOISES, MARÍA CAROLINA -	DE SALUD				
S	1026	2026	PL	DI TULLIO: PROYECTO DE LEY QUE DEROGA EL CAPÍTULO III DE SU SIMILAR 27.799 - RÉGIMEN PENAL TRIBUTARIO-, RESPECTO DEL RÉGIMEN DE DECLARACIÓN JURADA SIMPLIFICADA.	43/2026	10/06/2026 -	DI TULLIO, JULIANA -	DE JUSTICIA Y ASUNTOS PENALES				
S	1024	2026	PD	LOPEZ C.: PROYECTO DE DECLARACION QUE ADHIERE A LA CONMEMORACION DEL DIA DE LA AFIRMACION DE LOS DERECHOS ARGENTINOS SOBRE LAS ISLAS MALVINAS, ISLAS DEL ATLÁNTICO SUR Y SECTOR ANTÁRTICO AL CUMPLIRSE EL  197° ANIVERSARIO DE LA CREACION DE LA COMANDANCIA POLITICA Y MILITAR DE LAS ISLAS MALVINAS, EL	43/2026	10/06/2026 -	LÓPEZ, CÁNDIDA CRISTINA -	DE RELACIONES EXTERIORES Y CULTO				
S	1023	2026	PD	AVILA: PROYECTO DE DECLARACIÓN QUE DECLARA DE INTERES EL 90° ANIVERSARIO DE LA CAMARA ARGENTINA DE LA CONSTRUCCION (CAMARCO), EL 6 DE FEBRERO DE 2026.	43/2026	10/06/2026 -	AVILA, BEATRIZ LUISA -	DE INFRAESTRUCTURA, VIVIENDA Y TRANSPORTE				
S	1022	2026	PD	ROYON: PROYECTO DE DECLARACIÓN QUE ADHIERE A LA CONMEMORACIÓN DE LOS 205 AÑOS DEL PASO A LA INMORTALIDAD DEL GRAL. MARTÍN MIGUEL DE GÜEMES, EL 17 DE JUNIO DE 2026.	43/2026	10/06/2026 -	ROYON, FLAVIA GABRIELA -	DE EDUCACIÓN Y CULTURA				
S	1021	2026	PL	ROYON: PROYECTO DE LEY QUE MODIFICA EL INC. 3° DEL ART. 163 DE SU SIMILAR 11.179 -CÓDIGO PENAL DE LA NACIÓN -, RESPECTO DEL USO DE INHIBIDORES DE SEÑAL E INCORPORA EL ART. 163 TER. RESPECTO DE LAS PENAS Y SU TIPIFICACIÓN PENAL.	43/2026	10/06/2026 -	ROYON, FLAVIA GABRIELA -	DE JUSTICIA Y ASUNTOS PENALES				
OV	221	2026	CV	CONCEJO MUNICIPAL DE SAN LORENZO, PROV. DE SANTA FE: EXPRESA PREOCUPACIÓN ANTE LAS MODIFICACIONES A LA LEY NACIONAL DE SALUD MENTAL N° 26.657.		11/06/2026 -						
OV	220	2026	CV	CONCEJO DELIBERANTE DE LA CDAD. DE NEUQUEN, PROV. HOMONIMA: DECLARA LA NECESIDAD DE QUE EL CONGRESO DE LA NACIÓN PROCEDA A LA MODIFICACION DE LOS ART. 2 Y 82 DE LA LEY NACIONAL 20.628 - IMPUESTO A LAS GANANCIAS.		11/06/2026 -						
OV	219	2026	CV	"CONCEJO DELIBERANTE DE RECONQUISTA, PROV. DE SANTA FE: EXPRESA PREOCUPACION RESPECTO DEL PROYECTO DE LEY ""CONTRA EL FRAUDE DE PENSIONES POR INVALIDEZ""."		11/06/2026 -						
OV	218	2026	CV	"CONCEJO DELIBERANTE DE PERGAMINO, PROV. DE BUENOS AIRES: EXPRESA PREOCUPACION ANTE EL PROYECTO DE LEY ""CONTRA EL FRAUDE DE PENSIONES POR INVALIDEZ""."		11/06/2026 -						
S	1088	2026	PC	KIRCHNER: PROYECTO DE COMUNICACIÓN QUE SOLICITA INFORME RESPECTO DE LA OBRA DE APROVECHAMIENTO HIDROELÉCTRICO DEL RIO SANTA CRUZ Y OTRAS CUESTIONES CONEXAS.		23/06/2026 -	KIRCHNER, ALICIA MARGARITA ANTONIA -	DE MINERÍA, ENERGÍA Y COMBUSTIBLES				
S	1090	2026	PD	FERNÁNDEZ SAGASTI Y ABAD: PROYECTO DE DECLARACIÓN QUE EXPRESA BENEPLÁCITO POR LA CONSAGRACIÓN DE LA SELECCIÓN ARGENTINA DE BÁSQUET PARA ATLETAS CON SÍNDROME DE DOWN, EN EL CAMPEONATO MUNDIAL, REALIZADO EN LA CDAD. DE KÖRMEND, HUNGRÍA, EL 19 DE JUNIO DE 2026.		23/06/2026 -	FERNÁNDEZ SAGASTI, ANABEL - ABAD, MAXIMILIANO -	DE DEPORTE				
S	1096	2026	PR	GOERLING LARA Y HUALA: PROYECTO DE RESOLUCIÓN QUE CITA AL SEÑOR JEFE DE GABINETE DE MINISTROS, MANUEL ADORNI, PARA SER INTERPELADO CONFORME A LO ESTABLECIDO EN EL ART. 101 DE LA C.N., A EFECTOS DE CONSIDERAR UNA MOCIÓN DE CENSURA O REMOCIÓN.	46/2026	24/06/2026 -	GOERLING LARA, ENRIQUE MARTÍN - HUALA, MARÍA VICTORIA -	DE ASUNTOS CONSTITUCIONALES				
S	1094	2026	PL	ATAUCHE: PROYECTO DE LEY DE SPONSORIZACIÓN DEPORTIVA.	46/2026	24/06/2026 -	ATAUCHE, EZEQUIEL -	DE DEPORTE	DE PRESUPUESTO Y HACIENDA			
S	1091	2026	PL	ABAD: PROYECTO DE LEY QUE CREA EL REGIMEN NACIONAL DE MECENAZGO DEPORTIVO.	46/2026	24/06/2026 -	ABAD, MAXIMILIANO -	DE DEPORTE	DE PRESUPUESTO Y HACIENDA			
PE	222	2026	AC	MENSAJE N° 211/26 QUE SOLICITA ACUERDO PARA DESIGNAR FISCAL ANTE LOS JUZGADOS NACIONALES EN LO CRIMINAL Y CORRECCIONAL DE LA CAPITAL FEDERAL, FISCALIA N° 27, A LA DRA. ORNELLA ROMINA RIGGITANO.	23/2026	25/06/2026 -		DE ACUERDOS				
PE	221	2026	AC	MENSAJE N° 210/26 QUE SOLICITA ACUERDO PARA DESIGNAR FISCAL ANTE LOS JUZGADOS NACIONALES EN LO CRIMINAL Y CORRECCIONAL DE LA CAPITAL FEDERAL, FISCALIA N° 7, AL DR. MATIAS EZEQUIEL EIDEM.	23/2026	25/06/2026 -		DE ACUERDOS				
PE	220	2026	AC	MENSAJE N° 209/26 QUE SOLICITA ACUERDO PARA DESIGNAR JUEZ DEL JUZGADO NACIONAL DE PRIMERA INSTANCIA EN LO CONTENCIOSO ADMINISTRATIVO FEDERAL N° 7 DE LA CAPITAL FEDERAL, AL DR. LEONARDO MARCO TOIA.	23/2026	25/06/2026 -		DE ACUERDOS				
PE	219	2026	AC	MENSAJE N° 208/26 QUE SOLICITA ACUERDO PARA DESIGNAR FISCAL ANTE LOS JUZGADOS NACIONALES EN LO CRIMINAL Y CORRECCIONAL DE LA CAPITAL FEDERAL, FISCALIA N° 35, AL DR. JUAN NOEL VARELA.	23/2026	25/06/2026 -		DE ACUERDOS				
PE	218	2026	AC	MENSAJE N° 207/26 QUE SOLICITA ACUERDO PARA DESIGNAR FISCAL ANTE LOS JUZGADOS NACIONALES EN LO CRIMINAL Y CORRECCIONAL DE LA CAPITAL FEDERAL, FISCALIA N° 43, A LA DRA. PATRICIA LUJAN CISNERO.	23/2026	25/06/2026 -		DE ACUERDOS				
PE	217	2026	AC	MENSAJE N° 206/26 QUE SOLICITA ACUERDO PARA DESIGNAR FISCAL ANTE LOS JUZGADOS NACIONALES EN LO CRIMINAL Y CORRECCIONAL DE LA CAPITAL FEDERAL, FISCALIA N° 3, AL DR. DANIEL FERNANDO CANO.	23/2026	25/06/2026 -		DE ACUERDOS				
PE	216	2026	AC	MENSAJE N° 205/26 QUE SOLICITA ACUERDO PARA DESIGNAR DEFENSOR PUBLICO OFICIAL ANTE LOS TRIBUNALES ORALES EN LO CRIMINAL Y CORRECCIONAL DE LA CAPITAL FEDERAL, DEFENSORIA N° 6, AL DR. ESTEBAN JOSE CHERVIN.	23/2026	25/06/2026 -		DE ACUERDOS				
PE	215	2026	AC	MENSAJE N° 204/26 QUE SOLICITA ACUERDO PARA DESIGNAR DEFENSOR PUBLICO OFICIAL ANTE LOS TRIBUNALES ORALES EN LO CRIMINAL FEDERAL DE LA PLATA, PROV. DE BUENOS AIRES, DEFENSORIA N° 2, AL DR. LEANDRO GASTON.	23/2026	25/06/2026 -		DE ACUERDOS				
PE	214	2026	AC	MENSAJE N° 203/26 QUE SOLICITA ACUERDO PARA DESIGNAR JUEZA DE CAMARA DEL TRIBUNAL ORAL EN LO CRIMINAL FEDERAL DE CATAMARCA, PROV. DE CATAMARCA, A LA DRA. MARIA VIRGINIA MIGUEL CARMONA.	23/2026	25/06/2026 -		DE ACUERDOS				
PE	213	2026	AC	MENSAJE N° 202/26 QUE SOLICITA ACUERDO PARA DESIGNAR VOCAL DE LA CAMARA FEDERAL DE APELACIONES DE CORDOBA, PROV. DE CORDOBA, SALA A, A LA DRA. MARIA SOLEDAD MANCINI.	23/2026	25/06/2026 -		DE ACUERDOS				
PE	212	2026	AC	MENSAJE N° 201/26 QUE SOLICITA ACUERDO PARA DESIGNAR JUEZ DEL JUZGADO NACIONAL DE PRIMERA INSTANCIA EN LO CIVIL N° 22 DE LA CAPITAL FEDERAL, AL DR. JUAN SANTIAGO YLARRI.	23/2026	25/06/2026 -		DE ACUERDOS				
PE	211	2026	AC	MENSAJE N° 200/26 QUE SOLICITA ACUERDO PARA DESIGNAR JUEZ DE CAMARA DEL TRIBUNAL ORAL EN LO CRIMINAL Y CORRECCIONAL N° 19 DE LA CAPITAL FEDERAL, AL DR. PABLO CESAR CINA.	23/2026	25/06/2026 -		DE ACUERDOS				
PE	210	2026	AC	MENSAJE N° 199/26 QUE SOLICITA ACUERDO PARA DESIGNAR JUEZ DEL JUZGADO NACIONAL DE PRIMERA INSTANCIA EN LO COMERCIAL N° 23 DE LA CAPITAL FEDERAL, AL DR. JUAN PABLO ANGEL SALA.	23/2026	25/06/2026 -		DE ACUERDOS				
PE	209	2026	AC	MENSAJE N° 198/26 QUE SOLICITA ACUERDO PARA DESIGNAR JUEZ DE CAMARA DEL TRIBUNAL ORAL EN LO CRIMINAL Y CORRECCIONAL N° 12 DE LA CAPITAL FEDERAL, AL DR. WALTER ALFREDO CAVASSA.	23/2026	25/06/2026 -		DE ACUERDOS				
PE	208	2026	AC	MENSAJE N° 197/26 QUE SOLICITA ACUERDO PARA DESIGNAR FISCAL GENERAL ADJUNTO ANTE LA CAMARA NACIONAL DE APELACIONES DEL TRABAJO DE LA CAPITAL FEDERAL, AL DR. GERMAN HELVIO QUEIPO.	23/2026	25/06/2026 -		DE ACUERDOS				
PE	207	2026	AC	MENSAJE N° 196/26 QUE SOLICITA ACUERDO PARA DESIGNAR DEFENSORA PUBLICA OFICIAL ANTE EL JUZGADO FEDERAL DE PRIMERA INSTANCIA DE DOLORES, PROV. DE BUENOS AIRES, A LA DRA. PAULA INES LO GIOIA.	23/2026	25/06/2026 -		DE ACUERDOS				
PE	206	2026	AC	MENSAJE N° 195/26 QUE SOLICITA ACUERDO PARA DESIGNAR DEFENSOR PUBLICO OFICIAL FEDERAL DEL INTERIOR DEL PAIS CON ASIENTO EN LA CDAD. DE SALTA, PROV. DE SALTA, AL DR. CARLOS NICOLAS ESCANDAR.	23/2026	25/06/2026 -		DE ACUERDOS				
PE	205	2026	AC	MENSAJE N° 194/26 QUE SOLICITA ACUERDO PARA DESIGNAR VOCAL DE LA CAMARA FEDERAL DE APELACIONES DE CORDOBA, PROV. DE CORDOBA, SALA B, AL DR. FACUNDO CARLOS CORTES.	23/2026	25/06/2026 -		DE ACUERDOS				
PE	204	2026	AC	MENSAJE N° 193/26 QUE SOLICITA ACUERDO PARA DESIGNAR VOCAL DE LA CAMARA NACIONAL DE APELACIONES EN LO COMERCIAL DE LA CAPITAL FEDERAL, SALA C, A LA DRA. VALERIA PÉREZ CASADO.	23/2026	25/06/2026 -		DE ACUERDOS				
PE	203	2026	AC	MENSAJE N° 192/26 QUE SOLICITA ACUERDO PARA DESIGNAR JUEZ DEL JUZGADO NACIONAL EN LO CRIMINAL Y CORRECCIONAL N° 38 DE LA CAPITAL FEDERAL, AL DR. ADOLFO OMAR PIENDIBENE.	23/2026	25/06/2026 -		DE ACUERDOS				
PE	202	2026	AC	MENSAJE N° 191/26 QUE SOLICITA ACUERDO PARA DESIGNAR JUEZ DEL JUZGADO NACIONAL EN LO CRIMINAL Y CORRECCIONAL N° 30 DE LA CAPITAL FEDERAL, AL DR. FEDERICO ALFREDO BATTILANA.	23/2026	25/06/2026 -		DE ACUERDOS				
OV	274	2026	CV	CONCEJO DELIBERANTE DE ENSENADA, PROV. DE BS. AS.: FORMULA CONSIDERACIONES RESPECTO AL JEFE DE GABINETE DE MINISTROS DE LA NACIÓN MANUEL ADORNI.		29/06/2026 -						
OV	273	2026	CV	CONCEJO DELIBERANTE DE TANDIL, PROV. DE BS. AS.: EXPRESA PREOCUPACIÓN ANTE EL PROYECTO DE LEY QUE RECORTA EL RÉGIMEN DE ZONA FRÍA Y SOLICITA LA CONTINUIDAD Y VIGENCIA DE LA LEY 27.637.		29/06/2026 -						
OV	290	2026	CV	CONCEJO DELIBERANTE DE CORONEL ROSALES, PROV. DE BS. AS.: REMITE COPIA DE RESOLUCIÓN POR LA QUE EXPRESA BENEPLÁCITO Y ACOMPAÑAMIENTO AL PROYECTO DE LEY PROVINCIAL QUE PROPONE MODIFICAR A SU SIMILAR 14.761, SOBRE ACTUALIZACIÓN DEL FONDO PARA EL FINANCIAMIENTO OPERATIVO DE LAS FEDERACIONES Y ASOCI		01/07/2026 -						
OV	289	2026	CV	"CONCEJO DELIBERANTE PARTIDO CORONEL DE MARINA LEONARDO ROSALES, CDAD DE PUNTA ALTA, PROV. DE BS.AS.: REMITE COPIA DE RESOLUCIÓN N° 209/2026 POR LA QUE EXPRESA EL ACOMPAÑAMIENTO AL TRATAMIENTO Y POSTERIOR APROBACION DEL PROYECTO DE LEY S. 596/26, DENOMINADO ""ARGENTINA CONTRA EL BULLYING: POR UNA E"		01/07/2026 -						
OV	288	2026	CV	CONCEJO DELIBERANTE DE 25 DE MAYO, PROV. DE BS.AS.: EXPRESA PREOCUPACION ANTE LAS REFORMAS IMPULSADAS RESPECTO DEL FUNCIONAMIENTO Y ESQUEMA DE CONTROL SANITARIO DEL SENASA.		30/06/2026 -						
OV	287	2026	CV	CONCEJO MUNICIPAL DE VILLA CONSTITUCION, PROV. DE SANTA FE: EXPRESA PREOCUPACIÓN POR LA CRITICA STUACIÓN QUE ATRAVIESAN LOS JUBILADOS Y PENSIONADOS NACIONALES DE ESA CDAD.		30/06/2026 -						
OV	286	2026	CV	"CONCEJO DELIBERANTE DE CHASCOMÚS, PROV. DE BS.AS.: EXPRESA PREOCUPACIÓN POR LOS EFECTOS QUE PUDIERA GENERAR EL PROYECTO DE LEY DENOMINADO ""LEY DE INVIOLABILIDAD DE LA PROPIEDAD PRIVADA""."		30/06/2026 -						
OV	285	2026	CV	CONCEJO DELIBERANTE DE CHASCOMÚS, PROV. DE BS.AS.: EXPRESA PREOCUPACIÓN POR LA SITUACIÓN PRESUPUESTARIA Y OPERATIVA DEL INSTITUTO DE INVESTIGACIONES BIOTECNOLÓGICAS - INSTITUTO TECNOLÓGICO DE CHASCOMÚS (INTECH)		30/06/2026 -						
OV	284	2026	CV	CONCEJO DELIBERANTE DE PRESIDENTE PERÓN, PROV. DE BS. AS.: EXPRESA PESAR Y CONSTERNACIÓN POR EL FALLECIMIENTO DE LA SRA. TATY ALMEIDA, MIEMBRO FUNDADORA DE MADRES DE PLAZA DE MAYO - LÍNEA FUNDADORA.		30/06/2026 -						
OV	283	2026	CV	AUDITORIA GENERAL DE LA NACION: COMUNICA RESOLUCION N° 148/26 QUE TOMA CONOCIMIENTO DE LOS INFORMES REFERIDOS AL BANCO DE INVERSION Y COMERCIO EXTERIOR S.A. (BICE S.A.) ESTADOS FINANCIEROS AL 31/03/2026 - PERIODO AUDITADO 01/01/2026 AL 31/03/2026.		30/06/2026 -		BICAMERAL PERMANENTE MIXTA REVISORA DE CUENTAS				
OV	282	2026	CV	"AUDITORIA GENERAL DE LA NACION: COMUNICA RESOLUCION N° 147/26 QUE APRUEBA EL INFORME LLEVADO A CABO EN EL AMBITO DE LA ""UNIVERSIDAD NACIONAL DE CORDOBA"", CORRESPONDIENTE A LOS EJERCICIOS 2022 Y 2023."		30/06/2026 -		BICAMERAL PERMANENTE MIXTA REVISORA DE CUENTAS				
OV	281	2026	CV	AUDITORIA GENERAL DE LA NACION: COMUNICA RESOLUCION N° 146/26 QUE APRUEBA EL INFORME REFERIDO A LA EVALUACION DE LA RENDICION DE CUENTAS DEL FONDO ANUAL ESPECIAL, CORRESPONDIENTE AL EJERCICIO 2024 Y MEMORANDO SOBRE EL MODELO ADMINISTRATIVO-CONTABLE Y DE LOS ASPECTOS DE CONTROL INTERNO ASOCIADOS AL		30/06/2026 -		BICAMERAL PERMANENTE MIXTA REVISORA DE CUENTAS				
OV	280	2026	CV	AUDITORIA GENERAL DE LA NACION: COMUNICA RESOLUCION N° 145/26 QUE APRUEBA EL INFORME REFERIDO A LA EVALUACION DE LA RENDICION DE CUENTRAS DEL FONDO ANUAL ESPECIAL, CORRESPONDIENTE AL EJERCICIO 2023 Y MEMORANDO SOBRE EL MODELO ADMINISTRATIVO- CONTABLE Y DE LOS ASPECTOS DE CONTROL INTERNO ASOCIADOS A		30/06/2026 -		BICAMERAL PERMANENTE MIXTA REVISORA DE CUENTAS				
OV	279	2026	CV	"AUDITORIA GENERAL DE LA NACION: COMUNICA RESOLUCION N° 144/26 QUE APRUEBA EL INFORME REALIZADO EN EL AMBITO DEL ORGANISMO REGULADOR DE SEGURIDAD DE PRESAS, REFERIDO A ""EVALUAR LA GESTION DEL ORGANISMO REGULADOR DE SEGURIDAD DE PRESAS-ORSEP- EN EL MARCO DE ACCIONES DE CONTROL"", PERIODO AUDITADO DEL"		30/06/2026 -		BICAMERAL PERMANENTE MIXTA REVISORA DE CUENTAS				
OV	278	2026	CV	"AUDITORIA GENERAL DE LA NACION: COMUNICA RESOLUCION N° 143/26 QUE APRUEBA EL INFORME SOBRE LOS ESTADOS FINANCIEROS DEL ""PROGRAMA DE SERVICIOS AGRICOLAS PROVINCIALES - PROSAP IV"", CONTRATO DE PRESTAMO BID N° 3806/OC-AR, EJERCICIO N° 8 FINALIZADO EL 31/12/2024."		30/06/2026 -		BICAMERAL PERMANENTE MIXTA REVISORA DE CUENTAS				
OV	277	2026	CV	"AUDITORIA GENERAL DE LA NACION: COMUNICA RESOLUCION N° 142/26 QUE APRUEBA EL INFORME SOBRE LOS ESTADOS FINANCIEROS DEL ""PROGRAMA DE MEJORA INTEGRAL PARA ASENTAMIENTOS FRONTERIZOS"", CONTRATO DE PRESTAMO FONPLATA N° ARG 29/2016, EJERCICIO IRREGULAR N° 6, DEL 01/01/2024 AL 02/12/2024."		30/06/2026 -		BICAMERAL PERMANENTE MIXTA REVISORA DE CUENTAS				
OV	276	2026	CV	"AUDITORIA GENERAL DE LA NACION: COMUNICA RESOLUCION N° 141/26 QUE APRUEBA EL INFORME SOBRE LOS ESTADOS FINANCIEROS DEL ""PROGRAMA FEDERAL DE SEGURIDAD"", CONTRATO DE PRESTAMO BID N° 4113/OC-AR, EJERCICIO N° 5 FINALIZADO EL 31/12/2023."		30/06/2026 -		BICAMERAL PERMANENTE MIXTA REVISORA DE CUENTAS				
OV	275	2026	CV	"AUDITORIA GENERAL DE LA NACION: COMUNICA RESOLUCION N° 140/26 QUE APRUEBA EL INFORME SOBRE LOS ESTADOS FINANCIEROS DEL ""PROYECTO DE APOYO A LA TRANSICION HACIA UN SECTOR ELECTRICO SOSTENIBLE EN ARGENTINA"", CONVENIO DE PRESTAMO BIRF N° 9747-AR, EJERCICIO IRREGULAR N° 1 ENTRE EL 26/11/24 Y EL 31/12"		30/06/2026 -		BICAMERAL PERMANENTE MIXTA REVISORA DE CUENTAS				
S	1174	2026	PL	VISCHI Y OTROS: PROYECTO DE LEY QUE CREA LA OFICINA ANTICORRUPCION.	50/2026	02/07/2026 -	VISCHI, EDUARDO ALEJANDRO - SCHNEIDER, SILVANA LORENA - KRONEBERGER, DANIEL RICARDO - VALENZUELA, MERCEDES GABRIELA -	DE ASUNTOS CONSTITUCIONALES	DE JUSTICIA Y ASUNTOS PENALES	DE PRESUPUESTO Y HACIENDA		
S	1173	2026	PL	AVILA: PROYECTO DE LEY QUE MODIFICA EL ART. 2 DE SU SIMILAR 23.592 - LEY ANTIDISCRIMINATORIA- SOBRE ACTOS DISCRIMINATORIOS, EN MATERIA DE REGLAS DE INTERPRETACION Y APLICACIÓN DE NUEVAS CIRCUNSTANCIAS AGRAVANTES.	50/2026	02/07/2026 -	AVILA, BEATRIZ LUISA -	DE POBLACIÓN Y DESARROLLO  HUMANO	DE JUSTICIA Y ASUNTOS PENALES			
S	1172	2026	PD	DE PEDRO Y OTROS: PROYECTO DE DECLARACION QUE RECHAZA LOS DESPIDOS MASIVOS EN LA COMISION NACIONAL DE ENERGIA ATOMICA (CNEA) Y REPUDIA EL INGRESO DE EFECTIVOS DE GENDARMERIA NACIONAL.	50/2026	02/07/2026 -	DE PEDRO, EDUARDO ENRIQUE - KIRCHNER, ALICIA MARGARITA ANTONIA - CAPITANICH, JORGE MILTON - MANZUR, JUAN LUIS - MARKS, ANA INÉS - FERNÁNDEZ SAGASTI, ANABEL - SORIA, MARTIN IGNACIO - MAYANS, JOSÉ MIGUEL ÁNGEL - REJAL, JESÚS FERNANDO - RECALDE, MARIANO - GIMÉNEZ NAVARRO, MARÍA CELESTE - LÓPEZ, CÁNDIDA CRISTINA -	DE TRABAJO Y PREVISIÓN SOCIAL				
S	1171	2026	PD	GIMÉNEZ NAVARRO Y OTROS: PROYECTO DE DECLARACIÓN QUE DECLARA DE INTERÉS LA OBRA DE JOSÉ RICARDO COHEN, CONOCIDO ARTÍSTICAMENTE COMO ROCAMBOLE.	50/2026	02/07/2026 -	GIMÉNEZ NAVARRO, MARÍA CELESTE - DE PEDRO, EDUARDO ENRIQUE - RECALDE, MARIANO - FERNÁNDEZ SAGASTI, ANABEL - MARKS, ANA INÉS -	DE EDUCACIÓN Y CULTURA				
S	1170	2026	PD	SCHNEIDER: PROYECTO DE DECLARACIÓN QUE EXPRESA BENEPLACITO POR LA CONMEMORACION DEL 105 ANIVERSARIO DE CORZUELA, LOC. DE LA PROV. DEL CHACO, EL 11 DE JULIO.	50/2026	02/07/2026 -	SCHNEIDER, SILVANA LORENA -	DE ASUNTOS ADMINISTRATIVOS Y MUNICIPALES				
S	1169	2026	PD	SCHNEIDER: PROYECTO DE DECLARACIÓN QUE EXPRESA BENEPLACITO POR LA CONMEMORACION DEL 138 ANIVERSARIO DE LAGUNA BLANCA, LOC. DE LA PROV. DEL CHACO, EL 14 DE JULIO.	50/2026	02/07/2026 -	SCHNEIDER, SILVANA LORENA -	DE ASUNTOS ADMINISTRATIVOS Y MUNICIPALES				
S	1168	2026	PD	SCHNEIDER: PROYECTO DE DECLARACIÓN QUE EXPRESA BENEPLACITO POR LA CONMEMORACION DEL 105 ANIVERSARIO DE LAS BREÑAS, LOC. DE LA PROV. DEL CHACO, EL 11 DE JULIO.	50/2026	02/07/2026 -	SCHNEIDER, SILVANA LORENA -	DE ASUNTOS ADMINISTRATIVOS Y MUNICIPALES				
S	1167	2026	PD	SCHNEIDER: PROYECTO DE DECLARACIÓN QUE EXPRESA BENEPLACITO POR LA CONMEMORACION DEL 105 ANIVERSARIO DE AVIA TERAI, LOC. DE LA PROV. DEL CHACO, EL 11 DE JULIO.	50/2026	02/07/2026 -	SCHNEIDER, SILVANA LORENA -	DE ASUNTOS ADMINISTRATIVOS Y MUNICIPALES				
S	1166	2026	PD	MOISES Y OTROS: PROYECTO DE DECLARACIÓN QUE DECLARA DE INTERÉS LAS ACTIVIDADES CONMEMORATIVAS EN UN NUEVO ANIVERSARIO DEL EXODO JUJEÑO.	50/2026	02/07/2026 -	MOISES, MARÍA CAROLINA - MENDOZA, SANDRA MARIELA - ANDRADA, GUILLERMO EDUARDO -	DE EDUCACIÓN Y CULTURA				
S	1165	2026	PD	"MOISES Y OTROS: PROYECTO DE DECLARACIÓN QUE DECLARA DE INTERÉS LA CONMEMORACION DEL 190° ANIVERSARIO DEL NATALICIO DE DOÑA JOSEFA DOMINGA ""PEPA"" BALCARCE Y SAN MARTIN, EL 14 DE JULIO DE 2026."	50/2026	02/07/2026 -	MOISES, MARÍA CAROLINA - MENDOZA, SANDRA MARIELA - ANDRADA, GUILLERMO EDUARDO -	DE EDUCACIÓN Y CULTURA				
S	1164	2026	PL	OROZCO Y GUZMÁN CORAITA: PROYECTO DE LEY QUE CREA EL SISTEMA NACIONAL DE PROTECCIÓN REFORZADA DE LAS ESCUELAS CONTRA LA DROGA.	50/2026	01/07/2026 -	OROZCO, MARÍA EMILIA - GUZMÁN CORAITA, GONZALO -	DE SEGURIDAD INTERIOR Y NARCOTRÁFICO	DE EDUCACIÓN Y CULTURA	DE PRESUPUESTO Y HACIENDA		
S	1163	2026	PL	"OROZCO Y GUZMÁN CORAITA: PROYECTO DE LEY QUE CREA EL PLAN PLURIANUAL ""ESCUDO TECNOLÓGICO EN FRONTERAS ARGENTINAS""."	50/2026	01/07/2026 -	OROZCO, MARÍA EMILIA - GUZMÁN CORAITA, GONZALO -	DE SEGURIDAD INTERIOR Y NARCOTRÁFICO	DE ASUNTOS CONSTITUCIONALES	DE PRESUPUESTO Y HACIENDA		
S	1162	2026	PL	OROZCO Y GUZMÁN CORAITA: PROYECTO DE LEY QUE MODIFICA EL ART. 140 DE SU SIMILAR 17.285 -CÓDIGO AERONÁUTICO-, RESPECTO DE LA RESPONSABILIDAD DEL TRANSPORTADOR POR DAÑOS CAUSADOS A PASAJEROS, ANIMALES DE COMPAÑÍA, EQUIPAJES O MERCANCÍAS TRANSPORTADOS.	50/2026	01/07/2026 -	OROZCO, MARÍA EMILIA - GUZMÁN CORAITA, GONZALO -	DE LEGISLACIÓN GENERAL	DE INFRAESTRUCTURA, VIVIENDA Y TRANSPORTE			
S	1161	2026	PD	OROZCO Y GUZMÁN CORAITA: PROYECTO DE DECLARACIÓN QUE RECONOCE LA TAREA QUE DESARROLLAN LOS CANES DE LA ARMADA ARGENTINA, QUE FORMAN PARTE DE LOS BINOMIOS DE BUSQUEDA Y RESCATE ENVIADOS A LA REPÚBLICA BOLIVARIANA DE VENEZUELA.	50/2026	01/07/2026 -	OROZCO, MARÍA EMILIA - GUZMÁN CORAITA, GONZALO -	DE DEFENSA NACIONAL				
S	1160	2026	PC	LINARES: PROYECTO DE COMUNICACION QUE SOLICITA INFORME SOBRE EL ESTADO DE CONSERVACION EDILICIA DEL COMPLEJO RAMSAY Y OTRAS CUESTIONES CONEXAS.	50/2026	01/07/2026 -	LINARES, CARLOS ALBERTO -	DE SALUD				
S	1159	2026	PC	CAPITANICH: PROYECTO DE COMUNICACIÓN QUE SOLICITA INFORME SOBRE LAS METODOLOGÍAS PARA TASAR BIENES DEL ESTADO EN EL MARCO DE FUTURAS VENTAS O CONCESIONES DE FIRMAS.	50/2026	01/07/2026 -	CAPITANICH, JORGE MILTON -	DE ECONOMÍA NACIONAL E INVERSIÓN				
S	1158	2026	PL	"VALENZUELA: PROYECTO DE LEY QUE DECLARA FIESTA NACIONAL AL ""FESTIVAL DEL LOCRO CORRENTINO"", EN LA CDAD. DE CURUZU CUATIA, PROV. DE CORRIENTES."	50/2026	01/07/2026 -	VALENZUELA, MERCEDES GABRIELA -	DE EDUCACIÓN Y CULTURA	DE TURISMO			
S	1157	2026	PD	CAPITANICH Y MARKS: PROYECTO DE DECLARACION QUE EXPRESA PREOCUPACION ANTE LAS DESVINCULACIONES DE TRABAJADORES EN LA COMISION NACIONAL DE ENERGIA ATOMICA (CNEA).	50/2026	01/07/2026 -	CAPITANICH, JORGE MILTON - MARKS, ANA INÉS -	DE TRABAJO Y PREVISIÓN SOCIAL				
S	1156	2026	PL	CAPITANICH: PROYECTO DE LEY DE TRANSPARENCIA, TRAZABILIDAD, MEMORIA INSTITUCIONAL Y CONTINUIDAD DE LAS POLITICAS PUBLICAS.	49/2026	01/07/2026 -	CAPITANICH, JORGE MILTON -	DE ASUNTOS CONSTITUCIONALES	DE SISTEMAS, MEDIOS DE COMUNICACIÓN Y LIBERTAD DE EXPRESIÓN	DE LEGISLACIÓN GENERAL		
S	1155	2026	PD	ATAUCHE: PROYECTO DE DECLARACION QUE ADHIERE AL DIA INTERNACIONAL DE LA LUCHA CONTRA EL CANCER DE MAMA, EL 19 DE OCTUBRE DE CADA AÑO.	49/2026	01/07/2026 -	ATAUCHE, EZEQUIEL -	DE SALUD				
S	1154	2026	PD	ATAUCHE: PROYECTO DE DECLARACIÓN QUE DECLARA DE INTERES EL NUEVO ANIVERSARIO DEL EXODO JUJEÑO, EL 23 DE AGOSTO DE 2026.	49/2026	01/07/2026 -	ATAUCHE, EZEQUIEL -	DE EDUCACIÓN Y CULTURA				
S	1153	2026	PD	"ATAUCHE: PROYECTO DE DECLARACIÓN QUE DECLARA DE INTERÉS LA ""FIESTA PROVINCIAL Y NACIONAL DE LA TRADICIÓN"", A REALIZARSE EN LA PROV. DE JUJUY, ENTRE EL 9 Y EL 16 DE NOVIEMBRE DE 2026."	49/2026	01/07/2026 -	ATAUCHE, EZEQUIEL -	DE EDUCACIÓN Y CULTURA				
S	1152	2026	PD	"ATAUCHE: PROYECTO DE DECLARACIÓN QUE EXPRESA BENEPLACITO POR LA CONMEMORACION DE UN NUEVO ANIVERSARIO DEL ""DIA DE LA INMACULADA CONCEPCION DE LA VIRGEN MARIA"", EL 8 DE DICIEMBRE DE 2026."	49/2026	01/07/2026 -	ATAUCHE, EZEQUIEL -	DE EDUCACIÓN Y CULTURA				
S	1151	2026	PD	ATAUCHE: PROYECTO DE DECLARACIÓN QUE EXPRESA BENEPLACITO POR LA CONMEMORACION DEL 192° ANIVERSARIO DE LA DECLARACION DE LA AUTONOMIA POLITICA DE JUJUY, EL 18 DE NOVIEMBRE DE 2026.	49/2026	01/07/2026 -	ATAUCHE, EZEQUIEL -	DE EDUCACIÓN Y CULTURA				
S	1150	2026	PD	ATAUCHE: PROYECTO DE DECLARACIÓN QUE ADHIERE AL DIA MUNDIAL CONTRA LA TRATA DE PERSONAS, A CELEBRARSE TODOS LOS 30 DE JULIO DE CADA AÑO.	49/2026	01/07/2026 -	ATAUCHE, EZEQUIEL -	DE DERECHOS Y GARANTÍAS				
S	1149	2026	PD	ATAUCHE: PROYECTO DE DECLARACIÓN QUE ADHIERE A LA CONMEMORACION DEL DIA MUNDIAL EN RECUERDO DE LAS VICTIMAS DE ACCIDENTE DE TRAFICO, EL 15 DE NOVIEMBRE DE 2026.	49/2026	01/07/2026 -	ATAUCHE, EZEQUIEL -	DE INFRAESTRUCTURA, VIVIENDA Y TRANSPORTE				
S	1148	2026	PD	"ATAUCHE: PROYECTO DE DECLARACIÓN QUE DECLARA DE INTERES EL PROGRAMA RADIAL ""VIAJANDO POR ARGENTINA""."	49/2026	01/07/2026 -	ATAUCHE, EZEQUIEL -	DE SISTEMAS, MEDIOS DE COMUNICACIÓN Y LIBERTAD DE EXPRESIÓN				
S	1147	2026	PD	"ATAUCHE: PROYECTO DE DECLARACIÓN QUE DECLARA DE INTERES LA ""FIESTA PATRONAL EN HONOR A NUESTRA SEÑORA DEL ROSARIO DE RIO BLANCO Y PAYPAYA"", A REALIZARSE EN LA LOC. DE RIO BLANCO, PROV. DE JUJUY, TODOS LOS DOMINGOS A PARTIR DEL 7 DE OCTUBRE DE CADA AÑO."	49/2026	01/07/2026 -	ATAUCHE, EZEQUIEL -	DE EDUCACIÓN Y CULTURA				
S	1146	2026	PD	"ATAUCHE: PROYECTO DE DECLARACION QUE ADHIERE AL ""DIA INTERNACIONAL EN CONMMEMORACION Y HOMENAJE A LAS VICTIMAS DE TERRORISMO"" EL 21 DE AGOSTO DE CADA AÑO."	49/2026	01/07/2026 -	ATAUCHE, EZEQUIEL -	DE DERECHOS Y GARANTÍAS				
S	1145	2026	PD	"ATAUCHE: PROYECTO DE DECLARACIÓN QUE DECLARA DE INTERES ""LA CEREMONIA DEL DESENTIERRO DEL CARNAVAL"", QUE SE LLEVA A CABO EN LA PROV. DE JUJUY, EN EL MES DE FEBRERO DE CADA AÑO."	49/2026	01/07/2026 -	ATAUCHE, EZEQUIEL -	DE EDUCACIÓN Y CULTURA				
S	1144	2026	PL	ATAUCHE: PROYECTO DE LEY QUE DECLARA HEROE NACIONAL POST MORTEM AL GENERAL MANUEL EDUARDO ARIAS, EN RECONOCIMIENTO A SU ACCIONAR EN LAS GUERRAS POR LA INDEPENDENCIA	49/2026	01/07/2026 -	ATAUCHE, EZEQUIEL -	DE DEFENSA NACIONAL				
S	1143	2026	PL	ATAUCHE: PROYECTO DE LEY QUE INCORPORA EL INC. C AL ART. 44 DE SU SIMILAR 25.300 - FOMENTO PARA LA MICRO, PEQUEÑA Y MEDIANA EMPRESA -, RESPECTO A LA INTEGRACION DEL CONSEJO FEDERAL.	49/2026	01/07/2026 -	ATAUCHE, EZEQUIEL -	DE ECONOMÍAS REGIONALES, ECONOMÍA SOCIAL, MICRO, PEQUEÑA Y MEDIANA EMPRESA				
S	1142	2026	PL	ROJAS DECUT Y ARCE: PROYECTO DE LEY QUE CREA EL PROGRAMA NACIONAL DE DESARROLLO SOCIOEMOCIONAL.	49/2026	01/07/2026 -	ROJAS DECUT, SONIA ELIZABETH - ARCE, CARLOS OMAR -	DE EDUCACIÓN Y CULTURA	DE POBLACIÓN Y DESARROLLO  HUMANO			
S	1141	2026	PD	CAPITANICH: PROYECTO DE DECLARACION QUE DECLARA DE INTERES EL 105° ANIVERSARIO DE LA LOC. DE CAMPO LARGO, PROV. DEL CHACO, EL 11 DE JULIO DE 2026.	49/2026	01/07/2026 -	CAPITANICH, JORGE MILTON -	DE ASUNTOS ADMINISTRATIVOS Y MUNICIPALES				
S	1140	2026	PL	MOISÉS Y OTROS: PROYECTO DE LEY QUE ESTABLECE NUEVO ESTATUTO DE PERIODISTA PROFESIONAL Y DEL PERSONAL ADMINISTRATIVO DE EMPRESAS PERIODÍSTICAS.	49/2026	30/06/2026 -	MOISES, MARÍA CAROLINA - MENDOZA, SANDRA MARIELA - LINARES, CARLOS ALBERTO - ANDRADA, GUILLERMO EDUARDO - GIMÉNEZ NAVARRO, MARÍA CELESTE - FERNÁNDEZ SAGASTI, ANABEL - MORENO, ELIA ESTHER DEL CARMEN - MAYANS, JOSÉ MIGUEL ÁNGEL - SALINO, FERNANDO ALDO - CAPITANICH, JORGE MILTON - LÓPEZ, CÁNDIDA CRISTINA - AVILA, BEATRIZ LUISA - REJAL, JESÚS FERNANDO - SORIA, MARTIN IGNACIO - BENSUSÁN, DANIEL PABLO - LEWANDOWSKI, MARCELO NÉSTOR - RECALDE, MARIANO -	DE TRABAJO Y PREVISIÓN SOCIAL	DE SISTEMAS, MEDIOS DE COMUNICACIÓN Y LIBERTAD DE EXPRESIÓN			
S	1139	2026	PC	"KIRCHNER: PROYECTO DE COMUNICACIÓN QUE SOLICITA INFORME SOBRE LA ADHESIÓN DE LA REPÚBLICA ARGENTINA A LA INICIATIVA INTERNACIONAL ""PAX SILICA"" Y LA SUSCRIPCIÓN DE LA DECLARACIÓN CONJUNTA SOBRE LA ASOCIACIÓN PARA LAS OPORTUNIDADES DE LA INTELIGENCIA ARTIFICIAL (JOINT STATEMENT ON AL OPPORTUNITY"	49/2026	30/06/2026 -	KIRCHNER, ALICIA MARGARITA ANTONIA -	DE RELACIONES EXTERIORES Y CULTO				
S	1138	2026	PC	KIRCHNER: PROYECTO DE COMUNICACIÓN QUE SOLICITA INFORME SOBRE LA AGENDA OFICIAL POR LA VISITA A NUESTRO PAIS DEL SR. PETER THIEL, COFUNDADOR DE PAYPAL, Y OTRAS CUESTIONES CONEXAS.	48/2026	30/06/2026 -	KIRCHNER, ALICIA MARGARITA ANTONIA -	DE RELACIONES EXTERIORES Y CULTO				
S	1137	2026	PD	MENDOZA: PROYECTO DE DECLARACIÓN QUE EXPRESA BENEPLÁCITO POR UN NUEVO ANIVERSARIO DE LA MUNICIPALIZACIÓN DE LA CIUDAD DE TRANCAS, PROV. DE TUCUMÁN, EL 20 DE ABRIL DE 2026.	48/2026	30/06/2026 -	MENDOZA, SANDRA MARIELA -	DE ASUNTOS ADMINISTRATIVOS Y MUNICIPALES				
S	1136	2026	PD	MENDOZA: PROYECTO DE DECLARACIÓN QUE EXPRESA BENEPLÁCITO Y ADHIERE A LAS CELEBRACIONES POR EL ANIVERSARIO DE LA MUNICIPALIZACIÓN DE LA BANDA DEL RÍO SALÍ, DEPTO. CRUZ ALTA, PROV. DE TUCUMÁN, EL 4 DE JULIO DE CADA AÑO	48/2026	30/06/2026 -	MENDOZA, SANDRA MARIELA -	DE ASUNTOS ADMINISTRATIVOS Y MUNICIPALES				
S	1135	2026	PD	"ROJAS DECUT Y ARCE: PROYECTO DE DECLARACIÓN QUE DECLARA DE INTERÉS LA 10° EDICION DE ""ODA AL VINO"", EN PUERTO IGUAZU, PROV. DE MISIONES, EL 4 Y 5 DE SEPTIEMBRE DE 2026."	48/2026	30/06/2026 -	ROJAS DECUT, SONIA ELIZABETH - ARCE, CARLOS OMAR -	DE TURISMO				
S	1134	2026	PL	ABAD: PROYECTO DE LEY QUE TRANSFIERE A TITULO GRATUITO A FAVOR DE LA MUNIC. DE GRAL. PUEYRREDON, PROV. DE BS.AS., EL DOMINIO DE DIVERSAS PARCELAS, CUYA PROPIEDAD ES DEL ESTADO NACIONAL, UBICADAS EN LA CDAD. DE MAR DEL PLATA.	48/2026	30/06/2026 -	ABAD, MAXIMILIANO -	DE ASUNTOS ADMINISTRATIVOS Y MUNICIPALES				
S	1133	2026	PL	RECALDE Y LOPEZ FLORENCIA: PROYECTO DE LEY SOBRE LA HOMOLOGACION DE CONVENCIONES O ACUERDOS COLECTIVOS DE TRABAJO.	48/2026	30/06/2026 -	RECALDE, MARIANO - LÓPEZ, MARÍA FLORENCIA -	DE TRABAJO Y PREVISIÓN SOCIAL				
OV	291	2026	CV	CONCEJO DELIBERANTE DE GENERAL RODRIGUEZ, PCIA. DE BS. AS: REMITE COPIA DE RESOLUCIÓN N° 1356 POR LA QUE SOLICITA LA REVISIÓN DE LAS ACTUACIONES JUDICIALES VINCULADAS A LA EXPRESIDENTA CRISTINA FERNANDEZ DE KIRCHNER, EN RESGUARDO DE LAS GARANTIAS CONSTITUCIONALES DEL DEBIDO PROCESO Y LA DEFENSA E		02/07/2026 -						
S	1185	2026	PD	CAPITANICH: PROYECTO DE DECLARACIÓN QUE DECLARA DE INTERÉS EL  105° ANIVERSARIO DE LA LOCALIDAD DE MACHAGAI, PROV. DEL CHACO A CONMEMORARSE EL 11 DE JULIO DE 2026.		06/07/2026 -	CAPITANICH, JORGE MILTON -	DE ASUNTOS ADMINISTRATIVOS Y MUNICIPALES				
S	1184	2026	PD	LEWANDOWSKI: PROYECTO DE DECLARACIÓN QUE DECLARA DE INTERÉS EL CONGRESO INTERNACIONAL DE COOPERATIVAS Y MUTUALES (CICM) 2026, A REALIZARSE EN LA ESTACIÓN FLUVIAL DE LA CDAD. DE ROSARIO, PROV. DE SANTA FE, EL 25 DE JULIO DE 2026.		06/07/2026 -	LEWANDOWSKI, MARCELO NÉSTOR -	DE ECONOMÍAS REGIONALES, ECONOMÍA SOCIAL, MICRO, PEQUEÑA Y MEDIANA EMPRESA				
S	1183	2026	PD	SCHNEIDER: PROYECTO DE DECLARACION QUE EXPRESA BENEPLACITO POR LA CONMEMORACION DEL 105° ANIVERSARIO DE MACHAGAI, LOC. DE LA PROV. DEL CHACO, EL 11 DE JULIO DE 2026.		06/07/2026 -	SCHNEIDER, SILVANA LORENA -	DE ASUNTOS ADMINISTRATIVOS Y MUNICIPALES				
S	1182	2026	PD	SCHNEIDER: PROYECTO DE DECLARACION QUE EXPRESA BENEPLACITO POR LA CONMEMORACION DEL 91° ANIVERSARIO DE MAKALLE, LOC. DE LA PROV. DEL CHACO, EL 13 DE JULIO DE 2026.		06/07/2026 -	SCHNEIDER, SILVANA LORENA -	DE ASUNTOS ADMINISTRATIVOS Y MUNICIPALES				
S	1181	2026	PD	SCHNEIDER: PROYECTO DE DECLARACION QUE EXPRESA BENEPLACITO POR LA CONMEMORACION DEL 105° ANIVERSARIO DE PRESIDENCIA DE LA PLAZA, LOC. DE LA PROV. DEL CHACO, EL 11 DE JULIO DE 2026.		06/07/2026 -	SCHNEIDER, SILVANA LORENA -	DE ASUNTOS ADMINISTRATIVOS Y MUNICIPALES				
S	1180	2026	PD	SCHNEIDER: PROYECTO DE DECLARACION QUE EXPRESA BENEPLACITO POR LA CONMEMORACION DEL 105° ANIVERSARIO DE CAMPO LARGO, LOC. DE LA PROV. DEL CHACO, EL 11 DE JULIO DE 2026	51/2026	06/07/2026 -	SCHNEIDER, SILVANA LORENA -	DE ASUNTOS ADMINISTRATIVOS Y MUNICIPALES				
S	1179	2026	PD	FULLONE: PROYECTO DE DECLARACION QUE DECLARA DE INTERES EL 147° ANIVERSARIO DE LA CDAD. DE CHOELE CHOEL, PROV. DE RIO NEGRO, EL 9 DE JULIO DE 2026.	51/2026	06/07/2026 -	FULLONE, ENZO PAOLO -	DE ASUNTOS ADMINISTRATIVOS Y MUNICIPALES				
S	1178	2026	PD	CAPITANICH: PROYECTO DE DECLARACIÓN QUE DECLARA DE INTERES EL 105° ANIVERSARIO DE LA LOC. DE CORZUELA, PROV. DEL CHACO, EL 11 DE JULIO DE 2026.	51/2026	06/07/2026 -	CAPITANICH, JORGE MILTON -	DE ASUNTOS ADMINISTRATIVOS Y MUNICIPALES				
S	1177	2026	PD	CAPITANICH: PROYECTO DE DECLARACIÓN QUE DECLARA DE INTERES EL 105° ANIVERSARIO DE LA LOC. DE AVIA TERAI, PROV. DEL CHACO, EL 11 DE JULIO DE 2026.	51/2026	06/07/2026 -	CAPITANICH, JORGE MILTON -	DE ASUNTOS ADMINISTRATIVOS Y MUNICIPALES				
S	1176	2026	PL	CAPITANICH: PROYECTO DE LEY QUE MODIFICA SU SIMILAR 27.642 - PROMOCION DE ALIMENTACION SALUDABLE - RESPECTO DE FORTALECER EL REGIMEN DEL ETIQUETADO Y RESTITUIR EL CRITERIO DE COMPUTO DE NUTRIENTES TOTALES.	51/2026	06/07/2026 -	CAPITANICH, JORGE MILTON -	DE SALUD	DE INDUSTRIA Y COMERCIO			
OV	294	2026	CV	"CONCEJO DELIBERANTE DE VILLARINO, PROV. DE BS.AS.:  DECLARA DE INTERES NACIONAL EL PROYECTO ""LURO LATE SEGURO"" PRESENTADO POR EL ROTARY CLUB BICENTENARIO SEGUNDO DE PEDRO LURO."		06/07/2026 -						
OV	293	2026	CV	CONCEJO DELIBERANTE DE BOLIVAR, PROV. DE BS.AS.: REPUDIA LAS DECLARACIONES DEL JEFE DE GABINETE DE MINISTROS DE LA NACION, MANUEL ADORNI, QUE RECONOCIO HABER MANTENIDO AHORROS NO DECLARADOS Y OMITIR INFORMACION EN SUS DDJJ.		06/07/2026 -						
OV	292	2026	CV	CONCEJO DELIBERANTE DE BOLIVAR, PROV. DE BS.AS.: EXPRESA PREOCUPACION POR DEROGACION DE LOS ARTS. 2°, 4°, 5, 6°, 7° Y 8° DE LA LEY N° 27.637 (REGIMEN DE ZONA FRIA).		06/07/2026 -						
PE	233	2026	AC	MENSAJE N° 218/26 QUE SOLICITA ACUERDO PARA DESIGNAR JUEZ DE CAMARA DEL TRIBUNAL ORAL EN LO CRIMINAL FEDERAL N° 6 DE LA CAPITAL FEDERAL, AL DR. RAMIRO VELASCO.	24/2026	13/07/2026 -		DE ACUERDOS				
PE	232	2026	AC	MENSAJE N° 217/26 QUE SOLICITA ACUERDO PARA DESIGNAR JUEZA DE CAMARA DEL TRIBUNAL ORAL EN LO CRIMINAL FEDERAL N° 4 DE LA CAPITAL FEDERAL, A LA DRA. VALERIA ALEJANDRA RICO.	24/2026	13/07/2026 -		DE ACUERDOS				
PE	231	2026	AC	MENSAJE N° 216/26 QUE SOLICITA ACUERDO PARA DESIGNAR VOCAL DE LA CAMARA NACIONAL DE APELACIONES EN LO CRIMINAL Y CORRECCIONAL FEDERAL DE LA CAPITAL FEDERAL, SALA I, AL DR. PABLO YADAROLA.	24/2026	13/07/2026 -		DE ACUERDOS				
PE	230	2026	AC	MENSAJE N° 215/26 QUE SOLICITA ACUERDO PARA DESIGNAR JUEZ DEL JUZGADO NACIONAL DE PRIMERA INSTANCIA EN LO CIVIL N° 26 DE LA CAPITAL FEDERAL, AL DR. SERGIO BUITRAGO.	24/2026	13/07/2026 -		DE ACUERDOS				
PE	229	2026	AC	MENSAJE N° 214/26 QUE SOLICITA ACUERDO PARA DESIGNAR VOCAL DE LA CAMARA NACIONAL DE APELACIONES EN LO CRIMINAL Y CORRECCIONAL FEDERAL DE LA CAPITAL FEDERAL, SALA I, AL DR. PABLO DANIEL BERTUZZI.	24/2026	13/07/2026 -		DE ACUERDOS				
PE	228	2026	AC	MENSAJE N° 213/26 QUE SOLICITA ACUERDO PARA DESIGNAR JUEZ DE CAMARA DEL TRIBUNAL ORAL EN LO CRIMINAL FEDERAL N° 6 DE LA CAPITAL FEDERAL, AL DR. SANTIAGO JUAN SCHIOPETTO.	24/2026	13/07/2026 -		DE ACUERDOS				
